"","X","Y","Tree_loss","Pop_densit","Dist_sett","Slope","Elevation","Annual_Rai","Dist_track","Dist_road","Dist_river","Dist_edge","Dist_defor","treated"
"1",896055,7962765,0,0.38538184762,4044.21801758,12.6466693878,646,2008,810,16143.3730469,1556.53466797,499,540.832702637,1
"2",896205,7962765,0,0.365691244602,4164.27685547,18.0235271454,681,1936,960,16123.4296875,1690.9465332,430,474.341644287,1
"3",901455,7962765,0,0.0898779481649,2289.65063477,17.5283699036,818,1902,1608.01123047,15577.3974609,3144.28051758,421,848.528137207,1
"4",901605,7962765,0,0.0867433324456,2280.78930664,7.97323322296,800,1938,1637.1315918,15582.7402344,3107.57128906,457,900.49987793,1
"5",901755,7962765,0,0.0891429185867,2281.77563477,10.07396698,794,1938,1679.19628906,15589.5253906,3077.74267578,391,774.209289551,1
"6",901905,7962765,0,0.0853215381503,2292.59667969,13.0080003738,781,1938,1733.26281738,15597.75,3054.99584961,335,657.95135498,1
"7",902055,7962765,0,0.0862118750811,2313.11474609,11.6301050186,773,1938,1797.99890137,15607.4121094,3039.48999023,330,558.032287598,1
"8",895905,7962615,0,0.396324306726,4021.90258789,25.7191028595,622,2008,676.830871582,16016.3193359,1355.65478516,612,729.931518555,1
"9",896055,7962615,0,0.39212167263,4137.17285156,6.91817474365,665,2008,823.771789551,15994.8115234,1493.08410645,631,670.820373535,1
"10",896205,7962615,0,0.370208323002,4254.609375,16.6321544647,697,1936,971.648071289,15974.6826172,1632.7277832,569,618.465820313,1
"11",896355,7962615,0,0.357202291489,4335.49316406,17.9653530121,739,1936,1120.0892334,15955.9394531,1774.06311035,541,600,1
"12",896505,7962615,10,0.333638995886,4212.83740234,19.8367919922,727,1936,1268.8972168,15938.5849609,1916.71594238,553,606.712463379,1
"13",901005,7962615,0,0.0902146920562,2518.03491211,11.5463113785,841,1902,1740,15420.0292969,3155.70922852,390,390,1
"14",901155,7962615,0,0.0897562876344,2482.94189453,18.3595504761,873,1902,1740,15421.0507813,3097.41821289,511,540,1
"15",901305,7962615,0,0.0857261717319,2456.52197266,23.0611362457,874,1902,1742.3260498,15423.5302734,3045.40649414,518,690,1
"16",901455,7962615,0,0.0834444910288,2439.05712891,16.1687412262,857,1902,1756.47375488,15427.46875,3000,564,840,1
"17",901605,7962615,0,0.0838005319238,2430.74072266,24.3959789276,843,1938,1783.17138672,15432.8642578,2961.50292969,598,984.073181152,1
"18",901755,7962615,0,0.0839102193713,2431.66601563,17.8678607941,817,1938,1821.8671875,15439.7148438,2930.18774414,524,870,1
"19",901905,7962615,0,0.0856580510736,2441.82299805,12.3688821793,803,1938,1871.81726074,15448.0195313,2906.28637695,484,768.374938965,1
"20",902055,7962615,0,0.0874751359224,2461.09741211,5.74984931946,793,1938,1932.14904785,15457.7744141,2889.98266602,480,684.762756348,1
"21",902205,7962615,0,0.0863727629185,2489.27709961,6.18292999268,784,1938,1999.44995117,15468.9785156,2881.40600586,503,603.738342285,1
"22",902355,7962615,0,0.0934158936143,2526.06420898,12.0170354843,780,1938,2073.4753418,15481.6279297,2880.625,417,474.341644287,1
"23",902505,7962615,0,0.0943950116634,2571.08935547,10.8601112366,794,1967,2150.8137207,15495.71875,2887.64599609,319,361.247833252,1
"24",902655,7962615,0,0.0931455120444,2623.9284668,10.39935112,830,1967,2221.21582031,15511.2470703,2902.4128418,247,284.604980469,1
"25",902805,7962615,0,0.0943253561854,2675.5559082,21.229259491,801,1967,2268.32543945,15528.2099609,2924.80761719,242,270,1
"26",895905,7962465,0,0.393617302179,4120.82519531,30.1287155151,605,2008,713.09185791,15867.9863281,1299.73071289,711,816.088256836,1
"27",896055,7962465,0,0.372431576252,4233.40283203,21.7778091431,671,2008,859.069274902,15846.2773438,1442.49780273,765,807.774719238,1
"28",896205,7962465,0,0.352171003819,4348.24121094,17.6623191833,709,1936,1005.78326416,15825.9599609,1586.60009766,713,764.852905273,1
"29",896355,7962465,0,0.162020862103,4422.32958984,16.7538890839,766,1936,1149.8260498,15807.0400391,1731.7043457,691,750,1
"30",896505,7962465,10,0.156060189009,4302.15039063,17.0831432343,748,1936,1295.2220459,15789.5214844,1877.57824707,700,755.38067627,1
"31",896655,7962465,0,0.147914648056,4183.89746094,7.14066934586,728,1936,1441.56164551,15773.4111328,2024.05529785,741,787.464294434,1
"32",896805,7962465,0,0.149033799767,4067.73901367,16.5185661316,763,1936,1588.58422852,15758.7119141,2171.01367188,808,845.340148926,1
"33",896955,7962465,0,0.148907408118,3953.85888672,9.97026157379,796,1936,1736.11633301,15745.4277344,2318.36157227,895,924.175292969,1
"34",897105,7962465,0,0.147074565291,3842.46020508,19.7805690765,817,1914,1884.03820801,15733.5625,2466.02929688,872,1019.11724854,1
"35",900555,7962465,0,0.100662603974,2684.95800781,11.9946594238,768,1902,1890,15274.2431641,3237.36010742,124,123.69316864,1
"36",900705,7962465,0,0.0986529961228,2724.05957031,16.4846096039,813,1902,1890,15271.4443359,3159.27197266,150,150,1
"37",900855,7962465,0,0.0940731465816,2704.16357422,17.7668743134,845,1902,1890,15270.1181641,3086.50292969,268,268.328155518,1
"38",901005,7962465,0,0.088820554316,2663.08081055,17.6878223419,881,1902,1890,15270.0292969,3019.43701172,408,408.044128418,1
"39",901155,7962465,0,0.0868135243654,2629.92407227,18.1747627258,897,1902,1890,15271.0605469,2958.46240234,553,553.172668457,1
"40",901305,7962465,0,0.0826631635427,2604.99511719,18.0262908936,917,1902,1892.14160156,15273.5654297,2903.96289063,666,700.357055664,1
"41",901455,7962465,0,0.0805794671178,2588.5324707,20.2126331329,901,1902,1905.17712402,15277.5419922,2856.30883789,702,848.528137207,1
"42",901605,7962465,0,0.0807612538338,2580.69750977,25.5759983063,895,1938,1929.81860352,15282.9902344,2815.84790039,726,997.24621582,1
"43",901755,7962465,0,0.0869010984898,2581.56933594,11.009016037,857,1938,1965.62963867,15289.9082031,2782.89428711,664,979.489685059,1
"44",901905,7962465,0,0.0887463390827,2591.13867188,14.0212545395,821,1938,2012.01391602,15298.2939453,2757.71655273,633,890.44934082,1
"45",902055,7962465,0,0.0888827890158,2609.31030273,7.72540521622,812,1938,2068.26025391,15308.1445313,2740.52905273,630,807.774719238,1
"46",902205,7962465,0,0.08949033916,2635.90600586,9.74803256989,797,1938,2133.37768555,15319.4580078,2731.4831543,624,684.105224609,1
"47",902355,7962465,0,0.0903170183301,2670.67407227,10.724155426,799,1938,2202.90722656,15332.2304688,2730.65917969,531,573.149169922,1
"48",902505,7962465,0,0.0903282016516,2713.30053711,10.0522298813,816,1967,2280.19726563,15346.4589844,2738.06494141,443,483.735473633,1
"49",902655,7962465,0,0.0894074216485,2737.07861328,19.2316970825,860,1967,2356.48046875,15362.1386719,2753.6340332,395,429.534637451,1
"50",902805,7962465,0,0.0888666510582,2603.09423828,28.5137672424,849,1967,2409.73022461,15379.265625,2777.22875977,391,416.77331543,1
"51",902955,7962465,0,0.0953700840473,2470.95117188,14.8895568848,792,1967,2462.37695313,15397.8339844,2808.64746094,297,296.984863281,1
"52",895755,7962315,0,0.395360141993,4115.36132813,18.4349498749,570,2008,630.713867188,15742.9980469,1113.23852539,601,636.396118164,1
"53",895905,7962315,0,0.38061350584,4222.75976563,28.4002799988,642,2008,764.852905273,15719.6855469,1259.28552246,751,785.175109863,1
"54",896055,7962315,0,0.366757035255,4332.68945313,25.3495197296,699,2008,902.496520996,15697.7705078,1406.16503906,900,934.344665527,1
"55",896205,7962315,0,0.158668547869,4444.96337891,21.3423137665,741,1936,1043.55163574,15677.2607422,1553.64086914,859,912.414367676,1
"56",896355,7962315,0,0.161454126239,4512.48291016,19.6896743774,761,1936,1186.80236816,15658.1611328,1701.55810547,841,900,1
"57",896505,7962315,0,0.156431734562,4394.76953125,13.5859909058,770,1936,1331.54040527,15640.4765625,1849.81079102,849,904.488830566,1
"58",896655,7962315,0,0.143217220902,4279.07714844,16.7599468231,766,1936,1477.32861328,15624.2119141,1998.32434082,882,931.450500488,1
"59",896805,7962315,0,0.137743249536,4165.57324219,17.9013633728,773,1936,1623.60705566,15609.3720703,2147.04443359,939,980.866943359,1
"60",896955,7962315,0,0.140289619565,4054.44189453,13.0080003738,800,1936,1768.21948242,15595.9609375,2295.93115234,1015,1049.57128906,1
"61",897105,7962315,0,0.135642185807,3945.8840332,9.93726921082,835,1914,1913.66137695,15583.9824219,2444.95410156,1008,1134.06347656,1
"62",897255,7962315,0,0.130987226963,3840.1171875,8.76725196838,864,1914,2059.75732422,15556.6708984,2594.08935547,960,1149.8260498,1
"63",897405,7962315,0,0.124214030802,3737.37866211,18.7036781311,846,1914,2206.37719727,15522.0644531,2743.3190918,934,1001.2991333,1
"64",897555,7962315,0,0.121088184416,3637.92529297,13.6403112411,851,1914,2353.4230957,15488.8349609,2892.62866211,853,853.287780762,1
"65",897705,7962315,0,0.120547533035,3542.03320313,23.9196529388,889,1914,2500.81982422,15456.9882813,3042.00585938,706,706.116149902,1
"66",897855,7962315,0,0.122690632939,3450,22.1783885956,950,1914,2648.5090332,15426.5351563,3191.44165039,560,560.446228027,1
"67",898005,7962315,0,0.124474540353,3362.14208984,32.7515983582,921,1914,2796.4440918,15397.4833984,3340.92797852,418,417.851654053,1
"68",898155,7962315,0,0.123770296574,3278.79541016,27.9909706116,850,1951,2790.64501953,15369.8408203,3490.45849609,283,283.019439697,1
"69",898305,7962315,0,0.123981408775,3200.3125,18.6084690094,795,1951,2723.5637207,15343.6142578,3640.02758789,175,174.92855835,1
"70",898455,7962315,0,0.125396862626,3127.05932617,2.45639467239,764,1951,2659.19165039,15318.8115234,3789.63061523,120,120,1
"71",898605,7962315,0,0.133427217603,3059.41162109,14.2220506668,788,1951,2601.8840332,15295.4404297,3939.26391602,170,169.705627441,1
"72",900105,7962315,0,0.104210659862,2765.86328125,18.8087368011,826,1971,2089.04272461,15141.6806641,3384.15429688,175,492.036590576,1
"73",900255,7962315,0,0.103477656841,2779.65820313,21.0659732819,774,1971,2061.94091797,15134.3974609,3289.07275391,124,417.851654053,1
"74",900405,7962315,0,0.0990413576365,2801.42822266,10.8250436783,746,1971,2045.50732422,15128.5986328,3198.20263672,134,324.499603271,1
"75",900555,7962315,0,0.0971997603774,2830.98925781,17.9013633728,781,1902,2040,15124.2851563,3111.91259766,242,271.661560059,1
"76",900705,7962315,0,0.0945361927152,2868.1003418,7.14066934586,823,1902,2040,15121.4580078,3030.59399414,285,284.604980469,1
"77",900855,7962315,0,0.0906984806061,2847.63061523,13.6557855606,844,1902,2040,15120.1191406,2954.65722656,361,361.247833252,1
"78",901005,7962315,0,0.0848519802094,2808.64746094,11.9452695847,882,1902,2040,15120.0292969,2884.52758789,474,474.341644287,1
"79",901155,7962315,0,0.0827757194638,2777.22875977,15.3324594498,908,1902,2040,15121.0712891,2820.63818359,604,603.738342285,1
"80",901305,7962315,0,0.0808627083898,2753.6340332,5.32285261154,948,1902,2041.984375,15123.6005859,2763.421875,741,740.9453125,1
"81",901455,7962315,0,0.080806709826,2738.06494141,6.89389324188,932,1902,2054.0690918,15127.6171875,2713.30053711,845,882.326477051,1
"82",901605,7962315,0,0.0801003277302,2730.65917969,15.1865339279,915,1938,2076.94482422,15133.1191406,2670.67407227,859,1026.15783691,1
"83",901755,7962315,0,0.0875543057919,2731.4831543,17.0831432343,876,1938,2110.26074219,15140.1054688,2635.90600586,808,1098.58996582,1
"84",901905,7962315,0,0.0906674712896,2740.52905273,9.19103336334,844,1938,2153.53198242,15148.5742188,2609.31030273,782,1015.13543701,1
"85",902055,7962315,0,0.0935932174325,2757.71655273,15.6128282547,828,1938,2206.1730957,15158.5224609,2591.13867188,780,894.986022949,1
"86",902205,7962315,0,0.0902611613274,2782.89428711,10.7444162369,832,1938,2267.53173828,15169.9472656,2581.56933594,743,785.175109863,1
"87",902355,7962315,0,0.0927481129766,2815.84790039,6.1373796463,814,1938,2334.80200195,15182.8457031,2580.69750977,649,690.651855469,1
"88",902505,7962315,0,0.0931056141853,2813.28979492,18.0041618347,844,1967,2407.86206055,15197.2138672,2588.5324707,579,618.465820313,1
"89",902655,7962315,0,0.0914137512445,2674.71484375,18.568611145,876,1967,2485.65893555,15213.046875,2604.99511719,543,577.061523438,1
"90",902805,7962315,0,0.0910507142544,2537.43969727,22.1343860626,888,1967,2552.11669922,15230.3417969,2629.92407227,509,509.116882324,1
"91",902955,7962315,0,0.0952337905765,2401.68701172,12.9588422775,825,1967,2601.8840332,15249.0917969,2663.08081055,408,408.044128418,1
"92",895905,7962165,0,0.167198196054,4327.49365234,30.1030521393,626,2028,831.925476074,15571.4160156,1235.83984375,716,782.304260254,1
"93",896055,7962165,0,0.163906544447,4413.671875,32.5280456543,712,2028,966.074523926,15549.2929688,1385.20751953,845,931.93347168,1
"94",896205,7962165,0,0.159613057971,4410.10205078,16.0670795441,768,1901,1100.22729492,15528.5869141,1534.6986084,979,1060.66015625,1
"95",896355,7962165,0,0.151802614331,4411.63232422,12.7558717728,800,1901,1236.93164063,15509.3037109,1684.28027344,990,1050,1
"96",896505,7962165,0,0.135064721107,4418.2578125,13.91959095,798,1901,1376.4083252,15491.4492188,1833.93017578,997,1053.85009766,1
"97",896655,7962165,10,0.130073294044,4377.328125,6.46662521362,792,1901,1517.89331055,15475.0283203,1983.63305664,1026,1077.0793457,1
"98",896805,7962165,0,0.130956083536,4266.43896484,12.4722633362,804,1901,1660.87329102,15460.0449219,2133.37768555,1075,1120.0892334,1
"99",896955,7962165,0,0.12312168628,4158.00439453,21.4391841888,828,1901,1804.99304199,15446.5048828,2283.15576172,1142,1180.72009277,1
"100",897105,7962165,0,0.126033842564,4052.22167969,10.8601112366,844,1844,1950,15434.4091797,2432.96118164,1148,1256.42346191,1
"101",897255,7962165,0,0.121190778911,3949.30371094,12.7139968872,872,1844,2095.70996094,15410.921875,2582.78930664,1106,1178.81298828,1
"102",897405,7962165,0,0.111823990941,3849.48046875,17.7753162384,895,1844,2241.78491211,15375.9873047,2732.63598633,1034,1034.4564209,1
"103",897555,7962165,0,0.109122797847,3752.9987793,21.6679210663,912,1844,2379.28564453,15342.4414063,2882.49902344,892,891.964111328,1
"104",897705,7962165,0,0.110480897129,3660.12304688,20.4814434052,928,1844,2492.88989258,15310.2910156,3032.37524414,752,752.396179199,1
"105",897855,7962165,0,0.116661205888,3571.13427734,23.0215263367,984,1844,2610.17236328,15279.5449219,3182.26342773,618,617.737792969,1
"106",898005,7962165,0,0.11548884958,3486.33056641,26.496471405,940,1844,2730.65917969,15250.2128906,3332.16137695,492,492.036590576,1
"107",898155,7962165,0,0.116012923419,3406.02416992,20.9915828705,873,1883,2853.94458008,15222.3027344,3482.06835938,384,384.187469482,1
"108",898305,7962165,0,0.116807952523,3330.54052734,26.762796402,800,1883,2858.19873047,15195.8222656,3631.98291016,309,308.868896484,1
"109",898455,7962165,9,0.119008138776,3260.21459961,17.4220046997,786,1883,2796.92700195,15170.7773438,3781.90429688,270,270,1
"110",898605,7962165,0,0.126803055406,3195.38720703,19.0269088745,808,1883,2741.67822266,15147.1777344,3931.83154297,295,295.46572876,1
"111",898755,7962165,0,0.133984416723,3136.39916992,13.519692421,840,1883,2686.13110352,15125.0292969,4081.7644043,382,381.837677002,1
"112",899355,7962165,0,0.152220830321,2965.29931641,25.074552536,793,1896,2485.65893555,15051.0634766,3814.24951172,424,891.964111328,1
"113",899805,7962165,0,0.153571635485,2912.47314453,21.0141639709,800,1896,2314.86499023,15011.0957031,3479.22412109,488,807.217468262,1
"114",899955,7962165,0,0.156244173646,2910.15454102,14.5387601852,837,1896,2270.70483398,15000.75,3373.49975586,384,702.922485352,1
"115",900105,7962165,0,0.0955338925123,2915.56176758,18.1336765289,825,1894,2235.75488281,14991.8974609,3271.23828125,313,617.737792969,1
"116",900255,7962165,0,0.0989316180348,2928.65161133,19.7805690765,792,1894,2210.45239258,14984.5419922,3172.77490234,272,534.13482666,1
"117",900405,7962165,0,0.0954115241766,2949.32202148,16.6015491486,797,1894,2195.13085938,14978.6845703,3078.47363281,277,456.946380615,1
"118",900555,7962165,0,0.0919704288244,2977.41503906,17.2506923676,794,1867,2190,14974.328125,2988.72875977,342,421.070068359,1
"119",900705,7962165,0,0.0876366496086,3012.72290039,14.4919509888,823,1867,2190,14971.4726563,2903.96289063,430,429.534637451,1
"120",900855,7962165,0,0.0862545669079,2991.73852539,10.9249105453,852,1867,2190,14970.1201172,2824.6237793,484,483.735473633,1
"121",901005,7962165,0,0.0816142335534,2954.65722656,12.9424085617,879,1867,2190,14970.0302734,2751.18164063,573,573.149169922,1
"122",901155,7962165,0,0.0813239961863,2924.80761719,19.7339630127,908,1867,2190,14971.0820313,2684.11987305,684,684.105224609,1
"123",901305,7962165,0,0.0758084654808,2902.4128418,10.5553808212,935,1867,2191.84863281,14973.6367188,2623.9284668,808,807.774719238,1
"124",901455,7962165,0,0.0740503370762,2887.64599609,5.95158433914,948,1867,2203.11132813,14977.6933594,2571.08935547,939,939.14855957,1
"125",901605,7962165,0,0.0834211111069,2880.625,13.5976524353,917,1859,2224.45507813,14983.2509766,2526.06420898,997,1075.40686035,1
"126",901755,7962165,0,0.0847362428904,2881.40600586,17.189201355,896,1859,2255.59301758,14990.3066406,2489.27709961,953,1214.90734863,1
"127",901905,7962165,0,0.0890487805009,2889.98266602,23.3919315338,878,1859,2296.12719727,14998.8603516,2461.09741211,932,1106.34533691,1
"128",902055,7962165,0,0.0898407846689,2906.28637695,18.4483718872,882,1859,2345.5703125,15008.9072266,2441.82299805,930,997.24621582,1
"129",902205,7962165,0,0.0931302905083,2930.18774414,21.8442268372,849,1859,2403.37255859,15020.4462891,2431.66601563,858,900,1
"130",902355,7962165,0,0.0925164669752,2903.03295898,10.39935112,830,1859,2468.76489258,15033.4726563,2430.74072266,778,818.840637207,1
"131",902505,7962165,0,0.0917616188526,2760.81518555,31.7748832703,879,1888,2537.97167969,15047.9833984,2439.05712891,721,758.946655273,1
"132",902655,7962165,0,0.0903827995062,2619.46557617,13.0854043961,914,1888,2613.96240234,15063.9736328,2456.52197266,693,721.248901367,1
"133",902805,7962165,0,0.0936066061258,2479.1328125,17.4824733734,892,1888,2690.81762695,15081.4384766,2482.94189453,589,618.465820313,1
"134",895905,7962015,0,0.176263779402,4272.76269531,32.025970459,618,2028,906.972961426,15423.1806641,1230,644,751.797851563,1
"135",896055,7962015,0,0.160037487745,4263.80126953,27.4766597748,687,2028,1034.4564209,15400.84375,1380,780,886.397216797,1
"136",896205,7962015,0,0.135757520795,4260.10546875,12.2645177841,736,1901,1167.30456543,15379.9384766,1530,912,1025.28039551,1
"137",896355,7962015,0,0.132762163877,4261.68994141,23.5595703125,762,1901,1301.46069336,15360.46875,1680,1047,1166.91906738,1
"138",896505,7962015,0,0.128967449069,4268.54785156,13.5976524353,801,1901,1435.61828613,15342.4414063,1830,1146,1203.37023926,1
"139",896655,7962015,0,0.122957453132,4280.65429688,11.8185062408,824,1901,1571.7824707,15325.8603516,1980,1172,1223.76464844,1
"140",896805,7962015,0,0.121758788824,4297.96484375,5.00628232956,841,1901,1710.26318359,15310.7314453,2130,1215,1261.78442383,1
"141",896955,7962015,0,0.122096858919,4264.32861328,14.9070158005,844,1901,1845.6706543,15297.0585938,2280,1275,1315.90270996,1
"142",897105,7962015,0,0.11764524132,4161.25,9.42157936096,883,1844,1951.61474609,15284.8457031,2430,1290,1366.23571777,1
"143",897255,7962015,0,0.113312385976,4061.09594727,7.12501621246,896,1844,2057.79003906,15265.2548828,2580,1226,1225.60192871,1
"144",897405,7962015,0,0.110389739275,3964.08886719,10.6017017365,915,1844,2167.48706055,15229.9873047,2730,1087,1087.47412109,1
"145",897555,7962015,0,0.109461978078,3870.46508789,12.4422101974,939,1844,2281.77563477,15196.1181641,2880,953,952.942810059,1
"146",897705,7962015,0,0.108696892858,3780.47607422,24.4050712585,974,1844,2400,15163.6572266,3030,824,823.771789551,1
"147",897855,7962015,0,0.108408674598,3694.38769531,18.3838291168,988,1844,2521.60668945,15132.6142578,3180,703,702.922485352,1
"148",898005,7962015,0,0.108033835888,3612.47827148,22.2785015106,923,1844,2646.12915039,15102.9960938,3330,595,595.482971191,1
"149",898155,7962015,0,0.108016736805,3535.03881836,28.2573127747,868,1883,2773.17504883,15074.8134766,3480,510,510,1
"150",898305,7962015,0,0.111694477499,3462.36914063,11.2764015198,813,1883,2902.4128418,15048.0732422,3630,446,445.982055664,1
"151",898455,7962015,0,0.112609103322,3394.77539063,18.8609809875,820,1883,2935.86450195,15022.7822266,3780,420,420,1
"152",898605,7962015,0,0.119138352573,3332.56665039,16.1180076599,826,1883,2880.15625,14998.9501953,3930,437,436.80657959,1
"153",898755,7962015,0,0.125054821372,3276.04956055,12.0215044022,871,1883,2827.33081055,14976.5820313,4080,499,499.299499512,1
"154",898905,7962015,0,0.132546544075,3225.52319336,12.3688821793,880,1883,2779.65820313,14955.6845703,4085.40087891,594,593.969726563,1
"155",899055,7962015,0,0.136437699199,3181.2734375,15.7703552246,877,1896,2736.42089844,14936.2646484,3961.81787109,633,708.02545166,1
"156",899205,7962015,0,0.139280632138,3143.56494141,16.1180076599,845,1896,2684.11987305,14918.328125,3840.1171875,607,833.546630859,1
"157",899355,7962015,0,0.13624355197,3112.63549805,19.1807689667,851,1896,2623.9284668,14901.8789063,3720.48388672,573,966.074523926,1
"158",899505,7962015,0,0.139151617885,3088.68896484,17.30900383,841,1896,2564.78076172,14886.9238281,3603.12353516,573,1100.22729492,1
"159",899655,7962015,0,0.143912822008,3071.88867188,9.42741107941,803,1896,2507.10986328,14873.4658203,3488.26611328,607,1019.11724854,1
"160",899805,7962015,0,0.142062440515,3062.35205078,17.5283699036,821,1896,2457.25463867,14861.5107422,3376.16650391,595,914.385009766,1
"161",899955,7962015,0,0.139324173331,3060.14697266,14.5818109512,858,1896,2415.69873047,14851.0605469,3267.10888672,510,823.771789551,1
"162",900105,7962015,0,0.137972652912,3065.28955078,18.2457008362,863,1894,2382.87646484,14842.1191406,3161.40795898,457,745.184570313,1
"163",900255,7962015,0,0.0908824428916,3077.74267578,18.779920578,828,1894,2359.15234375,14834.6894531,3059.41162109,421,658.63494873,1
"164",900405,7962015,0,0.0888012945652,3097.41821289,8.16580963135,823,1894,2344.80273438,14828.7724609,2961.50292969,424,597.745788574,1
"165",900555,7962015,0,0.0862197726965,3124.17993164,9.42741107941,820,1867,2340,14824.3720703,2868.1003418,470,570.78894043,1
"166",900705,7962015,0,0.0830378383398,3157.84741211,14.9209651947,833,1867,2340,14821.4873047,2779.65820313,553,577.061523438,1
"167",900855,7962015,0,0.0804906338453,3136.39916992,13.0691518784,853,1867,2340,14820.1210938,2696.66455078,618,618.465820313,1
"168",901005,7962015,0,0.0758176594973,3101.0480957,15.1318073273,888,1867,2340,14820.0302734,2619.63745117,691,690.651855469,1
"169",901155,7962015,0,0.0740937441587,3072.62109375,11.694817543,919,1867,2340,14821.0927734,2549.11743164,785,785.175109863,1
"170",901305,7962015,0,0.074193648994,3051.3112793,14.8895568848,947,1867,2341.73022461,14823.6738281,2485.65893555,895,894.986022949,1
"171",901455,7962015,0,0.0759168192744,3037.26855469,8.39999389648,965,1867,2352.27539063,14827.7714844,2429.81469727,1015,1015.13543701,1
"172",901605,7962015,0,0.0805472508073,3030.59399414,20.5164585114,948,1859,2372.27734375,14833.3847656,2382.12084961,990,1142.3659668,1
"173",901755,7962015,0,0.0842327997088,3031.33642578,15.3189554214,930,1859,2401.49951172,14840.5117188,2343.07495117,964,1274.55871582,1
"174",901905,7962015,0,0.0869066640735,3039.48999023,20.8097190857,941,1859,2439.6105957,14849.1513672,2313.11474609,960,1209.33862305,1
"175",902055,7962015,0,0.0870946347713,3054.99584961,19.8879413605,920,1859,2486.2019043,14859.2998047,2292.59667969,972,1110.40527344,1
"176",902205,7962015,0,0.0913924276829,3005.09570313,21.8698596954,888,1859,2540.80688477,14870.9550781,2281.77563477,983,1023.96289063,1
"177",902355,7962015,0,0.091244481504,2860.08740234,6.91817474365,848,1859,2602.92138672,14884.1123047,2280.78930664,914,953.414916992,1
"178",902505,7962015,0,0.0918359011412,2715.62158203,14.4811239243,896,1888,2670.16845703,14898.7685547,2289.65063477,866,902.496520996,1
"179",902655,7962015,0,0.0925134569407,2571.78930664,10.16040802,923,1888,2742.4987793,14914.9189453,2308.24609375,780,829.758972168,1
"180",902805,7962015,0,0.0928138121963,2428.70336914,17.1097354889,917,1888,2820.63818359,14932.5585938,2336.34326172,644,740.9453125,1
"181",895905,7961865,0,0.175337448716,4123.22705078,29.7723083496,602,2028,999.049560547,15274.9794922,1231.46252441,577,692.603759766,1
"182",896055,7961865,0,0.1610327214,4113.93994141,20.6626434326,656,2028,1116.0645752,15252.4257813,1381.30371094,711,836.779541016,1
"183",896205,7961865,0,0.134590804577,4110.109375,19.1807689667,696,1901,1230.36584473,15231.3164063,1531.17602539,847,982.700378418,1
"184",896355,7961865,0,0.130849123001,4111.75146484,23.1813335419,764,1901,1321.36291504,15211.65625,1681.07104492,987,1129.69018555,1
"185",896505,7961865,0,0.126090720296,4118.85888672,2.13429999352,802,1901,1421.44287109,15193.4521484,1830.98339844,1129,1277.38012695,1
"186",896655,7961865,0,0.123878620565,4131.40429688,14.4268436432,804,1901,1527.35070801,15176.7089844,1980.90893555,1273,1371.1673584,1
"187",896805,7961865,0,0.121289744973,4149.33740234,10.4776821136,812,1901,1633.55444336,15161.4316406,2130.8449707,1357,1405.20458984,1
"188",896955,7961865,0,0.118968211114,4172.58935547,13.9044561386,837,1901,1739.48266602,15147.6240234,2280.78930664,1410,1453.99450684,1
"189",897105,7961865,0,0.117204740644,4201.07128906,9.33362960815,866,1844,1845.6706543,15135.2900391,2430.74072266,1423,1422.70874023,1
"190",897255,7961865,0,0.112474814057,4175.28417969,8.79241371155,871,1844,1955.76074219,15119.6728516,2580.69750977,1288,1288.25463867,1
"191",897405,7961865,0,0.110294163227,4080.99243164,10.0522298813,895,1844,2070.86938477,15084.0644531,2730.65917969,1158,1157.62683105,1
"192",897555,7961865,0,0.105047017336,3990.11279297,13.4215087891,927,1844,2190.20556641,15049.8671875,2880.625,1032,1032.27905273,1
"193",897705,7961865,0,0.103860497475,3902.88354492,21.229259491,970,1844,2313.11474609,15017.0898438,3030.59399414,914,914.385009766,1
"194",897855,7961865,0,0.10758908093,3819.55493164,11.3147134781,991,1844,2439.05712891,14985.7431641,3180.56591797,807,807.217468262,1
"195",898005,7961865,0,0.107623927295,3740.38769531,25.3769340515,937,1844,2567.58642578,14955.8349609,3330.54052734,716,715.611633301,1
"196",898155,7961865,0,0.106147915125,3665.65136719,19.2316970825,861,1883,2698.33276367,14927.3740234,3480.51708984,644,644.127319336,1
"197",898305,7961865,0,0.108285672963,3595.62231445,25.6350765228,866,1883,2830.98925781,14900.3691406,3630.49584961,589,589.406494141,1
"198",898455,7961865,0,0.111169800162,3530.58081055,26.6444358826,887,1883,2965.29931641,14874.828125,3780.47607422,570,570,1
"199",898605,7961865,0,0.115091510117,3470.80688477,19.6625423431,850,1883,3019.73510742,14850.7578125,3930.45800781,582,582.494628906,1
"200",898755,7961865,0,0.121501907706,3416.57714844,8.54372596741,872,1883,2969.39379883,14828.1660156,4080.44116211,631,630.713867188,1
"201",898905,7961865,0,0.128933832049,3368.15966797,13.5821018219,908,1883,2922.49902344,14807.0595703,4003.62329102,708,708.02545166,1
"202",899055,7961865,0,0.134632542729,3325.80810547,14.0848283768,898,1896,2881.40600586,14787.4443359,3877.43481445,782,806.101745605,1
"203",899205,7961865,0,0.137785419822,3289.75683594,9.32183551788,875,1896,2820.63818359,14769.3261719,3752.9987793,750,918.313659668,1
"204",899355,7961865,0,0.137630969286,3260.21459961,5.87557268143,900,1896,2763.421875,14752.7119141,3630.49584961,722,1040.09619141,1
"205",899505,7961865,0,0.134572029114,3237.36010742,13.8284931183,868,1896,2702.33227539,14737.6044922,3510.12817383,722,1168.46057129,1
"206",899655,7961865,0,0.138226628304,3221.33520508,10.4776821136,833,1896,2647.65942383,14724.0107422,3392.12329102,750,1126.0994873,1
"207",899805,7961865,0,0.139478251338,3212.2421875,13.0569477081,858,1896,2600.5,14711.9335938,3276.73608398,716,1032.27905273,1
"208",899955,7961865,0,0.13597689569,3210.14013672,19.9752178192,880,1896,2561.26928711,14701.3779297,3164.25341797,646,952.942810059,1
"209",900105,7961865,0,0.137972652912,3215.04272461,16.7750797272,904,1894,2530.3359375,14692.3447266,3054.99584961,598,865.332336426,1
"210",900255,7961865,0,0.085961446166,3226.91796875,19.4236278534,878,1894,2508.00708008,14684.8388672,2949.32202148,571,792.022705078,1
"211",900405,7961865,0,0.0868509411812,3245.68945313,12.0927639008,846,1894,2494.51391602,14678.8623047,2847.63061523,573,742.158996582,1
"212",900555,7961865,0,0.0855956822634,3271.23828125,11.616186142,857,1867,2490,14674.4169922,2750.36352539,607,720.624755859,1
"213",900705,7961865,0,0.0802222788334,3303.40722656,14.5135765076,863,1867,2490,14671.5029297,2658.00683594,674,725.603210449,1
"214",900855,7961865,0,0.0751480832696,3281.53930664,5.00628232956,870,1867,2490,14670.1230469,2571.08935547,759,758.946655273,1
"215",901005,7961865,0,0.0735067278147,3247.76855469,7.85388565063,888,1867,2490,14670.0302734,2490.18066406,819,818.840637207,1
"216",901155,7961865,0,0.072431191802,3220.63647461,13.121887207,905,1867,2490,14671.1044922,2415.88500977,900,900,1
"217",901305,7961865,0,0.0743024349213,3200.3125,18.6323299408,933,1867,2491.62597656,14673.7109375,2348.82958984,953,997.24621582,1
"218",901455,7961865,0,0.0727229863405,3186.92651367,10.7595844269,960,1867,2501.53955078,14677.8505859,2289.65063477,892,1106.34533691,1
"219",901605,7961865,0,0.077129483223,3180.56591797,9.74803256989,991,1859,2520.35717773,14683.5214844,2238.97290039,845,1224.13232422,1
"220",901755,7961865,0,0.0819907784462,3181.2734375,17.6764945984,964,1859,2547.8815918,14690.7216797,2197.38476563,815,1348.33227539,1
"221",901905,7961865,0,0.0871700122952,3189.04370117,16.2664890289,991,1859,2583.83447266,14699.4492188,2165.40991211,810,1321.36291504,1
"222",902055,7961865,0,0.0877851471305,3118.26879883,13.4057235718,952,1859,2627.86987305,14709.7011719,2143.47851563,824,1231.46252441,1
"223",902205,7961865,0,0.0873176306486,2971.21191406,15.7311515808,906,1859,2679.58959961,14721.4736328,2131.90063477,849,1154.12304688,1
"224",902355,7961865,0,0.0873929336667,2824.46459961,9.0460319519,867,1859,2738.55810547,14734.7646484,2130.8449707,882,1092.01647949,1
"225",902505,7961865,0,0.0910647362471,2678.07763672,20.1075801849,893,1888,2804.15771484,14749.5693359,2140.32714844,939,1041.39331055,1
"226",902655,7961865,0,0.0926890745759,2532.11376953,12.1370639801,941,1888,2873.11669922,14765.8828125,2160.20825195,824,948.683288574,1
"227",902805,7961865,0,0.0945863351226,2386.65039063,11.0434436798,939,1888,2948.10107422,14783.7001953,2190.20556641,677,872.06652832,1
"228",896055,7961715,0,0.156170070171,3964.08886719,25.048368454,643,2028,1018.23376465,15104.0390625,1395.88684082,655,807.774719238,1
"229",896205,7961715,0,0.135779619217,3960.11352539,21.3886222839,705,1901,1110.40527344,15082.7216797,1544.34448242,800,953.414916992,1
"230",896355,7961715,0,0.132123053074,3961.81787109,21.7434196472,755,1901,1209.33862305,15062.8681641,1693.07409668,947,1100.22729492,1
"231",896505,7961715,0,0.127588927746,3969.19384766,17.4162330627,772,1901,1315.21862793,15044.484375,1842.00976563,1095,1247.7980957,1
"232",896655,7961715,0,0.124459050596,3982.21044922,11.5041599274,781,1901,1421.44287109,15027.5742188,1991.10522461,1243,1395.88684082,1
"233",896805,7961715,0,0.117645844817,4000.8125,11.6301050186,796,1901,1527.35070801,15012.1455078,2140.32714844,1392,1544.34448242,1
"234",896955,7961715,0,0.116656370461,4024.92236328,11.6717510223,826,1901,1633.55444336,14998.2001953,2289.65063477,1541,1594.23962402,1
"235",897105,7961715,0,0.115397363901,4054.44189453,10.4359855652,840,1844,1744.13305664,14985.7431641,2439.05712891,1492,1492.17956543,1
"236",897255,7961715,0,0.113808594644,4089.25415039,14.0661649704,866,1844,1860.24194336,14974.1777344,2588.5324707,1365,1364.58789063,1
"237",897405,7961715,0,0.111222036183,4129.22509766,12.2338895798,900,1844,1980.90893555,14938.2226563,2738.06494141,1242,1242.01452637,1
"238",897555,7961715,0,0.107082180679,4111.75146484,12.3385448456,924,1844,2105.3503418,14903.6904297,2887.64599609,1126,1126.0994873,1
"239",897705,7961715,0,0.104816868901,4027.15771484,16.1180076599,947,1844,2232.93530273,14870.5917969,3037.26855469,1019,1019.11724854,1
"240",897855,7961715,0,0.106462500989,3946.45410156,6.52698659897,975,1844,2363.15478516,14838.9355469,3186.92651367,924,924.175292969,1
"241",898005,7961715,0,0.107293285429,3869.88378906,19.3557281494,942,1844,2495.59619141,14808.7304688,3336.61499023,845,845.340148926,1
"242",898155,7961715,0,0.105929382145,3797.69677734,16.054315567,902,1883,2629.92407227,14779.9863281,3486.33056641,780,780,1
"243",898305,7961715,0,0.106033585966,3730.14746094,28.9669589996,931,1883,2765.86328125,14752.7119141,3636.06933594,735,735.45904541,1
"244",898455,7961715,0,0.11009824276,3667.49243164,26.8208732605,952,1883,2903.18798828,14726.9140625,3785.82885742,720,720,1
"245",898605,7961715,0,0.110821731389,3609.98608398,26.2598266602,922,1883,3041.70996094,14702.6015625,3935.60668945,730,729.931518555,1
"246",898755,7961715,0,0.112743645906,3557.87866211,8.16580963135,898,1883,3111.91259766,14679.7822266,4056.10644531,769,768.960327148,1
"247",898905,7961715,0,0.1194967255,3511.40991211,12.0927639008,920,1883,3066.0234375,14658.4619141,3925.87573242,834,833.546630859,1
"248",899055,7961715,0,0.121635600924,3470.80688477,18.3298206329,927,1896,3019.43701172,14638.6474609,3797.10424805,918,918.313659668,1
"249",899205,7961715,0,0.125110149384,3436.27709961,15.0458211899,910,1896,2958.46240234,14620.3457031,3669.94555664,895,1018.23376465,1
"250",899355,7961715,0,0.126395627856,3408.00537109,10.6068344116,917,1896,2899.93115234,14603.5615234,3544.57324219,872,1129.29187012,1
"251",899505,7961715,0,0.128532186151,3386.14819336,14.9070158005,893,1896,2841.14404297,14588.2998047,3421.18408203,872,1248.51916504,1
"252",899655,7961715,0,0.127572849393,3370.83081055,21.1198501587,879,1896,2789.19335938,14574.5664063,3300,895,1242.01452637,1
"253",899805,7961715,0,0.129282608628,3362.14208984,14.4811239243,885,1896,2744.46704102,14562.3662109,3181.2734375,845,1157.62683105,1
"254",899955,7961715,0,0.125499784946,3360.1340332,17.6509685516,908,1896,2707.32348633,14551.7011719,3065.28955078,787,1074.15087891,1
"255",900105,7961715,0,0.135574787855,3364.81787109,10.865111351,927,1894,2678.07763672,14542.5751953,2952.37182617,742,993.629699707,1
"256",900255,7961715,0,0.0810898393393,3376.16650391,14.0848283768,895,1894,2656.99072266,14534.9921875,2842.88574219,721,930.483764648,1
"257",900405,7961715,0,0.0808757022023,3394.11254883,20.4064712524,888,1894,2644.2578125,14528.9541016,2737.24316406,722,888.425598145,1
"258",900555,7961715,0,0.0754798427224,3418.55224609,6.91817474365,882,1867,2640,14524.4619141,2635.90600586,750,870.517089844,1
"259",900705,7961715,0,0.0709499195218,3449.34765625,13.121887207,881,1867,2640,14521.5185547,2539.38964844,805,874.64276123,1
"260",900855,7961715,0,0.0697499290109,3427.09790039,11.4853715897,889,1867,2640,14520.1240234,2448.26464844,882,902.496520996,1
"261",901005,7961715,0,0.0688902437687,3394.77539063,6.06376504898,892,1867,2640,14520.03125,2363.15478516,953,953.414916992,1
"262",901155,7961715,0,0.0714208185673,3368.82763672,10.6631202698,911,1867,2640,14521.1152344,2284.73193359,914,1023.96289063,1
"263",901305,7961715,0,0.0704641491175,3349.40283203,9.97026157379,927,1867,2641.53369141,14523.75,2213.70727539,824,1110.40527344,1
"264",901455,7961715,0,0.0727902725339,3336.61499023,11.9137191772,954,1867,2650.88671875,14527.9316406,2150.8137207,752,1209.33862305,1
"265",901605,7961715,0,0.0740604698658,3330.54052734,16.3072681427,997,1859,2668.65136719,14533.6611328,2096.78320313,702,1317.95300293,1
"266",901755,7961715,0,0.0766238644719,3331.21606445,18.2864646912,1013,1859,2694.66137695,14540.9355469,2052.31567383,666,1434.0501709,1
"267",901905,7961715,0,0.0796244740486,3241.38867188,10.39935112,1008,1859,2728.6809082,14549.7529297,2018.0435791,660,1440.3125,1
"268",902055,7961715,0,0.0821554586291,3092.91113281,19.9534454346,942,1859,2770.41503906,14560.1103516,1994.49243164,677,1358.30773926,1
"269",902205,7961715,0,0.0846040397882,2944.58813477,12.7725782394,901,1859,2819.52124023,14572.0039063,1982.04443359,700,1288.60388184,1
"270",902355,7961715,0,0.0870016738772,2796.4440918,6.72136926651,886,1859,2875.62158203,14585.4306641,1980.90893555,741,1233.28833008,1
"271",902505,7961715,0,0.0879936218262,2648.5090332,13.91959095,907,1888,2938.31591797,14600.3867188,1991.10522461,797,1158.01550293,1
"272",902655,7961715,0,0.0940298289061,2500.81982422,19.4436855316,944,1888,3005.54492188,14616.8671875,2012.46118164,810,1075.40686035,1
"273",902805,7961715,0,0.0939741507173,2353.4230957,13.9648809433,955,1888,3077.30395508,14634.8662109,2044.6270752,660,1008.46417236,1
"274",905055,7961715,7,0.0792916044593,453.982391357,33.4339637756,561,2058,4285.06689453,14913.6513672,3396.76318359,30,550.726806641,1
"275",905205,7961715,0,0.0754581093788,458.911743164,6.60375547409,625,2058,4392.4140625,14917.7246094,3519.73022461,108,685.419555664,1
"276",905355,7961715,0,0.0717864111066,510,16.6657409668,626,2058,4502.19921875,14923.3037109,3644.72216797,228,825.408996582,1
"277",905505,7961715,0,0.0706583485007,595.482971191,23.1518611908,659,2058,4614.24951172,14930.3886719,3771.53808594,371,874.64276123,1
"278",905655,7961715,0,0.0666397884488,702.922485352,8.11127948761,706,2058,4728.40332031,14938.9755859,3900,518,737.902404785,1
"279",905805,7961715,0,0.0585738457739,823.771789551,18.4805335999,697,2058,4844.51220703,14949.0634766,4029.95043945,607,607.453674316,1
"280",905955,7961715,0,0.0557678230107,952.942810059,15.5333423615,661,2136,4962.43896484,14960.6484375,4161.25,488,488.364624023,1
"281",906105,7961715,0,0.0563348866999,1087.47412109,18.9234256744,631,2136,4966.78955078,14973.7265625,4293.77441406,379,379.473327637,1
"282",906255,7961715,0,0.0574607290328,1225.60192871,29.2614250183,577,2136,4858.24023438,14988.2958984,4427.41455078,242,241.867736816,1
"283",906405,7961715,0,0.0569525621831,1366.23571777,9.74803256989,559,2136,4751.94677734,15004.3496094,4562.07177734,134,134.164077759,1
"284",906555,7961715,0,0.0564162917435,1508.67492676,16.054315567,535,2136,4648.06396484,15021.8837891,4697.65917969,67,67.0820388794,1
"285",895905,7961565,0,0.166595429182,3824.26464844,23.500038147,581,2028,806.101745605,14978.6845703,1281.60058594,481,632.850708008,1
"286",896055,7961565,0,0.152786150575,3814.24951172,21.8185501099,632,2028,900,14955.6845703,1426.18371582,631,782.304260254,1
"287",896205,7961565,0,0.137634947896,3810.11816406,18.829656601,690,1901,997.24621582,14934.1552734,1571.7824707,781,931.93347168,1
"288",896355,7961565,0,0.125904545188,3811.8894043,15.48341465,722,1901,1103.08654785,14914.1044922,1718.1385498,930,1081.66540527,1
"289",896505,7961565,0,0.119636498392,3819.55493164,24.9695644379,724,1901,1209.33862305,14895.5361328,1865.07373047,1080,1231.46252441,1
"290",896655,7961565,0,0.119712427258,3833.07958984,22.090259552,756,1901,1315.21862793,14878.4580078,2012.46118164,1230,1381.30371094,1
"291",896805,7961565,0,0.115755550563,3852.40185547,6.20105361938,785,1901,1421.44287109,14862.8730469,2160.20825195,1380,1531.17602539,1
"292",896955,7961565,0,0.112597234547,3877.43481445,8.73569107056,813,1901,1532.64477539,14848.7880859,2308.24609375,1530,1681.07104492,1
"293",897105,7961565,0,0.116619169712,3908.06860352,12.2601480484,841,1844,1650,14836.2060547,2456.52197266,1573,1572.92724609,1
"294",897255,7961565,0,0.112458519638,3944.17285156,19.2925777435,847,1844,1772.28662109,14825.1308594,2604.99511719,1452,1452.44616699,1
"295",897405,7961565,0,0.108976811171,3985.59912109,13.9347066879,855,1844,1898.55212402,14792.4638672,2753.6340332,1338,1337.94616699,1
"296",897555,7961565,0,0.107122629881,4032.18310547,17.9320030212,900,1844,2028.05322266,14757.5908203,2902.4128418,1231,1231.0970459,1
"297",897705,7961565,0,0.104572921991,4083.74829102,10.7444162369,944,1844,2160.20825195,14724.1640625,3051.3112793,1134,1134.06347656,1
"298",897855,7961565,0,0.10376996547,4074.92333984,14.4086971283,973,1844,2294.55883789,14692.1914063,3200.3125,1050,1049.57128906,1
"299",898005,7961565,0,0.106481559575,4000.8125,17.1362743378,968,1844,2430.74072266,14661.6845703,3349.40283203,979,979.489685059,1
"300",898155,7961565,0,0.106498867273,3931.03051758,19.4712200165,946,1883,2568.46264648,14632.6513672,3498.57104492,920,920.271728516,1
"301",898305,7961565,0,0.106534257531,3865.81176758,24.7575206757,989,1883,2707.48950195,14605.1015625,3647.80761719,883,882.836364746,1
"302",898455,7961565,0,0.109113775194,3805.39086914,14.2625494003,1002,1883,2847.63061523,14579.0429688,3789.51196289,870,870,1
"303",898605,7961565,0,0.108430214226,3750,14.9383802414,952,1883,2988.72875977,14554.4833984,3927.70922852,859,878.236877441,1
"304",898755,7961565,0,0.111918874085,3699.86474609,14.5925502777,926,1883,3130.65478516,14531.4316406,3985.03442383,841,910.93359375,1
"305",898905,7961565,0,0.113924153149,3655.20166016,13.6557855606,943,1883,3210.14013672,14509.8935547,3852.40185547,841,966.074523926,1
"306",899055,7961565,0,0.115725554526,3616.21337891,10.2193775177,950,1896,3155.70922852,14489.8759766,3721.08862305,859,1040.09619141,1
"307",899205,7961565,0,0.113858304918,3583.08520508,9.52020263672,939,1896,3097.41821289,14471.3857422,3591.23925781,902,1129.29187012,1
"308",899355,7961565,0,0.115228846669,3555.98095703,10.16040802,933,1896,3037.12036133,14454.4287109,3463.01879883,967,1230.36584473,1
"309",899505,7961565,0,0.115280546248,3535.03881836,11.8775482178,914,1896,2981.04003906,14439.0097656,3336.61499023,1022,1340.63415527,1
"310",899655,7961565,0,0.115998096764,3520.36938477,14.5351657867,913,1896,2931.56958008,14425.1347656,3212.2421875,1041,1364.58789063,1
"311",899805,7961565,0,0.113594129682,3512.05078125,10.16040802,912,1896,2889.04833984,14412.8066406,3090.14550781,981,1284.05603027,1
"312",899955,7961565,0,0.11489058286,3510.12817383,14.7807683945,938,1896,2853.78686523,14402.03125,2970.60595703,930,1198.87451172,1
"313",900105,7961565,0,0.116219379008,3514.61230469,13.8323030472,958,1894,2826.05737305,14392.8105469,2853.94458008,888,1127.29760742,1
"314",900255,7961565,0,0.114212535322,3525.47875977,13.5859909058,928,1894,2806.08276367,14385.1484375,2740.52905273,871,1072.05407715,1
"315",900405,7961565,0,0.112083762884,3542.66845703,12.7725782394,923,1894,2794.02929688,14379.046875,2630.77929688,872,1035.76062012,1
"316",900555,7961565,0,0.068477794528,3566.09033203,16.874540329,915,1867,2790,14374.5087891,2525.17333984,895,1020.44110107,1
"317",900705,7961565,0,0.0721661522985,3595.62231445,12.0527391434,915,1867,2790,14371.5341797,2424.25244141,942,1023.96289063,1
"318",900855,7961565,0,0.071063876152,3573.02392578,11.7774372101,917,1867,2790,14370.125,2328.6262207,1008,1047.85498047,1
"319",901005,7961565,0,0.0698587819934,3542.03320313,8.84874916077,911,1867,2790,14370.03125,2238.97290039,924,1092.01647949,1
"320",901155,7961565,0,0.06999001652,3517.17211914,11.9272518158,934,1867,2790,14371.1269531,2156.03808594,807,1154.12304688,1
"321",901305,7961565,0,0.0716245621443,3498.57104492,9.8375749588,954,1867,2791.45117188,14373.7890625,2080.625,703,1231.46252441,1
"322",901455,7961565,0,0.0724863037467,3486.33056641,15.7475004196,962,1867,2800.3034668,14378.0146484,2013.57885742,618,1321.36291504,1
"323",901605,7961565,0,0.0726737752557,3480.51708984,16.8083152771,1004,1859,2817.1262207,14383.8037109,1955.76074219,560,1421.44287109,1
"324",901755,7961565,0,0.0827442258596,3373.36621094,9.14297294617,1044,1859,2841.77758789,14391.1533203,1908.00939941,518,1529.70581055,1
"325",901905,7961565,0,0.0734522715211,3223.98828125,14.9070158005,1017,1859,2874.05639648,14400.0625,1871.09594727,510,1564.60852051,1
"326",902055,7961565,0,0.0737858191133,3074.6706543,21.7541751862,971,1859,2913.70898438,14410.5273438,1845.6706543,532,1489.4630127,1
"327",902205,7961565,0,0.0748561173677,2925.4230957,12.0215044022,919,1859,2960.43920898,14422.5449219,1832.21179199,553,1426.18371582,1
"328",902355,7961565,0,0.083585254848,2776.2565918,11.5603237152,909,1859,3013.91772461,14436.1113281,1830.98339844,604,1368.21044922,1
"329",902505,7961565,0,0.0870883241296,2627.18481445,10.0304431915,921,1888,3073.79248047,14451.2216797,1842.00976563,658,1281.60058594,1
"330",902655,7961565,0,0.0877011716366,2478.22509766,11.3956546783,944,1888,3139.55419922,14467.8710938,1865.07373047,713,1207.47668457,1
"331",902805,7961565,0,0.0952916517854,2329.39916992,4.07258892059,973,1888,3208.31738281,14486.0556641,1899.73681641,660,1148.25952148,1
"332",904755,7961565,14,0.0817730501294,468.614990234,11.6532621384,546,2117,4191.09765625,14760.0302734,3066.0234375,30,456.946380615,1
"333",904905,7961565,0,0.0846799686551,366.196655273,12.7725782394,563,2117,4290.31445313,14761.0976563,3187.63232422,30,534.13482666,1
"334",905205,7961565,0,0.0739839747548,313.209197998,10.2247200012,597,2058,4497.19921875,14767.8027344,3437.58642578,150,757.165771484,1
"335",905355,7961565,0,0.0728880167007,384.187469482,10.6835079193,629,2058,4604.48681641,14773.4394531,3565.45922852,300,885.889404297,1
"336",905505,7961565,0,0.0699452608824,492.036590576,17.4393081665,666,2058,4714.10644531,14780.5957031,3694.99658203,433,941.541259766,1
"337",905655,7961565,0,0.065892547369,617.737792969,7.36374044418,728,2058,4825.89892578,14789.2695313,3826.02929688,564,816.088256836,1
"338",905805,7961565,10,0.0582673922181,752.396179199,22.5321502686,695,2058,4939.71679688,14799.4589844,3958.40869141,631,700.357055664,1
"339",905955,7961565,0,0.0574700534344,891.964111328,23.1989917755,655,2136,5055.42285156,14811.1611328,4092.00439453,552,577.061523438,1
"340",906105,7961565,0,0.0573241561651,1034.4564209,21.9719715118,626,2136,5070.35498047,14824.3720703,4226.70068359,417,450,1
"341",906255,7961565,0,0.0563400313258,1178.81298828,21.2359333038,609,2136,4964.07080078,14839.0869141,4362.39599609,297,342.052612305,1
"342",906405,7961565,0,0.0557716339827,1324.42443848,17.4939613342,595,2136,4860.09277344,14855.3017578,4499,218,276.586334229,1
"343",906555,7961565,0,0.0552433095872,1470.91809082,18.779920578,537,2136,4758.57128906,14873.0126953,4636.43164063,162,212.132034302,1
"344",895755,7961415,0,0.166236117482,3691.34130859,4.43181991577,527,2028,593.969726563,14855.3017578,1186.80236816,351,480.936584473,1
"345",895905,7961415,0,0.163484916091,3674.84692383,21.6830501556,560,2028,690.651855469,14830.59375,1328.15661621,495,630.713867188,1
"346",896055,7961415,0,0.145820245147,3664.42358398,21.9656085968,619,2028,785.175109863,14807.3632813,1471.22399902,641,780.576721191,1
"347",896205,7961415,0,0.138087004423,3660.12304688,23.8445186615,651,1901,890.954528809,14785.6181641,1612.76159668,789,930.483764648,1
"348",896355,7961415,0,0.130227208138,3661.96679688,18.9234256744,659,1901,997.24621582,14765.3652344,1755.70495605,938,1080.41662598,1
"349",896505,7961415,0,0.123119369149,3669.94555664,21.8056964874,662,1901,1103.08654785,14746.609375,1899.73681641,1087,1230.36584473,1
"350",896655,7961415,0,0.119512185454,3684.01953125,30.5852165222,730,1901,1209.33862305,14729.3583984,2044.6270752,1236,1380.3260498,1
"351",896805,7961415,0,0.120907463133,3704.11938477,15.7180576324,776,1901,1321.36291504,14713.6162109,2190.20556641,1385,1530.29406738,1
"352",896955,7961415,0,0.111904114485,3730.14746094,15.7311515808,794,1901,1440.3125,14699.3876953,2336.34326172,1535,1680.26782227,1
"353",897105,7961415,0,0.111461743712,3761.98095703,16.4938793182,807,1844,1564.60852051,14686.6777344,2482.94189453,1663,1663.30993652,1
"354",897255,7961415,0,0.111914031208,3799.47363281,24.4068889618,789,1844,1693.07409668,14675.4902344,2629.92407227,1550,1549.87097168,1
"355",897405,7961415,0,0.107972882688,3842.46020508,33.4612197876,821,1844,1824.82873535,14646.7910156,2777.22875977,1443,1443.12158203,1
"356",897555,7961415,0,0.10852894187,3890.75830078,29.1189365387,867,1844,1959.20898438,14611.5703125,2911.39135742,1345,1344.65612793,1
"357",897705,7961415,0,0.102952569723,3944.17285156,25.5573863983,911,1844,2095.70996094,14577.8085938,3045.55419922,1249,1256.42346191,1
"358",897855,7961415,0,0.104395478964,4002.49926758,22.8781051636,960,1844,2233.94262695,14545.5146484,3180.70751953,1129,1180.72009277,1
"359",898005,7961415,0,0.102482318878,4065.52587891,13.2145986557,977,1844,2373.60473633,14514.6992188,3317.13720703,1018,1114.85424805,1
"360",898155,7961415,0,0.106328479946,4065.52587891,21.5528869629,988,1883,2514.45825195,14485.3720703,3454.69238281,918,1063.20275879,1
"361",898305,7961415,0,0.104693070054,4002.49926758,13.012087822,1018,1883,2656.31323242,14457.5410156,3593.24365234,834,1030.97045898,1
"362",898455,7961415,0,0.110418282449,3944.17285156,22.9917545319,1024,1883,2799.01757813,14431.2158203,3732.67993164,765,1020,1
"363",898605,7961415,0,0.108333408833,3890.75830078,15.5333423615,980,1883,2942.44799805,14406.4052734,3872.90600586,713,1027.0345459,1
"364",898755,7961415,0,0.110161118209,3842.46020508,10.1010656357,957,1883,3086.50292969,14383.1152344,3918.41796875,691,1055.13037109,1
"365",898905,7961415,0,0.112434335053,3799.47363281,9.74803256989,960,1883,3231.09887695,14361.3544922,3783.45092773,691,1103.08654785,1
"366",899055,7961415,0,0.113951601088,3761.98095703,14.4919509888,975,1896,3293.17480469,14341.1298828,3649.6574707,713,1168.46057129,1
"367",899205,7961415,0,0.112295597792,3730.14746094,13.628692627,971,1896,3235.13525391,14322.4472656,3517.17211914,765,1248.51916504,1
"368",899355,7961415,0,0.11274959892,3704.11938477,7.66031646729,949,1896,3175.46850586,14305.3134766,3386.14819336,841,1340.63415527,1
"369",899505,7961415,0,0.115459516644,3684.01953125,12.2601480484,934,1896,3121.87451172,14289.734375,3256.76220703,934,1388.1282959,1
"370",899655,7961415,0,0.114808134735,3669.94555664,14.3504476547,938,1896,3074.6706543,14275.7138672,3129.21704102,1041,1380,1
"371",899805,7961415,0,0.116461798549,3661.96679688,11.0826444626,938,1896,3034.15551758,14263.2568359,3003.74755859,1120,1382.93164063,1
"372",899955,7961415,0,0.1137836501,3660.12304688,14.1554880142,943,1896,3000.59985352,14252.3681641,2880.625,1072,1328.83410645,1
"373",900105,7961415,0,0.109796859324,3664.42358398,1.96786379814,976,1894,2974.23950195,14243.0507813,2760.16308594,1036,1264.63427734,1
"374",900255,7961415,0,0.111992321908,3674.84692383,11.5603237152,949,1894,2955.26660156,14235.3085938,2642.72583008,1020,1215.64794922,1
"375",900405,7961415,0,0.112493559718,3691.34130859,17.9681282043,954,1894,2943.82397461,14229.1425781,2528.73486328,1022,1183.76513672,1
"376",900555,7961415,0,0.0698130652308,3713.82543945,18.9104385376,968,1867,2940,14224.5566406,2418.67724609,1041,1170.38452148,1
"377",900705,7961415,0,0.0699313953519,3742.19189453,13.3423643112,948,1867,2940,14221.5507813,2313.11474609,1082,1173.4564209,1
"378",900855,7961415,0,0.07001760602,3719.27416992,10.0522298813,949,1867,2940,14220.1269531,2212.69067383,979,1194.36169434,1
"379",901005,7961415,0,0.0698437318206,3689.51220703,12.48939991,944,1867,2940,14220.03125,2118.13598633,845,1233.28833008,1
"380",901155,7961415,0,0.0685084611177,3665.65136719,18.3703460693,971,1867,2940,14221.1396484,2030.27087402,716,1288.60388184,1
"381",901305,7961415,0,0.07240845263,3647.80761719,14.9070158005,982,1867,2941.37719727,14223.828125,1950,595,1358.30773926,1
"382",901455,7961415,0,0.0707988515496,3636.06933594,14.6567935944,992,1867,2949.77954102,14228.0986328,1878.29711914,492,1440.3125,1
"383",901605,7961415,0,0.072134308517,3513.20361328,17.355474472,1025,1859,2965.75463867,14233.9492188,1816.17724609,418,1532.64477539,1
"384",901755,7961415,0,0.0817308500409,3363.34643555,12.2601480484,1060,1859,2989.18041992,14241.3759766,1764.6529541,371,1633.55444336,1
"385",901905,7961415,0,0.074264138937,3213.50268555,24.8991928101,1050,1859,3019.8840332,14250.3789063,1724.67382813,360,1693.07409668,1
"386",902055,7961415,0,0.0730677396059,3063.67431641,20.6834125519,986,1859,3057.64624023,14260.9541016,1697.05627441,390,1623.88427734,1
"387",902205,7961415,0,0.0742954537272,2913.86352539,22.0586624146,976,1859,3102.20898438,14273.0966797,1682.40893555,408,1566.04602051,1
"388",902355,7961415,0,0.0832661762834,2764.07299805,22.8620891571,952,1859,3153.28393555,14286.8046875,1681.07104492,466,1489.4630127,1
"389",902505,7961415,0,0.087966106832,2614.30688477,11.0826444626,945,1888,3210.56079102,14302.0732422,1693.07409668,524,1410.3190918,1
"390",902655,7961415,0,0.0890345945954,2464.56884766,6.80409002304,965,1888,3273.71337891,14318.8964844,1718.1385498,577,1343.31677246,1
"391",902805,7961415,0,0.0964585542679,2314.86499023,13.488363266,941,1888,3340.92797852,14337.2695313,1755.70495605,661,1290.34875488,1
"392",903405,7961415,0,0.100115306675,1716.56628418,22.3924312592,785,1888,3604.62207031,14426.1328125,2013.57885742,134,1164.98925781,1
"393",903555,7961415,0,0.108387798071,1567.19494629,12.9424085617,734,2037,3664.66918945,14452.1552734,2100,30,1044.84448242,1
"394",903855,7961415,0,0.115209162235,1268.8972168,18.5313110352,690,2037,3799.71044922,14508.7148438,2292.59667969,120,834.086303711,1
"395",904005,7961415,10,0.104383990169,1120.0892334,10.16040802,665,2037,3874.18383789,14539.2333984,2397.18579102,192,751.797851563,1
"396",904155,7961415,17,0.0919956639409,971.648071289,11.4712572098,649,2037,3952.94824219,14571.2314453,2506.3918457,295,690.651855469,1
"397",904305,7961415,2,0.0906154960394,823.771789551,10.39935112,616,2037,4035.75268555,14604.7011719,2619.63745117,270,618.465820313,1
"398",904455,7961415,0,0.0879603922367,676.830871582,11.1265649796,589,2117,4122.35351563,14610,2736.42089844,242,577.061523438,1
"399",904605,7961415,0,0.0822778120637,531.601379395,7.11717653275,601,2117,4212.51708984,14610,2856.30883789,210,570.78894043,1
"400",904755,7961415,0,0.0842612981796,390,11.2427597046,581,2117,4306.01904297,14610.03125,2978.92602539,180,597.745788574,1
"401",904905,7961415,0,0.0835618674755,258.069763184,13.4057235718,557,2117,4402.64697266,14611.1083984,3103.94921875,134,658.63494873,1
"402",905055,7961415,0,0.0789571255445,161.554946899,19.5932579041,574,2058,4502.19921875,14613.7265625,3231.09887695,120,745.184570313,1
"403",905205,7961415,5,0.0742899179459,174.92855835,10.6784152985,568,2058,4604.48681641,14617.8828125,3360.1340332,192,849.588134766,1
"404",905355,7961415,0,0.0725629851222,283.019439697,8.84250831604,606,2058,4709.33105469,14623.5771484,3490.84521484,323,966.074523926,1
"405",905505,7961415,0,0.0694267973304,417.851654053,28.0623188019,651,2058,4816.56494141,14630.8066406,3623.05126953,450,1026.15783691,1
"406",905655,7961415,0,0.0626070201397,560.446228027,12.5746860504,703,2058,4926.03271484,14639.5693359,3756.59423828,577,912.414367676,1
"407",905805,7961415,0,0.0580025501549,706.116149902,18.3730430603,714,2058,5037.58886719,14649.8632813,3891.33642578,499,782.304260254,1
"408",905955,7961415,0,0.0563258491457,853.287780762,25.8493251801,639,2136,5151.09716797,14661.6845703,4027.15771484,430,660.68145752,1
"409",906105,7961415,0,0.0566747896373,1001.2991333,21.6657581329,613,2136,5176.1953125,14675.0302734,4163.95263672,350,553.172668457,1
"410",906255,7961415,1,0.0562845207751,1149.8260498,19.2951087952,591,2136,5072.12988281,14689.8945313,4301.62744141,218,469.574279785,1
"411",906405,7961415,0,0.0557651743293,1298.69165039,20.0138435364,569,2136,4970.41259766,14706.2744141,4440.1015625,85,402.492248535,1
"412",906555,7961415,18,0.0553544051945,1447.79138184,22.9519710541,532,2136,4871.19091797,14724.1640625,4579.30126953,42,361.247833252,1
"413",895755,7961265,0,0.174621462822,3542.66845703,11.4994659424,513,2105,483.735473633,14707.4980469,1233.28833008,426,512.640197754,1
"414",895905,7961265,0,0.172693446279,3525.47875977,13.4569501877,535,2105,573.149169922,14682.5410156,1376.4083252,551,655.209899902,1
"415",896055,7961265,0,0.162861123681,3514.61230469,19.4962081909,566,2105,678.822509766,14659.0761719,1517.89331055,685,800.499816895,1
"416",896205,7961265,0,0.144810244441,3510.12817383,28.0550537109,615,2020,785.175109863,14637.1103516,1660.87329102,825,947.259216309,1
"417",896355,7961265,0,0.143982231617,3512.05078125,15.1865339279,623,2020,890.954528809,14616.6513672,1797.2479248,968,1094.8972168,1
"418",896505,7961265,0,0.126661688089,3520.36938477,38.0672721863,669,2020,997.24621582,14597.7050781,1924.21411133,1113,1243.10095215,1
"419",896655,7961265,0,0.121056653559,3535.03881836,18.8609809875,729,2020,1110.40527344,14580.2773438,2054.28808594,1259,1391.6895752,1
"420",896805,7961265,0,0.114104881883,3555.98095703,22.7515335083,741,2020,1231.46252441,14564.3740234,2181.55908203,1406,1540.55187988,1
"421",896955,7961265,0,0.11320912838,3583.08520508,25.5217952728,731,2020,1358.30773926,14550,2310.77905273,1554,1689.61535645,1
"422",897105,7961265,0,0.112869560719,3616.21337891,21.6679210663,755,1917,1489.4630127,14537.1591797,2442.37597656,1702,1761.84558105,1
"423",897255,7961265,0,0.110466524959,3655.20166016,15.0561704636,733,1917,1623.88427734,14525.8564453,2575.98535156,1570,1655.17370605,1
"424",897405,7961265,0,0.109461121261,3699.86474609,24.8090209961,785,1917,1760.82373047,14501.2070313,2710.14770508,1437,1555.66711426,1
"425",897555,7961265,0,0.105927184224,3750,28.6040000916,811,1917,1899.73681641,14465.6318359,2845.41748047,1301,1464.78662109,1
"426",897705,7961265,0,0.103568144143,3805.39086914,26.7753715515,881,1917,2040.22058105,14431.5283203,2982.09667969,1168,1384.23266602,1
"427",897855,7961265,0,0.103373490274,3865.81176758,7.83262586594,955,1917,2181.97167969,14398.90625,3120,1040,1314.87646484,1
"428",898005,7961265,0,0.0998696982861,3931.03051758,17.3467731476,951,1917,2324.75805664,14367.7763672,3258.97216797,918,1253.55493164,1
"429",898155,7961265,0,0.100295357406,4000.8125,24.8479804993,996,1818,2468.40039063,14338.1484375,3398.88208008,806,1207.84936523,1
"430",898305,7961265,0,0.103589847684,4074.92333984,17.6054763794,1042,1818,2612.75708008,14310.03125,3539.61865234,708,1179.57617188,1
"431",898455,7961265,0,0.1183924824,4083.74829102,15.3762512207,1039,1818,2757.71655273,14283.4345703,3681.08691406,631,1170,1
"432",898605,7961265,0,0.108546413481,4032.18310547,13.2666730881,1000,1818,2903.18798828,14258.3662109,3823.20556641,569,1176.13769531,1
"433",898755,7961265,0,0.109082110226,3985.59912109,13.617061615,993,1818,3049.09814453,14234.8339844,3856.48803711,541,1200.74975586,1
"434",898905,7961265,0,0.109262526035,3944.17285156,7.54314994812,976,1818,3195.38720703,14212.8466797,3719.27416992,541,1243.10095215,1
"435",899055,7961265,0,0.11176802218,3908.06860352,6.99049425125,1004,1817,3342.00537109,14192.4101563,3583.08520508,569,1301.46069336,1
"436",899205,7961265,0,0.110110715032,3877.43481445,16.466053009,989,1817,3372.03198242,14173.53125,3448.04296875,633,1309.73278809,1
"437",899355,7961265,0,0.107963830233,3852.40185547,13.9611129761,962,1817,3314.83032227,14156.2177734,3314.28735352,722,1266.05688477,1
"438",899505,7961265,0,0.110387794673,3833.07958984,15.2206192017,971,1817,3263.52563477,14140.4736328,3181.98046875,830,1239.11254883,1
"439",899655,7961265,0,0.11175866425,3819.55493164,13.5937662125,975,1817,3218.40014648,14126.3056641,3051.3112793,949,1230,1
"440",899805,7961265,0,0.116730138659,3811.8894043,16.6015491486,980,1817,3179.71704102,14113.7167969,2922.49902344,1075,1233.28833008,1
"441",899955,7961265,0,0.114104598761,3810.11816406,9.87092685699,974,1817,3147.71337891,14102.7128906,2795.80053711,1207,1253.19592285,1
"442",900105,7961265,0,0.112162910402,3814.24951172,8.21995925903,980,1808,3122.5949707,14093.2958984,2671.51635742,1184,1290.34875488,1
"443",900255,7961265,0,0.111374974251,3824.26464844,11.6486349106,976,1808,3104.52905273,14085.4716797,2550,1170,1343.31677246,1
"444",900405,7961265,0,0.111242197454,3840.1171875,12.1060733795,982,1808,3093.63867188,14079.2402344,2431.66601563,1172,1332.21618652,1
"445",900555,7961265,0,0.112048566341,3861.73535156,11.9991388321,1005,1792,3090,14074.6044922,2317.00244141,1189,1320.34082031,1
"446",900705,7961265,0,0.0706142038107,3889.02294922,20.3570671082,992,1792,3090,14071.5673828,2206.58105469,1063,1323.0645752,1
"447",900855,7961265,0,0.0705635324121,3865.81176758,17.355474472,970,1792,3090,14070.1279297,2101.07104492,920,1341.64074707,1
"448",901005,7961265,0,0.0738560035825,3837.18652344,14.0549535751,980,1792,3090,14070.0322266,2001.24963379,780,1376.4083252,1
"449",901155,7961265,0,0.0758995637298,3814.24951172,11.6301050186,1007,1792,3090,14071.1513672,1908.00939941,644,1426.18371582,1
"450",901305,7961265,0,0.0787076875567,3797.10424805,10.8900718689,1008,1792,3091.31030273,14073.8691406,1822.36108398,510,1489.4630127,1
"451",901455,7961265,0,0.0822838842869,3660,16.4195461273,1029,1792,3099.30639648,14078.1855469,1745.42260742,384,1564.60852051,1
"452",901605,7961265,0,0.0831682085991,3510,20.6718788147,1060,1817,3114.5144043,14084.0976563,1678.39208984,283,1650,1
"453",901755,7961265,0,0.0862119048834,3360,19.2925777435,1083,1817,3136.82958984,14091.6035156,1622.49804688,228,1744.13305664,1
"454",901905,7961265,0,0.0818735510111,3210,13.9949798584,1091,1817,3166.10180664,14100.7021484,1578.92370605,210,1824.82873535,1
"455",902055,7961265,0,0.0785883069038,3060,22.5913600922,1046,1817,3202.13989258,14111.3886719,1548.70910645,242,1760.82373047,1
"456",902205,7961265,0,0.0780763030052,2910,16.2664890289,1026,1817,3244.71875,14123.6611328,1532.64477539,268,1698.3815918,1
"457",902355,7961265,0,0.084705889225,2760,20.141084671,1014,1817,3293.5847168,14137.5136719,1531.17602539,323,1615.54943848,1
"458",902505,7961265,0,0.088511839509,2610,16.6138000488,985,1901,3348.46240234,14152.9433594,1544.34448242,379,1542.88696289,1
"459",902655,7961265,0,0.0913592651486,2460,12.4077634811,950,1901,3409.06152344,14169.9433594,1571.7824707,450,1481.890625,1
"460",902805,7961265,0,0.0983840301633,2310,12.6887960434,917,1901,3474.953125,14188.5097656,1612.76159668,552,1434.0501709,1
"461",902955,7961265,0,0.102882198989,2160,12.0170354843,892,1901,3543.55761719,14208.6347656,1666.2833252,577,1400.71411133,1
"462",903105,7961265,0,0.0986979529262,2010,20.5327720642,855,1901,3617.08447266,14230.3125,1731.18457031,450,1376.73522949,1
"463",903255,7961265,0,0.101641856134,1860,11.0434436798,810,1901,3690.97558594,14253.5361328,1806.23913574,342,1355.32287598,1
"464",903405,7961265,0,0.101297535002,1710,6.06376504898,790,1901,3743.63452148,14278.2978516,1890.23803711,234,1256.06530762,1
"465",903555,7961265,0,0.112186335027,1560,23.9626960754,776,2022,3801.48657227,14304.5898438,1982.04443359,127,1145.51293945,1
"466",903705,7961265,9,0.110651031137,1410,13.1663208008,738,2022,3864.2980957,14332.4042969,2080.625,108,1044.84448242,1
"467",903855,7961265,0,0.106352671981,1260,7.36374044418,697,2022,3931.83154297,14361.7304688,2185.06298828,212,957.183349609,1
"468",904005,7961265,0,0.108762934804,1110,16.1655769348,688,2022,4003.84814453,14392.5605469,2294.55883789,309,886.397216797,1
"469",904155,7961265,2,0.0915952771902,960,14.5818109512,627,2022,4080.11035156,14424.8847656,2408.42260742,404,818.840637207,1
"470",904305,7961265,16,0.0846919566393,810,13.2666730881,600,2022,4160.38476563,14458.6933594,2526.06420898,420,758.946655273,1
"471",904455,7961265,2,0.0825899317861,660,11.6486349106,585,2122,4244.44335938,14460,2646.97949219,379,725.603210449,1
"472",904605,7961265,2,0.0860814228654,510,10.3730974197,579,2122,4332.06640625,14460,2770.73999023,351,720.624755859,1
"473",904755,7961265,18,0.080303914845,360,4.90379238129,559,2122,4423.04199219,14460.03125,2896.98120117,277,742.158996582,1
"474",904905,7961265,0,0.0831604003906,210,2.56950283051,552,2122,4517.16748047,14461.1201172,3025.39257813,134,792.022705078,1
"475",905055,7961265,0,0.0798326358199,60,9.00939178467,545,2120,4614.24951172,14463.7646484,3155.70922852,60,865.332336426,1
"476",905205,7961265,0,0.0721336752176,90,13.4922838211,563,2120,4714.10644531,14467.9648438,3287.7043457,127,956.713134766,1
"477",905355,7961265,0,0.0712249949574,240,18.3054485321,607,2120,4816.56494141,14473.7177734,3421.18408203,242,1061.50830078,1
"478",905505,7961265,0,0.0629239603877,390,16.6321544647,648,2120,4921.46337891,14481.0224609,3555.98095703,376,1116.46765137,1
"479",905655,7961265,0,0.0603256560862,540,20.4135150909,684,2120,5028.64794922,14489.8759766,3691.95068359,492,990.454467773,1
"480",905805,7961265,0,0.0593160130084,690,2.38594412804,694,2120,5137.97607422,14500.2753906,3828.96850586,382,872.06652832,1
"481",905955,7961265,2,0.055688817054,840,22.721244812,661,2159,5249.31445313,14512.21875,3966.92578125,295,764.852905273,1
"482",906105,7961265,2,0.0565221756697,990,26.4772815704,626,2159,5284.17431641,14525.7011719,4105.72753906,242,674.166137695,1
"483",906255,7961265,0,0.0565030612051,1140,24.8373641968,587,2159,5182.27734375,14540.71875,4245.29150391,150,607.453674316,1
"484",906405,7961265,18,0.0565679222345,1290,21.0682220459,567,2159,5082.76513672,14557.2666016,4385.54443359,30,540.832702637,1
"485",895455,7961115,0,0.203642994165,3449.34765625,24.9783401489,449,2182,169.705627441,14614.6503906,966.074523926,153,375.898925781,1
"486",895605,7961115,0,0.192533507943,3418.55224609,19.3557281494,471,2105,276.586334229,14586.4492188,1090.77954102,301,466.690490723,1
"487",895755,7961115,0,0.177363455296,3394.11254883,12.9588422775,504,2105,361.247833252,14559.7392578,1214.90734863,451,582.494628906,1
"488",895905,7961115,0,0.174624145031,3376.16650391,18.0539035797,525,2105,466.690490723,14534.5283203,1339.62683105,601,711.196166992,1
"489",896055,7961115,0,0.169222474098,3364.81787109,14.9105043411,558,2105,573.149169922,14510.8232422,1464.78662109,751,846.935668945,1
"490",896205,7961115,0,0.156717687845,3360.1340332,7.50614261627,603,2020,678.822509766,14488.6337891,1590,886,986.813049316,1
"491",896355,7961115,0,0.14598017931,3362.14208984,7.85388565063,582,2020,785.175109863,14467.9648438,1719.18591309,1020,1129.29187012,1
"492",896505,7961115,0,0.126979619265,3370.83081055,30.4184951782,639,2020,900,14448.8232422,1847.62011719,1159,1273.49914551,1
"493",896655,7961115,0,0.119454406202,3386.14819336,19.1168575287,702,2020,1023.96289063,14431.2158203,1975.90490723,1300,1418.90808105,1
"494",896805,7961115,0,0.115075074136,3408.00537109,36.5449142456,685,2020,1154.12304688,14415.1484375,2107.05957031,1442,1565.18371582,1
"495",896955,7961115,0,0.114047929645,3436.27709961,20.4814434052,651,2020,1288.60388184,14400.625,2240.58032227,1587,1712.10400391,1
"496",897105,7961115,0,0.113628663123,3470.80688477,20.1959686279,694,1917,1426.18371582,14387.6513672,2374.7421875,1651,1859.51611328,1
"497",897255,7961115,0,0.11127089709,3511.40991211,17.5283699036,714,1917,1566.04602051,14376.2304688,2510.15942383,1510,1766.9465332,1
"498",897405,7961115,0,0.110524043441,3557.87866211,16.5185661316,736,1917,1707.62988281,14355.7128906,2647.14941406,1371,1674.09680176,1
"499",897555,7961115,0,0.108141981065,3609.98608398,22.8660945892,773,1917,1850.54040527,14319.7763672,2785.48022461,1234,1590,1
"500",897705,7961115,0,0.107080437243,3667.49243164,34.9624290466,846,1917,1994.49243164,14285.3242188,2924.96142578,1101,1516.11340332,1
"501",897855,7961115,0,0.10264609009,3730.14746094,21.6657581329,912,1917,2139.27563477,14252.3681641,3065.4362793,966,1449.96557617,1
"502",898005,7961115,0,0.0995780602098,3797.69677734,16.1845569611,907,1917,2284.73193359,14220.9179688,3206.77416992,834,1394.59667969,1
"503",898155,7961115,0,0.0980028733611,3869.88378906,21.2359333038,963,1818,2430.74072266,14190.9833984,3348.86547852,708,1353.66174316,1
"504",898305,7961115,0,0.100589305162,3946.45410156,27.4706363678,1033,1818,2577.20776367,14162.5742188,3491.61865234,594,1328.49536133,1
"505",898455,7961115,0,0.115065358579,4027.15771484,11.5041599274,1053,1818,2724.05957031,14135.6992188,3634.95532227,499,1320,1
"506",898605,7961115,0,0.109106384218,4111.75146484,12.0215044022,1027,1818,2871.23657227,14110.3681641,3778.80932617,430,1325.44335938,1
"507",898755,7961115,0,0.110537700355,4129.22509766,4.0586643219,1022,1818,3018.69165039,14086.5898438,3799.47363281,391,1347.33068848,1
"508",898905,7961115,0,0.110049180686,4089.25415039,7.72540521622,997,1818,3166.10180664,14064.3701172,3660.12304688,391,1306.98120117,1
"509",899055,7961115,0,0.111711710691,4054.44189453,4.52022743225,1008,1817,3312.6574707,14043.7177734,3521.64746094,430,1234.38244629,1
"510",899205,7961115,0,0.111530631781,4024.92236328,9.29819965363,1002,1817,3459.50854492,14024.6386719,3384.15429688,511,1170,1
"511",899355,7961115,0,0.110348418355,4000.8125,22.1616401672,1008,1817,3455.08325195,14007.140625,3247.76855469,618,1120.89245605,1
"512",899505,7961115,0,0.112019717693,3982.21044922,12.3168239594,1002,1817,3405.8918457,13991.2294922,3112.63549805,741,1090.36694336,1
"513",899655,7961115,0,0.116443835199,3969.19384766,10.1118831635,1004,1817,3362.67749023,13976.9091797,2978.92602539,872,1080,1
"514",899805,7961115,0,0.116198189557,3961.81787109,6.62068986893,1008,1817,3325.67285156,13964.1865234,2846.84033203,1008,1083.74353027,1
"515",899955,7961115,0,0.117989584804,3960.11352539,9.83200359344,991,1817,3295.0871582,13953.0644531,2716.61547852,1106,1106.34533691,1
"516",900105,7961115,0,0.114746131003,3964.08886719,12.6466693878,1004,1808,3271.10083008,13943.546875,2588.5324707,1148,1148.25952148,1
"517",900255,7961115,0,0.115123689175,3973.72631836,9.13694572449,1006,1808,3253.85913086,13935.6376953,2462.92504883,1207,1207.47668457,1
"518",900405,7961115,0,0.115737691522,3988.98486328,7.37130689621,994,1808,3243.47045898,13929.3398438,2340.19238281,1282,1281.60058594,1
"519",900555,7961115,0,0.111937515438,4009.80053711,19.1807689667,1032,1792,3240,13924.6542969,2220.81054688,1180,1368.21044922,1
"520",900705,7961115,0,0.0715692415833,4036.0871582,22.2285251617,1038,1792,3240,13921.5839844,2105.3503418,1031,1465.09387207,1
"521",900855,7961115,0,0.0714200884104,4012.60522461,22.0923633575,1021,1792,3240,13920.1289063,1994.49243164,883,1489.4630127,1
"522",901005,7961115,0,0.0771092027426,3985.03442383,10.482881546,1012,1792,3240,13920.0322266,1889.04736328,735,1520.85498047,1
"523",901155,7961115,0,0.0775468200445,3962.83984375,16.3072681427,1020,1792,3240,13921.1640625,1789.9720459,589,1566.04602051,1
"524",901305,7961115,0,0.0785269215703,3812.95166016,15.649096489,1040,1792,3241.24975586,13923.9111328,1698.3815918,446,1623.88427734,1
"525",901455,7961115,0,0.0834947675467,3663.07250977,18.8792209625,1059,1792,3248.87670898,13928.2734375,1615.54943848,309,1693.07409668,1
"526",901605,7961115,0,0.0859955102205,3513.20361328,17.355474472,1102,1817,3263.38769531,13934.2490234,1542.88696289,175,1772.28662109,1
"527",901755,7961115,0,0.0940198674798,3363.34643555,14.9488182068,1112,1817,3284.69165039,13941.8359375,1481.890625,90,1860.24194336,1
"528",901905,7961115,0,0.0849747806787,3213.50268555,20.9122848511,1074,1817,3312.6574707,13951.0322266,1434.0501709,60,1955.76074219,1
"529",902055,7961115,0,0.0800259336829,3063.67431641,19.6625423431,1033,1817,3347.11816406,13961.8339844,1400.71411133,95,1899.73681641,1
"530",902205,7961115,0,0.0823534652591,2913.86352539,23.784154892,1036,1817,3387.87548828,13974.2373047,1382.93164063,150,1822.36108398,1
"531",902355,7961115,0,0.0846904665232,2764.07299805,17.7893772125,1007,1817,3434.70532227,13988.2382813,1381.30371094,190,1745.42260742,1
"532",902505,7961115,0,0.085754044354,2614.30688477,3.1096329689,993,1901,3487.36279297,14003.8320313,1395.88684082,242,1678.39208984,1
"533",902655,7961115,0,0.0921882539988,2464.56884766,13.5859909058,977,1901,3545.58886719,14021.0126953,1426.18371582,339,1622.49804688,1
"534",902805,7961115,0,0.0968033075333,2314.86499023,23.041343689,942,1901,3609.11352539,14039.7753906,1471.22399902,450,1578.92370605,1
"535",902955,7961115,0,0.102315142751,2165.20214844,12.1767787933,899,1901,3676.31616211,14060.1142578,1529.70581055,577,1548.70910645,1
"536",903105,7961115,0,0.101432397962,2015.5892334,15.1283788681,863,1901,3747.23901367,14082.0205078,1600.15625,553,1524.10632324,1
"537",903255,7961115,0,0.100703053176,1866.03857422,15.84516716,830,1901,3822.73461914,14105.4882813,1681.07104492,446,1467.5489502,1
"538",903405,7961115,0,0.101527355611,1716.56628418,11.5836362839,802,1901,3883.46484375,14130.5097656,1771.01660156,339,1357.64501953,1
"539",903555,7961115,18,0.104602001607,1567.19494629,18.8922367096,771,2022,3939.26391602,14157.0761719,1868.68933105,256,1256.06530762,1
"540",903705,7961115,10,0.105082586408,1417.95629883,12.48939991,737,2022,3999.91259766,14185.1787109,1972.9420166,247,1164.98925781,1
"541",903855,7961115,0,0.0999442413449,1268.8972168,11.8775482178,719,2022,4065.19360352,14214.8095703,2082.78662109,319,1087.06030273,1
"542",904005,7961115,2,0.100440338254,1120.0892334,13.8627357483,677,2022,4134.88818359,14245.9570313,2197.38476563,424,1023.96289063,1
"543",904155,7961115,18,0.0922058597207,971.648071289,9.0460319519,638,2022,4208.77636719,14278.6132813,2316.03100586,516,953.414916992,1
"544",904305,7961115,0,0.0837268009782,823.771789551,12.8267040253,617,2022,4286.64208984,14310.5029297,2438.13452148,570,902.496520996,1
"545",904455,7961115,1,0.0840610712767,676.830871582,9.37478256226,593,2122,4368.27197266,14310,2563.20117188,511,874.64276123,1
"546",904605,7961115,1,0.0860490053892,531.601379395,4.90379238129,580,2122,4453.45947266,14310,2690.81762695,421,870.517089844,1
"547",904755,7961115,0,0.0827349424362,390,9.33362960815,568,2122,4542.00390625,14310.03125,2820.63818359,272,888.425598145,1
"548",904905,7961115,0,0.0830697268248,258.069763184,2.56950283051,563,2122,4633.71337891,14311.1318359,2952.37182617,124,930.483764648,1
"549",905205,7961115,0,0.0720660984516,174.92855835,12.4422101974,538,2120,4825.89892578,14318.0478516,3220.63647461,42,1074.15087891,1
"550",905355,7961115,0,0.0712906420231,283.019439697,23.8501663208,601,2120,4926.03271484,14323.8613281,3356.78417969,182,1135.64953613,1
"551",905505,7961115,0,0.0615448206663,417.851654053,11.981212616,616,2120,5028.64794922,14331.2421875,3494.06640625,331,1113.6427002,1
"552",905655,7961115,0,0.0614471286535,560.446228027,16.1338825226,679,2120,5133.59521484,14340.1884766,3632.35449219,418,1083.74353027,1
"553",905805,7961115,0,0.0588815547526,706.116149902,7.71820163727,708,2120,5240.73486328,14350.6972656,3771.53808594,283,976.729248047,1
"554",905955,7961115,0,0.0564132556319,853.287780762,24.842672348,673,2159,5349.93457031,14362.7646484,3911.52148438,170,882.326477051,1
"555",906105,7961115,0,0.0574949346483,1001.2991333,18.0235271454,618,2159,5394.16357422,14376.3867188,4052.22167969,95,804.98449707,1
"556",906255,7961115,0,0.0566566884518,1149.8260498,24.7983798981,600,2159,5294.38378906,14391.5595703,4193.56640625,67,737.902404785,1
"557",906705,7961115,0,0.0572536364198,1597.05981445,20.1792869568,519,2159,5010.08984375,14446.3320313,4620.87646484,30,666.108093262,1
"558",895305,7960965,0,0.209722071886,3342.00537109,22.0100898743,362,2182,30,14497.4824219,757.165771484,85,480.936584473,1
"559",895455,7960965,0,0.205774903297,3303.40722656,15.2512187958,441,2182,67.0820388794,14467.4980469,882.326477051,192,512.640197754,1
"560",895605,7960965,0,0.206625565886,3271.23828125,20.9236373901,454,2105,150,14439.0097656,1008.0178833,323,582.494628906,1
"561",895755,7960965,0,0.195462480187,3245.68945313,20.6718788147,515,2105,254.558441162,14412.0263672,1132.07775879,466,678.822509766,1
"562",895905,7960965,0,0.188995942473,3226.91796875,17.6906547546,571,2105,361.247833252,14386.5566406,1256.42346191,612,792.022705078,1
"563",896055,7960965,0,0.173487305641,3215.04272461,14.8229923248,577,2105,466.690490723,14362.6074219,1384.23266602,760,915.860229492,1
"564",896205,7960965,0,0.162692144513,3210.14013672,5.72043323517,603,2020,573.149169922,14340.1884766,1514.33154297,908,1046.5657959,1
"565",896355,7960965,0,0.156058490276,3212.2421875,9.7198677063,537,2020,690.651855469,14319.3046875,1641.24951172,1047,1181.86291504,1
"566",896505,7960965,0,0.126785099506,3221.33520508,28.1478214264,609,2020,818.840637207,14299.9648438,1771.77880859,1181,1320.34082031,1
"567",896655,7960965,0,0.123587705195,3237.36010742,32.2055931091,636,2020,953.414916992,14282.1738281,1905.17712402,1316,1461.09545898,1
"568",896805,7960965,0,0.120346233249,3260.21459961,25.4111347198,611,2020,1092.01647949,14265.9384766,2039.33813477,1454,1603.52734375,1
"569",896955,7960965,0,0.114840239286,3289.75683594,35.8898658752,658,2020,1233.28833008,14251.2626953,2174.94824219,1594,1747.22631836,1
"570",897105,7960965,0,0.114705763757,3325.80810547,25.5217952728,709,1917,1376.4083252,14238.1533203,2312.33642578,1608,1891.90380859,1
"571",897255,7960965,0,0.112081125379,3368.15966797,28.7829990387,726,1917,1520.85498047,14226.6123047,2451.20385742,1463,1884.03820801,1
"572",897405,7960965,0,0.112152427435,3416.57714844,17.2067985535,754,1917,1666.2833252,14210.28125,2591.3125,1319,1797.2479248,1
"573",897555,7960965,0,0.111301019788,3470.80688477,15.4667291641,758,1917,1812.45690918,14174.0078125,2732.47143555,1177,1719.18591309,1
"574",897705,7960965,0,0.104861006141,3530.58081055,24.9203357697,793,1917,1959.20898438,14139.2011719,2874.52612305,1036,1650.27270508,1
"575",897855,7960965,0,0.102280631661,3595.62231445,18.829656601,833,1917,2106.41870117,14105.9033203,3017.34985352,899,1587.73425293,1
"576",898005,7960965,0,0.101365990937,3665.65136719,21.3069343567,894,1917,2253.99633789,14074.125,3160.83837891,767,1537.33532715,1
"577",898155,7960965,0,0.0998203083873,3740.38769531,20.001783371,959,1818,2401.49951172,14043.8779297,3304.90551758,631,1500.29992676,1
"578",898305,7960965,0,0.0998437255621,3819.55493164,19.9848842621,1020,1818,2547.8815918,14015.1699219,3449.47827148,499,1477.63330078,1
"579",898455,7960965,0,0.111275650561,3902.88354492,6.06376504898,1061,1818,2694.66137695,13988.0126953,3594.49584961,382,1470,1
"580",898605,7960965,0,0.111718043685,3990.11279297,11.8048343658,1040,1818,2841.77758789,13962.4140625,3739.90649414,295,1379.0213623,1
"581",898755,7960965,0,0.10694372654,4080.99243164,9.5662355423,1018,1818,2989.18041992,13938.3818359,3747.59912109,242,1275.61755371,1
"582",898905,7960965,0,0.104332767427,4175.28417969,4.04469108582,1002,1818,3136.82958984,13915.9257813,3606.24462891,242,1182.24365234,1
"583",899055,7960965,0,0.109017200768,4201.07128906,11.329044342,1005,1817,3284.69165039,13895.0527344,3465.61694336,300,1101.45361328,1
"584",899205,7960965,0,0.106852509081,4172.58935547,4.82254219055,1015,1817,3432.73950195,13875.7705078,3325.80810547,408,1033.1505127,1
"585",899355,7960965,0,0.115349061787,4149.33740234,23.9626960754,1058,1817,3580.94970703,13858.0839844,3186.92651367,537,977.189819336,1
"586",899505,7960965,0,0.117488205433,4131.40429688,19.1807689667,1044,1817,3548.88720703,13842.0009766,3049.09814453,674,942.019104004,1
"587",899655,7960965,0,0.122373223305,4118.85888672,9.7198677063,1031,1817,3507.43505859,13827.5273438,2912.47314453,816,930,1
"588",899805,7960965,0,0.122864276171,4111.75146484,12.888835907,1032,1817,3471.97338867,13814.6660156,2777.22875977,934,934.344665527,1
"589",899955,7960965,0,0.115024857223,4110.109375,13.5859909058,1011,1817,3442.68798828,13803.4238281,2643.57714844,960,960.46862793,1
"590",900105,7960965,0,0.114429607987,4113.93994141,12.7098007202,1013,1808,3419.73681641,13793.8027344,2511.7722168,1008,1008.46417236,1
"591",900255,7960965,0,0.11425254494,4123.22705078,12.2338895798,1022,1808,3403.24853516,13785.8076172,2382.12084961,1075,1075.40686035,1
"592",900405,7960965,0,0.114158093929,4137.93408203,14.4086971283,1025,1808,3393.31689453,13779.4414063,2254.99438477,1158,1158.01550293,1
"593",900555,7960965,0,0.112345546484,4158.00439453,13.9347066879,1037,1792,3390,13774.7050781,2130.8449707,1170,1253.19592285,1
"594",900705,7960965,0,0.124914087355,4183.35986328,21.5267219543,1097,1792,3390,13771.6015625,2010.22387695,1020,1357.64501953,1
"595",900855,7960965,0,0.126767575741,4159.62744141,23.7083797455,1070,1792,3390,13770.1308594,1893.80566406,870,1467.5489502,1
"596",901005,7960965,0,0.0814739242196,4120.93457031,13.262676239,1042,1792,3390,13770.0322266,1782.4140625,720,1584.04541016,1
"597",901155,7960965,0,0.0824520811439,3971.34741211,16.7265949249,1053,1792,3390,13771.1767578,1677.05102539,570,1705.78430176,1
"598",901305,7960965,0,0.0842391178012,3821.79272461,15.8224439621,1078,1792,3391.19458008,13773.9541016,1578.92370605,420,1760.82373047,1
"599",901455,7960965,0,0.0882767364383,3672.27441406,18.8922367096,1108,1792,3398.48486328,13778.3632813,1489.4630127,270,1824.82873535,1
"600",901605,7960965,0,0.0958585888147,3522.79711914,5.00628232956,1132,1817,3412.35986328,13784.4042969,1410.3190918,120,1898.55212402,1
"601",901905,7960965,0,0.0774276778102,3223.98828125,17.7132816315,1078,1817,3459.50854492,13801.3691406,1290.34875488,42,2070.86938477,1
"602",902055,7960965,0,0.074823603034,3074.6706543,13.9158086777,1030,1817,3492.52050781,13812.2880859,1253.19592285,30,2030.27087402,1
"603",902355,7960965,0,0.0814051777124,2776.2565918,13.362200737,965,1817,3576.54858398,13838.9775391,1231.46252441,60,1878.29711914,1
"604",902505,7960965,0,0.0848952382803,2627.18481445,14.6567935944,973,1901,3627.14770508,13854.7392578,1247.7980957,127,1816.17724609,1
"605",902655,7960965,0,0.0902658849955,2478.22509766,8.07700061798,971,1901,3683.16430664,13872.1054688,1281.60058594,242,1764.6529541,1
"606",902805,7960965,0,0.0895862281322,2329.39916992,26.5092525482,960,1901,3744.35571289,13891.0693359,1331.54040527,376,1724.67382813,1
"607",902955,7960965,0,0.096902616322,2180.73388672,14.7948589325,914,1901,3810.35424805,13911.625,1395.88684082,513,1697.05627441,1
"608",903105,7960965,0,0.102104768157,2032.26477051,13.121887207,891,1901,3878.82714844,13933.7646484,1472.75256348,655,1671.94494629,1
"609",903255,7960965,0,0.103179603815,1884.03820801,16.9702968597,847,1901,3951.80981445,13957.4814453,1560.28845215,552,1569.77709961,1
"610",903405,7960965,8,0.099978223443,1736.11633301,10.7444162369,824,1901,4024.02783203,13982.7675781,1656.80419922,458,1467.5489502,1
"611",903555,7960965,9,0.0939816311002,1588.58422852,18.4483718872,778,2022,4077.90380859,14009.6142578,1760.82373047,400,1374.11791992,1
"612",903705,7960965,0,0.0935895144939,1441.56164551,19.9848842621,736,2022,4136.52050781,14038.0126953,1871.09594727,395,1291.39465332,1
"613",903855,7960965,0,0.0917187035084,1295.2220459,8.69765758514,706,2022,4199.67871094,14067.953125,1986.57995605,443,1221.55639648,1
"614",904005,7960965,18,0.0894107967615,1149.8260498,15.1557788849,687,2022,4267.17724609,14099.4257813,2106.41870117,531,1154.12304688,1
"615",904155,7960965,0,0.0848408415914,1005.78326416,20.1864376068,670,2022,4338.81298828,14132.4199219,2229.91040039,582,1092.01647949,1
"616",904305,7960965,0,0.0853559598327,863.770812988,21.9549999237,645,2022,4414.38574219,14160.5087891,2356.48046875,513,1047.85498047,1
"617",904455,7960965,0,0.0858551710844,724.982788086,21.2714748383,627,2122,4493.69580078,14160,2485.65893555,404,1023.96289063,1
"618",904605,7960965,1,0.081484362483,591.692504883,7.14066934586,598,2122,4576.54882813,14160,2617.05932617,300,1020.44110107,1
"619",904755,7960965,0,0.0789754241705,468.614990234,7.60928869247,581,2122,4662.75683594,14160.0322266,2750.36352539,228,1035.76062012,1
"620",904905,7960965,0,0.0769206434488,366.196655273,5.25895309448,559,2122,4752.13623047,14161.1435547,2885.30761719,153,1072.05407715,1
"621",905055,7960965,0,0.0747342854738,305.941162109,3.37228679657,550,2120,4844.51220703,14163.8447266,3021.67163086,120,1101.45361328,1
"622",905205,7960965,0,0.072207570076,313.209197998,1.39176344872,542,2120,4939.71679688,14168.1328125,3159.27197266,108,1036.19494629,1
"623",905355,7960965,0,0.0702680498362,384.187469482,17.5969295502,573,2120,5037.58886719,14174.0078125,3297.95385742,216,989.545349121,1
"624",905505,7960965,0,0.0607590973377,492.036590576,22.0923633575,598,2120,5137.97607422,14181.4667969,3437.58642578,350,964.209533691,1
"625",905655,7960965,0,0.0592254512012,617.737792969,22.149066925,649,2120,5240.73486328,14190.5078125,3578.05810547,390,960.46862793,1
"626",905805,7960965,0,0.059332806617,752.396179199,14.0549535751,674,2120,5345.72705078,14201.1269531,3719.27416992,240,976.729248047,1
"627",905955,7960965,1,0.0560607537627,891.964111328,18.6402759552,654,2159,5452.82519531,14213.3212891,3861.15258789,90,1008.46417236,1
"628",906555,7960965,10,0.0571498833597,1470.91809082,18.2728900909,524,2159,5220.34472656,14277.7626953,4434.01611328,30,810.555358887,1
"629",895305,7960815,0,0.21124689281,3198.20263672,18.1226997375,360,2182,127.279220581,14350.6972656,674.166137695,42,630.713867188,1
"630",895455,7960815,0,0.210113972425,3157.84741211,18.4483718872,391,2182,30,14320.4052734,798.811645508,182,655.209899902,1
"631",895605,7960815,0,0.20562890172,3124.17993164,26.6063785553,402,2105,42.4264068604,14291.6230469,924.175292969,331,711.196166992,1
"632",895755,7960815,0,0.199314981699,3097.41821289,30.449962616,493,2105,150,14264.3613281,1049.57128906,467,792.022705078,1
"633",895905,7960815,0,0.19957369566,3077.74267578,9.83200359344,555,2105,254.558441162,14238.6269531,1180.72009277,582,890.954528809,1
"634",896055,7960815,0,0.174351379275,3065.28955078,22.6381626129,559,2105,361.247833252,14214.4296875,1306.98120117,711,1002.64648438,1
"635",896205,7960815,0,0.167449593544,3060.14697266,22.8380336761,548,2020,483.735473633,14191.7753906,1436.55834961,845,1123.29870605,1
"636",896355,7960815,0,0.161791548133,3062.35205078,12.6255464554,520,2020,618.465820313,14170.6738281,1569.77709961,981,1250.31994629,1
"637",896505,7960815,0,0.136569723487,3071.88867188,19.4712200165,542,2020,758.946655273,14151.1308594,1703.93664551,1120,1374.11791992,1
"638",896655,7960815,0,0.126630350947,3088.68896484,20.6857185364,563,2020,902.496520996,14133.1523438,1839.80981445,1261,1494.59020996,1
"639",896805,7960815,0,0.120618902147,3112.63549805,21.5463504791,580,2020,1047.85498047,14116.7451172,1977.72595215,1398,1592.26257324,1
"640",896955,7960815,0,0.119141414762,3143.56494141,37.123374939,690,2020,1194.36169434,14101.9150391,2117.28588867,1538,1697.05627441,1
"641",897105,7960815,0,0.115675039589,3181.2734375,31.0670490265,758,1917,1341.64074707,14088.6660156,2258.18505859,1578,1806.23913574,1
"642",897255,7960815,0,0.118432819843,3225.52319336,14.3102388382,793,1917,1489.4630127,14077.0029297,2400.1875,1430,1920.93725586,1
"643",897405,7960815,0,0.110878936946,3276.04956055,12.7725782394,802,1917,1637.1315918,14064.6582031,2543.10839844,1283,1924.21411133,1
"644",897555,7960815,0,0.109364151955,3332.56665039,18.4591007233,803,1917,1783.17138672,14028.328125,2686.80102539,1136,1851.51293945,1
"645",897705,7960815,0,0.107488885522,3394.77539063,14.9314174652,807,1917,1929.81860352,13993.1591797,2831.14819336,990,1785.18908691,1
"646",897855,7960815,0,0.103863842785,3462.36914063,21.8292541504,840,1917,2076.94482422,13959.5126953,2976.05444336,845,1727.54162598,1
"647",898005,7960815,0,0.103171698749,3535.03881836,18.3298206329,888,1917,2224.45507813,13927.4013672,3121.44189453,702,1681.33874512,1
"648",898155,7960815,0,0.0995662510395,3612.47827148,25.8493251801,940,1818,2372.27734375,13896.8339844,3267.24658203,564,1647.5435791,1
"649",898305,7960815,0,0.0994250699878,3694.38769531,31.772562027,1012,1818,2520.35717773,13867.8222656,3413.41479492,433,1523.22021484,1
"650",898455,7960815,0,0.106302924454,3780.47607422,11.9046878815,1052,1818,2668.65136719,13840.3759766,3559.90161133,295,1398.46350098,1
"651",898605,7960815,0,0.101751476526,3870.46508789,10.7696828842,1032,1818,2817.1262207,13814.5029297,3706.66967773,170,1279.14038086,1
"652",898755,7960815,0,0.101388119161,3964.08886719,11.3338165283,1008,1818,2965.75463867,13790.2138672,3701.08081055,95,1166.91906738,1
"653",898905,7960815,0,0.103066124022,4061.09594727,13.7788572311,1005,1818,3114.5144043,13767.5166016,3557.87866211,95,1064.04882813,1
"654",899055,7960815,0,0.106593966484,4161.25,8.45910644531,1018,1817,3263.38769531,13746.4179688,3415.25976563,201,973.498840332,1
"655",899205,7960815,0,0.110093586147,4264.32861328,10.8049478531,1032,1817,3412.35986328,13726.9257813,3273.30102539,342,898.999450684,1
"656",899355,7960815,0,0.114747487009,4297.96484375,17.1686420441,1064,1817,3561.41821289,13709.0478516,3132.09204102,488,835.703308105,1
"657",899505,7960815,0,0.122268222272,4280.65429688,16.4195461273,1072,1817,3692.43823242,13692.7900391,2991.73852539,636,794.292114258,1
"658",899655,7960815,0,0.121964298189,4268.54785156,16.0798301697,1066,1817,3652.61547852,13678.1582031,2852.36743164,780,780,1
"659",899805,7960815,0,0.124357439578,4261.68994141,9.46232223511,1050,1817,3618.57714844,13665.15625,2714.12963867,785,785.175109863,1
"660",899955,7960815,0,0.123044744134,4260.10546875,9.19103336334,1037,1817,3590.48754883,13653.7910156,2577.20776367,816,816.088256836,1
"661",900105,7960815,0,0.116999126971,4263.80126953,7.60928869247,1028,1808,3568.48706055,13644.0644531,2441.82299805,872,872.06652832,1
"662",900255,7960815,0,0.122459448874,4272.76269531,13.8284931183,1047,1808,3552.68920898,13635.9814453,2308.24609375,949,948.683288574,1
"663",900405,7960815,0,0.123962715268,4286.95703125,16.3323001862,1065,1808,3543.17651367,13629.5449219,2176.80957031,1041,1041.39331055,1
"664",900555,7960815,0,0.115610584617,4306.33251953,19.7928085327,1071,1792,3540,13624.7568359,2047.92578125,1146,1145.51293945,1
"665",900705,7960815,0,0.126856341958,4330.81982422,21.4589233398,1122,1792,3540,13621.6191406,1922.10827637,1031,1256.06530762,1
"666",900855,7960815,0,0.128711268306,4283.70166016,24.6522350311,1109,1792,3540,13620.1318359,1800,883,1374.11791992,1
"667",901005,7960815,0,0.0878247991204,4134.56152344,13.2065668106,1079,1792,3540,13620.0332031,1682.40893555,735,1497.89855957,1
"668",901155,7960815,0,0.0911493450403,3985.48608398,11.616186142,1097,1792,3540,13621.1894531,1570.35021973,589,1626.09960938,1
"669",901305,7960815,0,0.0922561585903,3836.48266602,14.1295032501,1102,1792,3541.14379883,13623.9970703,1465.09387207,446,1757.75427246,1
"670",901455,7960815,0,0.094281502068,3687.56005859,4.78729057312,1128,1792,3548.1262207,13628.4550781,1368.21044922,309,1892.14160156,1
"671",901605,7960815,0,0.0901177302003,3538.72851563,6.6963467598,1121,1817,3561.41821289,13634.5625,1281.60058594,192,2028.05322266,1
"672",901755,7960815,0,0.0814585536718,3390,7.97323322296,1104,1817,3580.94970703,13642.3164063,1207.47668457,120,2105.3503418,1
"673",901905,7960815,0,0.0778528675437,3241.38867188,21.7713680267,1091,1817,3606.61889648,13651.7138672,1148.25952148,170,2190.20556641,1
"674",902055,7960815,0,0.0758992284536,3092.91113281,21.8805274963,1024,1817,3638.29638672,13662.7519531,1106.34533691,134,2156.03808594,1
"675",902205,7960815,0,0.0763041973114,2944.58813477,12.6255464554,986,1817,3675.82641602,13675.4267578,1083.74353027,90,2080.625,1
"676",902355,7960815,0,0.0793087258935,2796.4440918,13.9648809433,962,1817,3719.03222656,13689.7333984,1081.66540527,30,2013.57885742,1
"677",902505,7960815,0,0.0803504809737,2648.5090332,11.8048343658,940,1901,3767.71826172,13705.6669922,1100.22729492,42,1955.76074219,1
"678",902655,7960815,0,0.0876392871141,2500.81982422,16.4938793182,957,1901,3821.67504883,13723.2216797,1138.41992188,182,1908.00939941,1
"679",902805,7960815,0,0.0900127589703,2353.4230957,10.7797718048,979,1901,3880.68286133,13742.390625,1194.36169434,331,1871.09594727,1
"680",902955,7960815,0,0.0934754610062,2206.37719727,25.7709827423,926,1901,3944.51513672,13763.1679688,1265.70141602,481,1845.6706543,1
"681",903105,7960815,0,0.103111110628,2059.75732422,14.738401413,880,1901,4011.70776367,13785.546875,1350,631,1781.90905762,1
"682",903255,7960815,0,0.100757263601,1913.66137695,15.3594264984,853,1901,4082.31542969,13809.5185547,1444.99133301,666,1679.19628906,1
"683",903405,7960815,0,0.0995078012347,1768.21948242,15.3459501266,814,1901,4157.13867188,13835.0751953,1548.70910645,591,1584.04541016,1
"684",903555,7960815,0,0.0978868082166,1623.60705566,16.874540329,787,2022,4217.32128906,13862.2080078,1659.51794434,547,1497.89855957,1
"685",903705,7960815,1,0.0931401103735,1480.06762695,10.2247200012,758,2022,4274.02636719,13890.9072266,1776.09118652,543,1422.39233398,1
"686",903855,7960815,0,0.0910137817264,1337.94616699,9.83200359344,729,2022,4335.18164063,13921.1640625,1897.36657715,579,1358.30773926,1
"687",904005,7960815,0,0.0904969722033,1197.7479248,7.65304899216,722,2022,4400.60205078,13952.9677734,2022.49841309,582,1288.60388184,1
"688",904155,7960815,0,0.0876453965902,1060.23583984,7.06204414368,699,2022,4470.10058594,13986.3076172,2150.8137207,467,1233.28833008,1
"689",904305,7960815,0,0.0822444632649,926.606689453,24.0948429108,678,2022,4543.48974609,14010.5136719,2281.77563477,376,1194.36169434,1
"690",904455,7960815,0,0.0830878838897,798.811645508,15.6918296814,621,2122,4620.58447266,14010,2414.95336914,323,1173.4564209,1
"691",904605,7960815,10,0.0798253193498,680.147033691,6.1373796463,601,2122,4701.20214844,14010,2550,192,1170.38452148,1
"692",904755,7960815,17,0.0773181393743,576.281188965,16.8083152771,583,2122,4785.16455078,14010.0322266,2686.63354492,95,1166.91906738,1
"693",904905,7960815,7,0.0730101466179,496.588348389,7.23384475708,559,2122,4872.29931641,14011.15625,2824.6237793,30,1064.04882813,1
"694",905055,7960815,0,0.0720671638846,453.982391357,11.4712572098,566,2120,4962.43896484,14013.8857422,2963.78125,30,973.498840332,1
"695",905205,7960815,0,0.06899163872,458.911743164,9.19103336334,534,2120,5055.42285156,14018.2207031,3103.94921875,30,898.999450684,1
"696",905355,7960815,0,0.0632883682847,510,19.4512004852,568,2120,5151.09716797,14024.1582031,3244.99609375,153,844.807678223,1
"697",905505,7960815,0,0.0602465942502,595.482971191,15.7703552246,594,2120,5249.31445313,14031.6962891,3386.81274414,301,814.984680176,1
"698",905655,7960815,0,0.0591457076371,702.922485352,18.6614398956,632,2120,5349.93457031,14040.8330078,3529.3059082,408,810.555358887,1
"699",905805,7960815,0,0.0559194013476,823.771789551,7.06204414368,676,2120,5452.82519531,14051.5654297,3672.39697266,268,829.758972168,1
"700",905955,7960815,0,0.0576803572476,952.942810059,26.4644756317,639,2159,5557.859375,14063.8896484,3816.01879883,150,874.64276123,1
"701",906105,7960815,0,0.058475792408,1087.47412109,7.39395809174,636,2159,5619.69726563,14077.8017578,3960.11352539,90,941.541259766,1
"702",906255,7960815,2,0.0573409833014,1225.60192871,14.8335256577,592,2159,5523.99316406,14093.2958984,4104.63134766,42,1015.13543701,1
"703",906405,7960815,5,0.0562349595129,1366.23571777,22.1280899048,566,2159,5430.74560547,14110.3681641,4249.52929688,42,976.729248047,1
"704",906555,7960815,0,0.0572315864265,1508.67492676,21.1355266571,538,2159,5340.08447266,14129.0126953,4394.76953125,85,960.46862793,1
"705",895455,7960665,0,0.209858596325,3012.72290039,18.779920578,349,2182,150,14173.3730469,715.611633301,150,662.721679688,1
"706",895605,7960665,0,0.208250358701,2977.41503906,21.8292541504,369,2105,42.4264068604,14144.2919922,845.340148926,255,692.603759766,1
"707",895755,7960665,0,0.201491266489,2949.32202148,35.6691207886,454,2105,42.4264068604,14116.7451172,973.498840332,376,751.797851563,1
"708",895905,7960665,0,0.200224980712,2928.65161133,14.3977966309,504,2105,150,14090.7412109,1101.45361328,510,834.086303711,1
"709",896055,7960665,0,0.185698762536,2915.56176758,9.8375749588,513,2105,284.604980469,14066.2890625,1234.38244629,646,933.380981445,1
"710",896205,7960665,0,0.169197529554,2910.15454102,25.3117523193,519,2020,429.534637451,14043.3974609,1368.53930664,787,1044.84448242,1
"711",896355,7960665,0,0.156904935837,2912.47314453,20.1983509064,480,2020,577.061523438,14022.0722656,1504.7923584,926,1164.98925781,1
"712",896505,7960665,0,0.14448723197,2922.49902344,13.2986030579,501,2020,725.603210449,14002.3212891,1643.44152832,1064,1284.05603027,1
"713",896655,7960665,0,0.131893187761,2940.15307617,29.6869335175,562,2020,873.61315918,13984.1513672,1783.92822266,1205,1380.3260498,1
"714",896805,7960665,0,0.123777739704,2965.29931641,27.1972770691,646,2020,1018.67559814,13967.5693359,1925.85046387,1348,1484.92419434,1
"715",896955,7960665,0,0.119154646993,2997.74926758,29.9222869873,672,2020,1164.98925781,13952.5800781,2068.9128418,1477,1594.52185059,1
"716",897105,7960665,0,0.116471387446,3037.26855469,26.132856369,745,1917,1312.13562012,13939.1894531,2212.89404297,1563,1710.26318359,1
"717",897255,7960665,0,0.120625190437,3083.58569336,17.6310844421,794,1917,1459.86303711,13927.4013672,2357.62597656,1413,1830.98339844,1
"718",897405,7960665,0,0.114636972547,3136.39916992,13.0691518784,841,1917,1608.01123047,13917.2197266,2502.97827148,1263,1955.76074219,1
"719",897555,7960665,0,0.113016948104,3195.38720703,15.1694574356,839,1917,1756.47375488,13882.7412109,2648.84887695,1114,1985.67370605,1
"720",897705,7960665,0,0.108428657055,3260.21459961,15.84516716,846,1917,1905.17712402,13847.2021484,2795.15649414,964,1922.34228516,1
"721",897855,7960665,0,0.10436295718,3330.54052734,23.1105079651,872,1917,2054.0690918,13813.2001953,2941.83618164,815,1860.9675293,1
"722",898005,7960665,0,0.104483902454,3406.02416992,17.7217559814,912,1917,2203.11132813,13780.7470703,3088.8347168,666,1721.54003906,1
"723",898155,7960665,0,0.0998743772507,3486.33056641,17.0831432343,955,1818,2352.27539063,13749.8544922,3236.10888672,518,1584.04541016,1
"724",898305,7960665,0,0.100315734744,3571.13427734,17.4248905182,998,1818,2501.53955078,13720.5322266,3383.62231445,371,1449.03417969,1
"725",898455,7960665,0,0.0998363643885,3660.12304688,11.3481197357,1026,1818,2650.88671875,13692.7900391,3531.34545898,228,1317.26989746,1
"726",898605,7960665,0,0.101691260934,3752.9987793,8.21995925903,1014,1818,2800.3034668,13666.6386719,3679.25268555,108,1189.83190918,1
"727",898905,7960665,0,0.0999532043934,3949.30371094,7.8609585762,998,1818,3099.30639648,13619.140625,3515.25244141,30,954.829833984,1
"728",899055,7960665,0,0.102326877415,4052.22167969,7.36374044418,1023,1817,3248.87670898,13597.8125,3370.83081055,180,852.760253906,1
"729",899205,7960665,0,0.109526202083,4158.00439453,10.2247200012,1049,1817,3398.48486328,13578.1074219,3226.91796875,330,766.615966797,1
"730",899355,7960665,0,0.114345103502,4266.43896484,15.0216398239,1070,1817,3548.1262207,13560.0332031,3083.58569336,480,697.782226563,1
"731",899505,7960665,0,0.118995025754,4377.328125,8.98487663269,1094,1817,3697.79663086,13543.5966797,2940.91821289,630,647.611022949,1
"732",899655,7960665,0,0.119172401726,4418.2578125,7.23384475708,1070,1817,3798.1706543,13528.8027344,2799.01757813,630,630,1
"733",899805,7960665,0,0.123635351658,4411.63232422,10.7444162369,1062,1817,3765.44824219,13515.6572266,2658.00683594,636,636.396118164,1
"734",899955,7960665,0,0.122833244503,4410.10205078,2.36199140549,1043,1817,3738.4621582,13504.1660156,2518.03491211,674,674.166137695,1
"735",900105,7960665,0,0.123870998621,4413.671875,8.21995925903,1055,1808,3717.33764648,13494.3320313,2379.28564453,741,740.9453125,1
"736",900255,7960665,0,0.121607586741,4422.32958984,6.60375547409,1055,1808,3702.17504883,13486.1591797,2241.98583984,830,829.758972168,1
"737",900405,7960665,0,0.128751754761,4436.04541016,7.59464359283,1082,1808,3693.04760742,13479.6513672,2106.41870117,933,933.380981445,1
"738",900555,7960665,0,0.120550490916,4454.77294922,20.821149826,1116,1792,3690,13474.8095703,1972.9420166,1045,1044.84448242,1
"739",900705,7960665,0,0.126599907875,4450.62939453,17.7132816315,1149,1792,3690,13471.6367188,1842.00976563,1063,1164.98925781,1
"740",900855,7960665,0,0.13123510778,4302.04589844,16.9195098877,1144,1792,3690,13470.1337891,1714.20532227,920,1291.39465332,1
"741",901005,7960665,0,0.144106343389,4153.56494141,10.8601112366,1105,1792,3690,13470.0332031,1590.28295898,780,1422.39233398,1
"742",901155,7960665,0,0.090956710279,4005.1965332,19.5932579041,1085,1792,3690,13471.2021484,1471.22399902,644,1556.82373047,1
"743",901305,7960665,0,0.0872617661953,3856.95483398,14.5387601852,1081,1792,3691.09741211,13474.0419922,1358.30773926,516,1693.87133789,1
"744",901455,7960665,0,0.0889574885368,3708.85424805,13.7366952896,1104,1792,3697.79663086,13478.5498047,1253.19592285,404,1832.94848633,1
"745",901605,7960665,0,0.0848982408643,3560.9128418,9.87092685699,1107,1817,3710.55249023,13484.7246094,1158.01550293,309,1973.62609863,1
"746",901755,7960665,0,0.0813383683562,3413.15112305,9.13694572449,1091,1817,3729.30297852,13492.5644531,1075.40686035,270,2115.58496094,1
"747",901905,7960665,0,0.0754419416189,3265.59326172,28.4854679108,1071,1817,3753.95800781,13502.0664063,1008.46417236,295,2258.58374023,1
"748",902055,7960665,0,0.0734179019928,3118.26879883,13.362200737,1026,1817,3784.40209961,13513.2265625,960.46862793,277,2284.73193359,1
"749",902205,7960665,0,0.0777624547482,2971.21191406,12.0527391434,995,1817,3820.49731445,13526.0419922,934.344665527,216,2213.70727539,1
"750",902355,7960665,0,0.0766237974167,2824.46459961,15.2919034958,969,1817,3862.08496094,13540.5058594,931.93347168,124,2150.8137207,1
"751",902505,7960665,0,0.0782144144177,2678.07763672,15.6128282547,928,1901,3908.98974609,13556.6142578,953.414916992,124,2096.78320313,1
"752",902655,7960665,0,0.0853506699204,2532.11376953,14.2183628082,930,1901,3961.02270508,13574.3623047,997.24621582,216,2052.31567383,1
"753",902805,7960665,0,0.0874037146568,2386.65039063,7.39395809174,957,1901,4017.98461914,13593.7412109,1060.66015625,351,2018.0435791,1
"754",902955,7960665,0,0.0899805650115,2241.78491211,22.2118301392,904,1901,4079.66918945,13614.7460938,1140.39465332,495,1994.0411377,1
"755",903105,7960665,0,0.100695773959,2097.64160156,9.46812725067,862,1901,4145.75683594,13637.3681641,1233.28833008,641,1890.95214844,1
"756",903255,7960665,0,0.100989170372,1954.37963867,14.4919509888,832,1901,4214.11914063,13661.5996094,1336.60021973,789,1794.49157715,1
"757",903405,7960665,0,0.0987488776445,1812.20861816,15.2919034958,790,1901,4286.64208984,13687.4326172,1448.10217285,731,1705.78430176,1
"758",903555,7960665,0,0.0944617241621,1671.40661621,11.3147134781,759,2022,4357.44189453,13714.8564453,1566.04602051,696,1626.09960938,1
"759",903705,7960665,0,0.0909536704421,1532.35107422,11.0826444626,736,2022,4412.34619141,13743.8642578,1689.0826416,693,1556.82373047,1
"760",903855,7960665,0,0.0909647792578,1395.56445313,16.7508583069,712,2022,4471.61035156,13774.4433594,1816.17724609,655,1489.4630127,1
"761",904005,7960665,0,0.0880622640252,1261.78442383,10.07396698,689,2022,4535.06347656,13806.5849609,1946.53540039,513,1426.18371582,1
"762",904155,7960665,2,0.0853221490979,1132.07775879,9.93726921082,661,2022,4602.53173828,13840.2783203,2079.54321289,376,1376.4083252,1
"763",904305,7960665,0,0.0831856280565,1008.0178833,11.4051351547,644,2022,4673.84228516,13860.5195313,2214.72338867,255,1341.64074707,1
"764",904455,7960665,7,0.0850269794464,891.964111328,13.8284931183,622,2122,4748.82080078,13860,2351.70141602,182,1306.98120117,1
"765",904605,7960665,8,0.078562296927,787.464294434,8.15901470184,603,2122,4827.29736328,13860,2490.18066406,150,1182.24365234,1
"766",905205,7960665,0,0.0626384541392,606.712463379,1.21711814404,529,2120,5172.89111328,13868.3095703,3054.99584961,30,766.615966797,1
"767",905355,7960665,0,0.0624232627451,646.219787598,12.4551000595,532,2120,5266.43164063,13874.3105469,3198.20263672,153,702.281982422,1
"768",905505,7960665,0,0.0591436997056,715.611633301,12.0482826233,551,2120,5362.53662109,13881.9306641,3342.00537109,301,666.108093262,1
"769",905655,7960665,0,0.0575665086508,807.217468262,21.2869987488,600,2120,5461.07128906,13891.1660156,3486.33056641,451,660.68145752,1
"770",905805,7960665,0,0.0571600832045,914.385009766,17.6054763794,637,2120,5561.90625,13902.0146484,3631.11547852,361,684.105224609,1
"771",905955,7960665,0,0.0573330074549,1032.27905273,30.1914234161,615,2159,5664.91845703,13914.4707031,3776.30761719,283,737.902404785,1
"772",906105,7960665,18,0.0573246106505,1157.62683105,20.6094379425,579,2159,5735.02392578,13928.5322266,3921.86181641,228,816.088256836,1
"773",906255,7960665,0,0.056814301759,1288.25463867,12.4722633362,589,2159,5641.27636719,13944.1923828,4067.73901367,134,912.414367676,1
"774",906405,7960665,0,0.057196918875,1422.70874023,20.8872756958,578,2159,5550,13961.4472656,4213.90576172,150,1021.76318359,1
"775",906555,7960665,0,0.0569989569485,1560,17.6225528717,538,2159,5461.31835938,13980.2900391,4360.33251953,60,1110.40527344,1
"776",895455,7960515,0,0.217288941145,2868.1003418,28.4642124176,304,2182,254.558441162,14026.4033203,642.028015137,42,513.517272949,1
"777",895605,7960515,0,0.207512408495,2830.98925781,32.268787384,358,2105,150,13997.0175781,766.615966797,175,551.543273926,1
"778",895755,7960515,0,0.203063175082,2801.42822266,24.6361141205,422,2105,30,13969.1806641,898.999450684,313,624.25958252,1
"779",895905,7960515,0,0.200954347849,2779.65820313,16.8504943848,482,2105,120,13942.9013672,1033.1505127,458,721.248901367,1
"780",896055,7960515,0,0.199071973562,2765.86328125,11.7774372101,522,2105,256.320098877,13918.1894531,1170,591,834.086303711,1
"781",896205,7960515,0,0.168154284358,2760.16308594,39.6995391846,477,2020,400.249908447,13895.0527344,1309.73278809,731,957.183349609,1
"782",896355,7960515,0,0.166209697723,2762.60742188,19.5833339691,476,2020,547.448608398,13873.5,1451.51647949,874,1074.15087891,1
"783",896505,7960515,0,0.143746644258,2773.17504883,28.4642124176,526,2020,695.844787598,13853.5371094,1594.80407715,1015,1168.46057129,1
"784",896655,7960515,0,0.137414813042,2791.77368164,18.3298206329,588,2020,844.807678223,13835.1728516,1739.22399902,1142,1272.79223633,1
"785",896805,7960515,0,0.123146042228,2818.24414063,21.2603778839,656,2020,994.082519531,13818.4121094,1884.51586914,1275,1382.93164063,1
"786",896955,7960515,0,0.119908004999,2852.36743164,23.3919315338,708,2020,1143.54711914,13803.2607422,2030.49255371,1410,1500,1
"787",897105,7960515,0,0.120277866721,2893.87280273,16.6321544647,761,1917,1293.13574219,13789.7246094,2177.01635742,1549,1622.49804688,1
"788",897255,7960515,0,0.120395161211,2942.44799805,11.7774372101,786,1917,1442.80981445,13777.8085938,2323.98364258,1410,1749.28552246,1
"789",897405,7960515,0,0.114517912269,2997.74926758,12.5576810837,823,1917,1592.54516602,13767.5166016,2471.31542969,1260,1879.49462891,1
"790",897555,7960515,0,0.113449960947,3059.41162109,16.1687412262,853,1917,1742.3260498,13737.2490234,2618.95019531,1110,2012.46118164,1
"791",897705,7960515,0,0.112716794014,3127.05932617,16.3604068756,889,1917,1892.14160156,13701.3320313,2766.83935547,960,1957.60058594,1
"792",897855,7960515,0,0.109344884753,3200.3125,12.9424085617,903,1917,2041.984375,13666.9677734,2914.94433594,810,1813.20153809,1
"793",898005,7960515,0,0.107911534607,3278.79541016,10.7797718048,931,1917,2191.84863281,13634.1669922,3063.23364258,660,1669.79040527,1
"794",898155,7960515,0,0.103146255016,3362.14208984,19.3102874756,967,1818,2341.73022461,13602.9404297,3211.68188477,510,1527.64526367,1
"795",898305,7960515,0,0.101688593626,3450,9.74803256989,998,1818,2491.62597656,13573.3007813,3360.26782227,360,1387.15539551,1
"796",898455,7960515,0,0.0979918241501,3542.03320313,8.58248329163,1002,1818,2641.53369141,13545.2578125,3508.97412109,210,1248.8795166,1
"797",898605,7960515,0,0.100098535419,3637.92529297,6.91817474365,995,1818,2791.45117188,13518.8203125,3657.78613281,60,1113.6427002,1
"798",898905,7960515,0,0.0992163047194,3840.1171875,8.11811637878,997,1818,3091.31030273,13470.8017578,3478.57739258,124,858.020996094,1
"799",899055,7960515,0,0.101006180048,3945.8840332,8.69765758514,1025,1817,3241.24975586,13449.2382813,3332.56665039,234,742.765075684,1
"800",899205,7960515,0,0.101969249547,4054.44189453,11.2764015198,1036,1817,3391.19458008,13429.3154297,3186.92651367,362,642.028015137,1
"801",899355,7960515,0,0.106533452868,4165.57324219,12.4551000595,1062,1817,3541.14379883,13411.0400391,3041.70996094,503,563.648803711,1
"802",899505,7960515,0,0.10359865427,4279.07714844,13.9648809433,1060,1817,3691.09741211,13394.4208984,2896.98120117,503,502.89163208,1
"803",899655,7960515,0,0.111943371594,4394.76953125,4.07258892059,1048,1817,3841.05444336,13379.4619141,2752.81665039,480,480,1
"804",899805,7960515,0,0.125132963061,4512.48291016,8.07700061798,1054,1817,3912.55664063,13366.1699219,2609.31030273,488,488.364624023,1
"805",899955,7960515,0,0.125709444284,4560.09863281,3.52040505409,1048,1817,3886.59228516,13354.5498047,2466.57666016,537,536.656311035,1
"806",900105,7960515,0,0.126419305801,4563.55126953,6.99049425125,1062,1808,3866.27734375,13344.6054688,2324.75805664,618,618.465820313,1
"807",900255,7960515,0,0.124046362936,4571.92529297,9.78731536865,1072,1808,3851.70092773,13336.3417969,2184.03295898,721,721.248901367,1
"808",900405,7960515,0,0.128171026707,4585.19335938,13.9347066879,1098,1808,3842.9284668,13329.7597656,2044.6270752,834,834.086303711,1
"809",900555,7960515,0,0.127331957221,4603.31396484,10.8250436783,1119,1792,3840,13324.8642578,1906.82983398,957,957.183349609,1
"810",900705,7960515,0,0.139842182398,4473.32080078,11.8185062408,1159,1792,3840,13321.6552734,1771.01660156,1087,1087.06030273,1
"811",900855,7960515,0,0.12697006762,4325.51708984,16.0287532806,1161,1792,3840,13320.1347656,1637.68127441,979,1221.55639648,1
"812",901005,7960515,0,0.125897839665,4177.87011719,23.2986774445,1104,1792,3840,13320.0341797,1507.48132324,849,1359.30126953,1
"813",901155,7960515,0,0.122861906886,4030.39697266,12.1370639801,1055,1792,3840,13321.2158203,1381.30371094,726,1499.39990234,1
"814",901305,7960515,0,0.0780862495303,3883.1171875,9.97026157379,1053,1792,3841.05444336,13324.0869141,1260.35705566,616,1641.24951172,1
"815",901455,7960515,0,0.0790345221758,3736.05395508,16.4846096039,1088,1792,3847.49267578,13328.6455078,1146.29833984,516,1784.43273926,1
"816",901605,7960515,0,0.0821506232023,3589.23388672,10.8601112366,1096,1817,3859.75390625,13334.890625,1041.39331055,446,1928.65234375,1
"817",901755,7960515,0,0.0760951861739,3442.68798828,14.1999034882,1071,1817,3877.78295898,13342.8183594,948.683288574,420,2073.69238281,1
"818",901905,7960515,0,0.0707300901413,3296.45263672,19.4712200165,1018,1817,3901.49975586,13352.4267578,872.06652832,437,2219.3918457,1
"819",902055,7960515,0,0.0706385523081,3150.57128906,22.9917545319,997,1817,3930.80151367,13363.7119141,816.088256836,418,2365.62890625,1
"820",902205,7960515,0,0.0736953020096,3005.09570313,16.1180076599,971,1817,3965.56420898,13376.6699219,785.175109863,324,2348.82958984,1
"821",902355,7960515,0,0.0761294215918,2860.08740234,10.9695253372,960,1817,4005.64599609,13391.2958984,782.304260254,272,2289.65063477,1
"822",902505,7960515,0,0.0752642378211,2715.62158203,11.2764015198,934,1901,4050.88867188,13407.5839844,807.774719238,272,2238.97290039,1
"823",902655,7960515,0,0.0809120163321,2571.78930664,10.6835079193,901,1901,4101.12158203,13425.5283203,859.069274902,324,2197.38476563,1
"824",902805,7960515,0,0.0823158994317,2428.70336914,15.9098758698,947,1901,4156.1640625,13445.1220703,931.93347168,426,2165.40991211,1
"825",902955,7960515,0,0.0866043567657,2286.50390625,17.355474472,922,1901,4215.82714844,13466.3583984,1021.76318359,551,2102.78393555,1
"826",903105,7960515,0,0.0949313938618,2145.3671875,20.4393177032,860,1901,4279.91845703,13489.2294922,1124.49987793,685,2005.29296875,1
"827",903255,7960515,0,0.09576626122,2005.51733398,15.288517952,821,1901,4347.10253906,13513.7265625,1236.93164063,825,1914.60180664,1
"828",903405,7960515,0,0.095057502389,1867.24401855,10.3730974197,792,1901,4417.44287109,13539.8408203,1356.65026855,874,1831.72045898,1
"829",903555,7960515,0,0.0952201858163,1730.92456055,7.97323322296,764,2022,4491.69238281,13567.5644531,1481.890625,845,1757.75427246,1
"830",903705,7960515,0,0.094071611762,1597.05981445,11.3338165283,743,2022,4551.40625,13596.8857422,1611.36584473,781,1693.07409668,1
"831",903855,7960515,0,0.0897698327899,1466.32189941,8.11811637878,715,2022,4608.8828125,13627.7949219,1744.13305664,631,1623.88427734,1
"832",904005,7960515,0,0.0883740410209,1339.62683105,6.18292999268,685,2022,4670.47119141,13660.2822266,1879.49462891,481,1566.04602051,1
"833",904155,7960515,0,0.088357463479,1218.2364502,26.6792430878,689,2022,4736.01074219,13694.3349609,2016.92834473,331,1504.7923584,1
"834",904305,7960515,18,0.0827679261565,1103.90222168,19.4962081909,679,2022,4805.34082031,13710.5253906,2156.03808594,182,1368.53930664,1
"835",904455,7960515,0,0.0805307999253,999.049560547,10.7444162369,646,2122,4878.29882813,13710,2296.51904297,42,1234.38244629,1
"836",904605,7960515,0,0.0776063278317,906.972961426,11.6486349106,611,2122,4954.72509766,13710,2438.13452148,42,1101.45361328,1
"837",904755,7960515,0,0.0754421278834,831.925476074,15.9131031036,592,2122,5034.46142578,13710.0332031,2580.69750977,30,973.498840332,1
"838",905205,7960515,0,0.0612272769213,755.38067627,17.9681282043,570,2120,5292.00341797,13718.4003906,3012.72290039,60,642.028015137,1
"839",905355,7960515,0,0.0617644004524,787.464294434,17.4393081665,549,2120,5383.47460938,13724.4667969,3157.84741211,201,563.648803711,1
"840",905505,7960515,0,0.0595730803907,845.340148926,12.1060733795,548,2120,5477.52685547,13732.1699219,3303.40722656,342,517.880310059,1
"841",905655,7960515,0,0.0581196472049,924.175292969,17.5283699036,572,2120,5574.02929688,13741.5068359,3449.34765625,485,510.881591797,1
"842",905805,7960515,0,0.0580300986767,1019.11724854,16.3072681427,620,2120,5672.85644531,13752.4726563,3595.62231445,484,540.832702637,1
"843",905955,7960515,2,0.0571499615908,1126.0994873,22.3096561432,597,2159,5773.88964844,13765.0644531,3742.19189453,418,607.453674316,1
"844",906105,7960515,18,0.0580720677972,1242.01452637,12.3688821793,550,2159,5851.92285156,13779.2783203,3889.02294922,342,700.357055664,1
"845",906255,7960515,0,0.0573579594493,1364.58789063,11.9991388321,557,2159,5760.078125,13795.1074219,4036.0871582,270,810.555358887,1
"846",906405,7960515,0,0.0566276721656,1492.17956543,20.0643901825,556,2159,5670.71435547,13812.5488281,4183.35986328,120,931.93347168,1
"847",895605,7960365,0,0.21021270752,2684.95800781,28.4812202454,310,2105,189.736663818,13849.8017578,697.782226563,127,416.77331543,1
"848",895755,7960365,0,0.2028555125,2653.77099609,26.6111412048,401,2105,60,13821.6679688,835.703308105,256,509.116882324,1
"849",895905,7960365,0,0.20127786696,2630.77929688,28.9669589996,424,2105,90,13795.1074219,977.189819336,400,624.25958252,1
"850",896055,7960365,0,0.195233613253,2616.19946289,13.2065668106,477,2105,240,13770.1308594,1120.89245605,541,751.797851563,1
"851",896205,7960365,0,0.172117143869,2610.17236328,12.888835907,441,2020,390,13746.7451172,1266.05688477,684,865.332336426,1
"852",896355,7960365,0,0.161201417446,2612.75708008,19.7216739655,466,2020,540,13724.9589844,1412.2322998,808,956.713134766,1
"853",896505,7960365,0,0.144629016519,2623.9284668,29.6500205994,518,2020,690,13704.7802734,1559.13439941,939,1060.66015625,1
"854",896655,7960365,0,0.136934369802,2643.57714844,28.8994235992,585,2020,840,13686.2158203,1706.57556152,1075,1171.53747559,1
"855",896805,7960365,0,0.12251585722,2671.51635742,26.9317474365,679,2020,990,13669.2724609,1854.42712402,1215,1290.34875488,1
"856",896955,7960365,0,0.123881630599,2707.48950195,24.9414520264,738,2020,1140,13653.9550781,2002.5982666,1357,1415.09716797,1
"857",897105,7960365,0,0.123499676585,2751.18164063,23.9851074219,792,1917,1290,13640.2714844,2151.02294922,1500,1544.34448242,1
"858",897255,7960365,0,0.11912984401,2802.23120117,25.5895214081,811,1917,1440,13628.2246094,2299.65209961,1411,1677.05102539,1
"859",897405,7960365,0,0.115065947175,2860.24462891,11.5836362839,829,1917,1590,13617.8193359,2448.44848633,1261,1812.45690918,1
"860",897555,7960365,0,0.115397267044,2924.80761719,18.2320861816,854,1917,1740,13591.8212891,2597.38330078,1112,1950,1
"861",897705,7960365,0,0.113561041653,2995.49658203,10.7797718048,887,1917,1890,13555.5527344,2746.43408203,962,1916.71594238,1
"862",897855,7960365,0,0.110200852156,3071.88867188,11.6532621384,916,1917,2040,13520.8173828,2895.58276367,812,1774.06311035,1
"863",898005,7960365,0,0.107443489134,3153.56933594,7.50614261627,936,1917,2190,13487.6611328,3044.81518555,663,1630.24536133,1
"864",898155,7960365,0,0.100322023034,3240.13891602,9.46232223511,967,1818,2340,13456.0957031,3194.11962891,514,1484.31799316,1
"865",898305,7960365,0,0.0995842218399,3331.21606445,8.54372596741,979,1818,2490,13426.1308594,3343.48608398,365,1339.29089355,1
"866",898455,7960365,0,0.0959654003382,3426.44140625,8.76725196838,985,1818,2640,13397.7792969,3492.90698242,218,1195.49157715,1
"867",898605,7960365,0,0.09732234478,3525.47875977,6.18292999268,1000,1818,2790,13371.0507813,3642.37548828,85,1053.42297363,1
"868",898755,7960365,0,0.0968415141106,3628.01586914,5.39642429352,1003,1818,2940,13345.9541016,3595.62231445,30,913.89276123,1
"869",898905,7960365,0,0.0959019809961,3733.76489258,5.87557268143,984,1818,3090,13322.5,3448.04296875,134,778.267333984,1
"870",899055,7960365,0,0.0972370058298,3842.46020508,17.2740459442,1001,1817,3240,13300.6953125,3300.68164063,277,648.999206543,1
"871",899205,7960365,0,0.0966507941484,3953.85888672,11.79570961,1025,1817,3390,13280.5498047,3153.56933594,424,530.754150391,1
"872",899355,7960365,0,0.0968797281384,4067.73901367,12.4422101974,1033,1817,3540,13262.0703125,3006.74243164,433,432.666168213,1
"873",899505,7960365,0,0.0971593558788,4183.89746094,11.4712572098,1025,1817,3690,13245.2636719,2860.24462891,362,362.491394043,1
"874",899655,7960365,0,0.0985079854727,4302.15039063,15.6918296814,1030,1817,3840,13230.1357422,2714.12963867,330,330,1
"875",899805,7960365,0,0.124522216618,4422.32958984,4.39337730408,1041,1817,3990,13216.6943359,2568.46264648,342,342.052612305,1
"876",899955,7960365,0,0.125549256802,4544.28222656,3.76924395561,1054,1817,4034.8605957,13204.9423828,2423.32421875,408,408.044128418,1
"877",900105,7960365,0,0.125711709261,4667.86865234,2.78188633919,1068,1808,4015.2956543,13194.8857422,2278.81542969,509,509.116882324,1
"878",900255,7960365,0,0.129396319389,4721.54638672,12.2601480484,1076,1808,4001.26220703,13186.5273438,2135.06445313,624,624.25958252,1
"879",900405,7960365,0,0.129187509418,4734.39550781,6.17384767532,1097,1808,3992.81860352,13179.8710938,1992.23498535,752,751.797851563,1
"880",900555,7960365,0,0.12277507782,4647.96728516,10.9050178528,1109,1792,3990,13174.9189453,1850.54040527,886,886.397216797,1
"881",900705,7960365,0,0.132824331522,4500.89990234,15.8743257523,1150,1792,3990,13171.6738281,1710.26318359,1025,1025.28039551,1
"882",900855,7960365,0,0.124631650746,4354.03271484,17.8230667114,1139,1792,3990,13170.1367188,1571.7824707,1057,1166.91906738,1
"883",901005,7960365,0,0.123216494918,4207.38623047,17.8678607941,1099,1792,3990,13170.0341797,1435.61828613,937,1310.4197998,1
"884",901155,7960365,0,0.119482636452,4060.98510742,21.182466507,1056,1792,3990,13171.2304688,1302.49755859,828,1455.23193359,1
"885",901305,7960365,0,0.115499988198,3914.85620117,9.51443099976,1024,1792,3991.01489258,13174.1337891,1173.4564209,726,1600.99963379,1
"886",901455,7960365,0,0.0714325904846,3769.03173828,19.7707691193,1032,1792,3997.21142578,13178.7441406,1050,644,1747.48388672,1
"887",901605,7960365,0,0.0740510597825,3623.5480957,24.66655159,1060,1817,4009.01489258,13185.0595703,934.344665527,589,1894.51843262,1
"888",901755,7960365,0,0.0718544200063,3478.44799805,24.2369346619,1033,1817,4026.37548828,13193.078125,829.758972168,570,2041.984375,1
"889",901905,7960365,0,0.0697732120752,3333.78173828,20.7018508911,997,1817,4049.22216797,13202.7949219,740.9453125,582,2189.79443359,1
"890",902055,7960365,0,0.0695657804608,3189.6081543,16.3354263306,953,1817,4077.46240234,13214.2080078,674.166137695,534,2337.88354492,1
"891",902205,7960365,0,0.0701449364424,3045.99731445,14.2035980225,938,1817,4110.98535156,13227.3125,636.396118164,457,2485.65893555,1
"892",902355,7960365,0,0.0732462927699,2903.03295898,16.0319519043,941,1817,4149.66259766,13242.1035156,632.850708008,421,2429.81469727,1
"893",902505,7960365,0,0.0731218606234,2760.81518555,10.6068344116,914,1901,4193.35205078,13258.5742188,664.078308105,421,2382.12084961,1
"894",902655,7960365,0,0.0760103911161,2619.46557617,7.39395809174,879,1901,4241.89794922,13276.7207031,725.603210449,457,2343.07495117,1
"895",902805,7960365,0,0.0757535248995,2479.1328125,19.8587341309,927,1901,4295.13671875,13296.5332031,810.555358887,534,2313.11474609,1
"896",902955,7960365,0,0.0850853323936,2340,20.6071205139,915,1901,4352.89550781,13318.0068359,912.414367676,638,2216.34838867,1
"897",903105,7960365,0,0.089005343616,2202.29418945,16.453666687,862,1901,4414.99707031,13341.1318359,1026.15783691,757,2124.07617188,1
"898",903255,7960365,0,0.0890886038542,2066.30102539,9.37478256226,834,1901,4481.16064453,13365.9003906,1148.25952148,886,2038.67602539,1
"899",903405,7960365,0,0.0883683264256,1932.38195801,12.2994165421,801,1901,4549.42871094,13392.3037109,1276.32287598,1019,1961.0456543,1
"900",903555,7960365,0,0.0877585932612,1800.99975586,5.5507183075,785,2022,4621.55810547,13420.3320313,1408.72277832,930,1892.14160156,1
"901",903705,7960365,0,0.0863156989217,1672.75219727,19.5336112976,774,2022,4691.140625,13449.9736328,1544.34448242,780,1824.82873535,1
"902",903855,7960365,0,0.0844817459583,1548.4185791,18.7379055023,745,2022,4746.92529297,13481.2207031,1682.40893555,630,1739.22399902,1
"903",904005,7960365,7,0.083160623908,1429.02062988,13.7097864151,709,2022,4806.74511719,13514.0595703,1822.36108398,480,1594.80407715,1
"904",904155,7960365,0,0.0830385312438,1315.90270996,5.47926855087,728,2022,4870.45166016,13548.4794922,1963.79736328,330,1451.51647949,1
"905",904305,7960365,0,0.078754529357,1210.82617188,16.7235584259,684,2022,4937.89453125,13560.53125,2106.41870117,180,1309.73278809,1
"906",904455,7960365,2,0.0783403664827,1116.0645752,11.8048343658,649,2122,5008.921875,13560,2250,30,1170,1
"907",904905,7960365,0,0.0715010613203,924.175292969,14.9939479828,602,2122,5242.02246094,13561.1943359,2684.95800781,42,766.615966797,1
"908",905055,7960365,0,0.0623369626701,901.997802734,19.4937114716,566,2120,5325.90820313,13564.0146484,2830.98925781,85,642.028015137,1
"909",905205,7960365,0,0.0622597448528,904.488830566,7.57261991501,543,2120,5412.65185547,13568.4931641,2977.41503906,85,530.754150391,1
"910",905355,7960365,0,0.0587522387505,931.450500488,9.70292663574,536,2120,5502.11767578,13574.6269531,3124.17993164,218,432.666168213,1
"911",905505,7960365,0,0.0570049658418,980.866943359,12.5107831955,539,2120,5594.17578125,13582.4150391,3271.23828125,365,371.079498291,1
"912",905655,7960365,0,0.0581818111241,1049.57128906,22.9040985107,557,2120,5688.69921875,13591.8544922,3418.55224609,361,361.247833252,1
"913",905805,7960365,0,0.0569903068244,1134.06347656,24.0688724518,591,2120,5785.56835938,13602.9404297,3566.09033203,391,402.492248535,1
"914",905955,7960365,0,0.0577373057604,1231.0970459,9.29819965363,602,2159,5884.66650391,13615.6708984,3713.82543945,430,488.364624023,1
"915",906105,7960365,0,0.056812107563,1337.94616699,21.3157863617,570,2159,5970.30126953,13630.0400391,3861.73535156,421,600,1
"916",906255,7960365,0,0.0578310638666,1452.44616699,7.39395809174,528,2159,5880.30615234,13646.0429688,4009.80053711,272,725.603210449,1
"917",906405,7960365,0,0.0576303005219,1572.92724609,12.6255464554,523,2159,5792.79736328,13663.6748047,4158.00439453,124,859.069274902,1
"918",895755,7960215,0,0.204761564732,2506.3918457,17.1568813324,344,2182,0,13674.2089844,794.292114258,212,416.77331543,1
"919",895905,7960215,0,0.201052963734,2482.03540039,10.3888578415,366,2182,123.69316864,13647.3623047,942.019104004,361,551.543273926,1
"920",896055,7960215,0,0.194210112095,2466.57666016,29.5613555908,410,2182,256.320098877,13622.1142578,1090.36694336,474,657.95135498,1
"921",896205,7960215,0,0.172209560871,2460.18286133,8.30048370361,416,2050,400.249908447,13598.4746094,1239.11254883,604,745.184570313,1
"922",896355,7960215,0,0.160585954785,2462.92504883,16.7235584259,443,2050,547.448608398,13576.4501953,1388.1282959,741,848.528137207,1
"923",896505,7960215,0,0.143803536892,2474.77270508,21.9061012268,503,2050,695.844787598,13556.0507813,1537.33532715,882,960.46862793,1
"924",896655,7960215,0,0.13814085722,2495.59619141,28.1492671967,561,2050,844.807678223,13537.2822266,1686.68310547,1026,1081.66540527,1
"925",896805,7960215,0,0.126938402653,2525.17333984,34.1152458191,655,2050,994.082519531,13520.1513672,1836.13720703,1167,1209.33862305,1
"926",896955,7960215,0,0.12445294857,2563.20117188,30.3085193634,735,2050,1143.54711914,13504.6660156,1985.67370605,1304,1341.64074707,1
"927",897105,7960215,0,0.123229466379,2609.31030273,28.2802696228,787,1893,1293.13574219,13490.8300781,2135.27514648,1443,1477.32861328,1
"928",897255,7960215,0,0.120538361371,2663.08081055,25.0116424561,839,1893,1442.80981445,13478.6494141,2284.92895508,1426,1615.54943848,1
"929",897405,7960215,0,0.115262471139,2724.05957031,13.5976524353,834,1893,1592.54516602,13468.1289063,2434.62524414,1277,1755.70495605,1
"930",897555,7960215,0,0.115809313953,2791.77368164,13.9044561386,869,1893,1742.3260498,13446.1923828,2584.35668945,1130,1897.36657715,1
"931",897705,7960215,0,0.112986020744,2865.74609375,11.6902084351,891,1893,1892.14160156,13409.8662109,2734.11767578,983,1877.57824707,1
"932",897855,7960215,0,0.109698787332,2945.50512695,14.9105043411,912,1893,2041.984375,13374.7519531,2883.90356445,837,1731.7043457,1
"933",898005,7960215,0,0.108184784651,3030.59399414,12.1060733795,948,1893,2191.84863281,13341.2333984,3033.71069336,693,1586.60009766,1
"934",898155,7960215,0,0.101261667907,3120.5769043,11.5975980759,954,1867,2341.73022461,13309.3203125,3183.53588867,552,1442.49780273,1
"935",898305,7960215,0,0.0997628346086,3215.04272461,8.84250831604,954,1867,2491.62597656,13279.0244141,3333.37670898,417,1299.73071289,1
"936",898455,7960215,0,0.099310927093,3313.60839844,10.7696828842,962,1867,2641.53369141,13250.3583984,3483.23120117,297,1158.79248047,1
"937",898605,7960215,0,0.0966926217079,3415.91870117,10.6987705231,987,1867,2791.45117188,13223.3320313,3633.09790039,218,1012.02764893,1
"938",898755,7960215,0,0.0993698015809,3521.64746094,13.6441822052,982,1867,2941.37719727,13197.9541016,3572.39404297,180,865.852172852,1
"939",898905,7960215,0,0.0960811823606,3630.49584961,10.4516429901,960,1867,3091.31030273,13174.2363281,3423.8137207,234,721.248901367,1
"940",899055,7960215,0,0.0968979597092,3742.19189453,11.3147134781,969,1864,3241.24975586,13152.1865234,3275.36254883,342,579.396240234,1
"941",899205,7960215,0,0.0957877486944,3856.48803711,11.5463113785,991,1864,3391.19458008,13131.8125,3127.05932617,443,442.944702148,1
"942",899355,7960215,0,0.0961651653051,3973.15991211,14.5243759155,1003,1864,3541.14379883,13113.1230469,2978.92602539,319,318.904388428,1
"943",899505,7960215,0,0.0962416231632,4092.00439453,8.06324577332,1005,1864,3691.09741211,13096.125,2830.98925781,228,228.473190308,1
"944",899655,7960215,0,0.0985079854727,4212.83740234,7.83262586594,999,1864,3841.05444336,13080.8251953,2683.28149414,180,180,1
"945",899805,7960215,0,0.114077977836,4335.49316406,10.3730974197,1026,1864,3991.01489258,13067.2304688,2535.84301758,201,201.246124268,1
"946",899955,7960215,0,0.119621425867,4459.82080078,13.628692627,1043,1864,4140.97802734,13055.34375,2388.72338867,297,296.984863281,1
"947",900105,7960215,0,0.125496506691,4585.68408203,9.7198677063,1055,1815,4164.38476563,13045.171875,2241.98583984,417,416.77331543,1
"948",900255,7960215,0,0.122798211873,4712.9609375,13.6557855606,1063,1815,4150.85546875,13036.7177734,2095.70996094,552,551.543273926,1
"949",900405,7960215,0,0.128980606794,4825.61914063,11.1411619186,1089,1815,4142.71630859,13029.984375,1950,693,692.603759766,1
"950",900555,7960215,0,0.122461102903,4679.32666016,8.38019180298,1118,1824,4140,13024.9755859,1804.99304199,837,836.779541016,1
"951",900705,7960215,0,0.130825147033,4533.27685547,19.7585105896,1163,1824,4140,13021.6933594,1660.87329102,983,982.700378418,1
"952",900855,7960215,0,0.12249840796,4387.49365234,21.5267219543,1166,1824,4140,13020.1386719,1517.89331055,1130,1129.69018555,1
"953",901005,7960215,0,0.121485285461,4242.00439453,20.9576473236,1103,1824,4140,13020.0341797,1376.4083252,1040,1277.38012695,1
"954",901155,7960215,0,0.116589017212,4096.84033203,14.9383802414,1053,1824,4140,13021.2441406,1236.93164063,937,1425.55249023,1
"955",901305,7960215,0,0.112457633018,3952.03735352,17.8566761017,1018,1824,4140.97802734,13024.1816406,1100.22729492,849,1574.07116699,1
"956",901455,7960215,0,0.06959182024,3807.63696289,10.4307603836,985,1824,4146.95068359,13028.8447266,967.470947266,780,1722.84643555,1
"957",901605,7960215,0,0.0694722384214,3663.68676758,18.3514480591,995,1920,4158.32910156,13035.2333984,840.535522461,735,1871.81726074,1
"958",901755,7960215,0,0.071052506566,3520.24145508,15.3189554214,989,1920,4175.06884766,13043.3427734,722.495666504,720,2020.94042969,1
"959",901905,7960215,0,0.0720398798585,3377.36572266,12.5576810837,976,1920,4197.10595703,13053.171875,618.465820313,730,2170.18432617,1
"960",902055,7960215,0,0.0708542093635,3235.13525391,10.6017017365,957,1920,4224.35791016,13064.7158203,536.656311035,659,2319.52587891,1
"961",902205,7960215,0,0.0700434148312,3093.63867188,11.9272518158,927,1920,4256.72412109,13077.9697266,488.364624023,598,2468.94726563,1
"962",902355,7960215,0,0.0720438584685,2952.98144531,11.3099327087,900,1920,4294.08886719,13092.9296875,483.735473633,571,2571.08935547,1
"963",902505,7960215,0,0.0733617991209,2813.28979492,11.2427597046,903,1968,4336.32324219,13109.5878906,523.927490234,571,2526.06420898,1
"964",902655,7960215,0,0.0745866522193,2674.71484375,21.4304027557,860,1968,4383.28662109,13127.9394531,600,598,2489.27709961,1
"965",902805,7960215,0,0.0745605155826,2537.43969727,25.789352417,878,1968,4434.828125,13147.9765625,700.357055664,659,2427.59130859,1
"966",902955,7960215,0,0.0830954015255,2401.68701172,15.7180576324,901,1968,4490.79052734,13169.6923828,816.088256836,745,2334.03076172,1
"967",903105,7960215,0,0.084807805717,2267.73022461,12.2601480484,879,1968,4551.01074219,13193.078125,941.541259766,850,2246.59741211,1
"968",903255,7960215,0,0.0867142081261,2135.90722656,15.48341465,851,1968,4615.32226563,13218.1240234,1073.31262207,966,2166.03320313,1
"969",903405,7960215,0,0.0862425416708,2006.63903809,21.6115970612,824,1968,4682.49951172,13244.8212891,1209.33862305,1090,2093.1315918,1
"970",903555,7960215,0,0.0856658220291,1880.45202637,29.549407959,827,2000,4752.60986328,13273.1611328,1348.33227539,942,1994.49243164,1
"971",903705,7960215,0,0.0853628367186,1758.01025391,15.7311515808,813,2000,4826.36523438,13303.1308594,1489.4630127,794,1850.54040527,1
"972",903855,7960215,0,0.0830001085997,1640.15246582,16.6015491486,785,2000,4885.67285156,13334.7216797,1632.17651367,648,1706.57556152,1
"973",904005,7960215,0,0.0832179412246,1527.93981934,15.7180576324,756,2000,4943.81445313,13367.9208984,1776.09118652,503,1559.13439941,1
"974",904155,7960215,5,0.0798629075289,1422.70874023,16.0287532806,718,2000,5005.77685547,13402.7158203,1920.93725586,362,1412.2322998,1
"975",904305,7960215,5,0.0777836367488,1326.12219238,10.197977066,697,2000,5071.41992188,13410.5371094,2066.51879883,228,1266.05688477,1
"976",904455,7960215,0,0.0781227573752,1240.20153809,8.71035480499,687,2098,5140.60302734,13410,2212.69067383,108,1120.89245605,1
"977",904605,7960215,0,0.0731145143509,1167.30456543,14.9070158005,668,2098,5213.18505859,13410,2359.34301758,90,977.189819336,1
"978",904755,7960215,0,0.06863360852,1110,20.6071205139,611,2098,5289.02636719,13410.0332031,2506.3918457,120,835.703308105,1
"979",904905,7960215,5,0.0641925111413,1070.79406738,11.8048343658,568,2098,5367.98828125,13411.2080078,2653.77099609,162,697.782226563,1
"980",905055,7960215,0,0.0624024234712,1051.71289063,4.8575334549,554,2144,5449.93554688,13414.0595703,2801.42822266,218,563.648803711,1
"981",905205,7960215,0,0.0590017959476,1053.85009766,9.39236068726,554,2144,5534.73583984,13418.5878906,2949.32202148,218,432.666168213,1
"982",905355,7960215,0,0.05947676301,1077.0793457,9.42157936096,573,2144,5622.25927734,13424.7900391,3097.41821289,297,318.904388428,1
"983",905505,7960215,8,0.0584310591221,1120.0892334,18.8714065552,557,2144,5712.38134766,13432.6650391,3245.68945313,228,228.473190308,1
"984",905655,7960215,0,0.0587265081704,1180.72009277,7.54314994812,535,2144,5804.98046875,13442.2099609,3394.11254883,212,212.132034302,1
"985",905805,7960215,0,0.0570444464684,1256.42346191,16.5555114746,532,2144,5899.94091797,13453.4199219,3542.66845703,242,276.586334229,1
"986",905955,7960215,0,0.0570983141661,1344.65612793,27.4947166443,571,2164,5997.14941406,13466.2910156,3691.34130859,300,391.152130127,1
"987",906105,7960215,0,0.0567416474223,1443.12158203,23.5614871979,527,2164,6090.07373047,13480.8193359,3840.1171875,408,523.927490234,1
"988",906255,7960215,0,0.057575263083,1549.87097168,9.7198677063,516,2164,6001.87451172,13497,3988.98486328,300,657.95135498,1
"989",906405,7960215,0,0.0577823743224,1663.30993652,6.05449867249,511,2164,5916.1640625,13514.8251953,4137.93408203,150,797.119812012,1
"990",895755,7960065,0,0.206017926335,2359.34301758,22.1154899597,345,2182,84.8528137207,13526.8066406,780,150,342.052612305,1
"991",895905,7960065,0,0.202500775456,2333.45239258,25.6030311584,390,2182,192.093734741,13499.6669922,930,268,445.982055664,1
"992",896055,7960065,0,0.178977191448,2317.00244141,34.469669342,434,2182,323.109893799,13474.1416016,1080,408,534.13482666,1
"993",896205,7960065,0,0.167339399457,2310.19482422,30.7885112762,442,2050,456.946380615,13450.2412109,1230,553,636.396118164,1
"994",896355,7960065,0,0.160974830389,2313.11474609,13.5821018219,461,2050,590.93145752,13427.9746094,1380,700,750,1
"995",896505,7960065,0,0.142726659775,2325.72558594,12.6887960434,474,2050,730.547729492,13407.3486328,1530,832,874.64276123,1
"996",896655,7960065,0,0.138403385878,2347.87133789,17.755607605,533,2050,873.61315918,13388.3720703,1680,969,1006.23059082,1
"997",896805,7960065,0,0.126044392586,2379.28564453,36.5032844543,604,2050,1018.67559814,13371.0507813,1830,1110,1142.3659668,1
"998",896955,7960065,0,0.121724620461,2419.60742188,26.167137146,690,2050,1164.98925781,13355.3925781,1980,1253,1281.60058594,1
"999",897105,7960065,0,0.120365433395,2468.40039063,22.5260124207,706,1893,1312.13562012,13341.4013672,2130,1397,1423.02490234,1
"1000",897255,7960065,0,0.116224110126,2525.17333984,27.463104248,759,1893,1459.86303711,13329.0849609,2280,1455,1566.04602051,1
"1001",897405,7960065,0,0.120223335922,2589.40136719,14.4919509888,806,1893,1608.01123047,13318.4462891,2430,1310,1710.26318359,1
"1002",897555,7960065,0,0.114132158458,2660.54516602,13.8627357483,833,1893,1756.47375488,13300.6621094,2580,1167,1855.39758301,1
"1003",897705,7960065,0,0.114370167255,2738.06494141,10.1818943024,870,1893,1905.17712402,13264.2753906,2730,1025,1849.81079102,1
"1004",897855,7960065,0,0.108063831925,2821.43579102,16.0670795441,907,1893,2054.0690918,13228.7753906,2880,886,1701.55810547,1
"1005",898005,7960065,0,0.105104230344,2910.15454102,2.45639467239,942,1893,2203.11132813,13194.8857422,3030,752,1553.64086914,1
"1006",898155,7960065,0,0.101250745356,3003.74755859,8.40658378601,931,1867,2352.27539063,13162.6171875,3180,624,1406.16503906,1
"1007",898305,7960065,0,0.0994993373752,3101.77368164,9.5662355423,934,1867,2501.53955078,13131.9833984,3330,509,1259.28552246,1
"1008",898455,7960065,0,0.0972472205758,3203.82592773,10.2193775177,940,1867,2650.88671875,13102.9960938,3480,417,1113.23852539,1
"1009",898605,7960065,0,0.094215027988,3309.53173828,11.7682886124,956,1867,2800.3034668,13075.6640625,3630,362,968.400756836,1
"1010",898755,7960065,0,0.0925593078136,3418.55224609,9.87092685699,962,1867,2949.77954102,13050,3555.34814453,330,825.408996582,1
"1011",898905,7960065,0,0.0961692929268,3530.58081055,6.52698659897,945,1867,3099.30639648,13026.0126953,3406.02416992,362,685.419555664,1
"1012",899055,7960065,0,0.0966988131404,3645.33959961,8.11127948761,953,1864,3248.87670898,13003.7109375,3256.76220703,446,543.323120117,1
"1013",899205,7960065,0,0.095806017518,3762.57885742,15.9517660141,963,1864,3398.48486328,12983.1044922,3107.57128906,395,394.588378906,1
"1014",899355,7960065,0,0.0963008925319,3882.07421875,11.4853715897,975,1864,3548.1262207,12964.2011719,2958.46240234,247,247.38633728,1
"1015",899505,7960065,0,0.0941312238574,4003.62329102,6.6544251442,984,1864,3697.79663086,12947.0078125,2809.44824219,108,108.166542053,1
"1016",899655,7960065,0,0.0967486053705,4127.04492188,9.74803256989,985,1864,3847.49267578,12931.53125,2660.54516602,30,30,1
"1017",899805,7960065,0,0.101346291602,4252.17578125,9.89862823486,1008,1864,3997.21142578,12917.7783203,2511.7722168,85,84.8528137207,1
"1018",899955,7960065,0,0.104787498713,4378.86962891,8.86744308472,1028,1864,4146.95068359,12905.7548828,2363.15478516,218,218.403289795,1
"1019",900105,7960065,0,0.121793277562,4506.99462891,6.42315101624,1036,1815,4296.70800781,12895.4638672,2214.72338867,365,364.965759277,1
"1020",900255,7960065,0,0.121495716274,4636.43164063,5.47926855087,1068,1815,4300.4765625,12886.9121094,2066.51879883,514,513.517272949,1
"1021",900405,7960065,0,0.12604239583,4767.07470703,8.81123447418,1085,1815,4292.62158203,12880.1005859,1918.59326172,663,662.721679688,1
"1022",900555,7960065,0,0.120207458735,4715.25195313,16.3354263306,1103,1824,4290,12875.0341797,1771.01660156,812,812.219177246,1
"1023",900705,7960065,0,0.128714352846,4570.35009766,23.3453731537,1161,1824,4290,12871.7128906,1623.88427734,962,961.873168945,1
"1024",900855,7960065,0,0.118324428797,4425.78808594,23.6532154083,1160,1824,4290,12870.1396484,1477.32861328,1112,1111.6204834,1
"1025",901005,7960065,0,0.11699115485,4281.60009766,22.5096340179,1107,1824,4290,12870.0351563,1331.54040527,1149,1261.42773438,1
"1026",901155,7960065,0,0.113360568881,4137.82568359,17.4220046997,1050,1824,4290,12871.2587891,1186.80236816,1057,1411.27600098,1
"1027",901305,7960065,0,0.107486069202,3994.50878906,18.2457008362,1002,1824,4290.94384766,12874.2304688,1043.55163574,979,1561.15344238,1
"1028",901455,7960065,0,0.112351566553,3851.70092773,14.5674772263,961,1824,4296.70800781,12878.9482422,902.496520996,920,1711.05236816,1
"1029",901605,7960065,0,0.110645510256,3709.4609375,20.7593231201,956,1920,4307.69091797,12885.4101563,764.852905273,883,1860.9675293,1
"1030",901755,7960065,0,0.0687044486403,3567.85644531,24.7788524628,960,1920,4323.85253906,12893.6142578,632.850708008,870,2010.89526367,1
"1031",901905,7960065,0,0.066897124052,3426.96655273,18.0096969604,939,1920,4345.13525391,12903.5576172,510.881591797,865,2160.83325195,1
"1032",902055,7960065,0,0.0689210891724,3286.88305664,13.6557855606,944,1920,4371.46435547,12915.2353516,408.044128418,792,2310.77905273,1
"1033",902205,7960065,0,0.0683463662863,3147.71337891,15.7703552246,916,1920,4402.74902344,12928.6425781,342.052612305,742,2460.73168945,1
"1034",902355,7960065,0,0.0688779577613,3009.5847168,9.89862823486,886,1920,4438.88476563,12943.7744141,335.410186768,721,2610.68945313,1
"1035",902505,7960065,0,0.0690788701177,2872.64697266,20.9236373901,864,1968,4479.75439453,12960.625,391.152130127,721,2670.67407227,1
"1036",902655,7960065,0,0.072805583477,2737.07861328,18.3946056366,850,1968,4525.22949219,12979.1875,488.364624023,742,2635.90600586,1
"1037",902805,7960065,0,0.0739721432328,2603.09423828,17.8314762115,828,1968,4575.17236328,12999.4541016,607.453674316,792,2544.34667969,1
"1038",902955,7960065,0,0.0748258158565,2470.95117188,15.6786966324,855,1968,4629.43847656,13021.4169922,737.902404785,865,2455.23925781,1
"1039",903105,7960065,0,0.0748667344451,2340.96142578,12.4163856506,860,1968,4687.87792969,13045.0683594,874.64276123,957,2372.27734375,1
"1040",903255,7960065,0,0.0768972411752,2213.50390625,2.38594412804,871,1968,4750.33691406,13070.3974609,1015.13543701,1062,2253.99633789,1
"1041",903405,7960065,0,0.0812962949276,2089.04272461,5.0956196785,866,1968,4816.56494141,13097.3964844,1158.01550293,1121,2106.41870117,1
"1042",903555,7960065,0,0.07861212641,1968.1463623,3.37228679657,883,2000,4884.75195313,13126.0546875,1302.49755859,977,1959.20898438,1
"1043",903705,7960065,0,0.0819265246391,1851.51293945,20.6857185364,855,2000,4956.54101563,13156.359375,1448.10217285,836,1812.45690918,1
"1044",903855,7960065,7,0.0783570483327,1740,22.6239337921,796,2000,5025.06738281,13188.3017578,1594.52185059,698,1666.2833252,1
"1045",904005,7960065,7,0.0784345567226,1634.65588379,12.3645534515,760,2000,5081.61376953,13221.8681641,1741.55102539,564,1520.85498047,1
"1046",904155,7960065,0,0.080663472414,1536.74987793,15.2512187958,738,2000,5141.91601563,13257.046875,1889.04736328,433,1376.4083252,1
"1047",904305,7960065,0,0.0745893344283,1447.79138184,15.1283788681,716,2000,5205.84277344,13260.5429688,2036.90942383,319,1233.28833008,1
"1048",904455,7960065,0,0.0740987583995,1369.5255127,15.1283788681,676,2098,5273.26269531,13260,2185.06298828,247,1090.36694336,1
"1049",904605,7960065,0,0.0663489326835,1303.87878418,12.7265758514,660,2098,5344.04345703,13260,2333.45239258,240,942.019104004,1
"1050",904755,7960065,0,0.0643676221371,1252.83679199,21.5681304932,616,2098,5418.05322266,13260.0341797,2482.03540039,270,794.292114258,1
"1051",904905,7960065,5,0.064135864377,1218.2364502,17.4824733734,594,2098,5495.16162109,13261.2216797,2630.77929688,306,647.611022949,1
"1052",905055,7960065,0,0.0614660046995,1201.49902344,12.4163856506,574,2144,5575.23974609,13264.1054688,2779.65820313,365,502.89163208,1
"1053",905205,7960065,0,0.0586220137775,1203.37023926,8.89850711823,555,2144,5658.16210938,13268.6845703,2928.65161133,313,362.491394043,1
"1054",905355,7960065,0,0.0595497898757,1223.76464844,13.8589363098,592,2144,5743.80517578,13274.9580078,3077.74267578,228,228.473190308,1
"1055",905505,7960065,8,0.058056447655,1261.78442383,26.173658371,551,2144,5832.04931641,13282.9208984,3226.91796875,108,108.166542053,1
"1056",905655,7960065,0,0.059142511338,1315.90270996,8.84250831604,531,2144,5922.77783203,13292.5732422,3376.16650391,67,67.0820388794,1
"1057",905805,7960065,0,0.0570575706661,1384.23266602,13.617061615,543,2144,6015.87890625,13303.9091797,3525.47875977,95,189.736663818,1
"1058",905955,7960065,0,0.057035189122,1464.78662109,31.2741107941,560,2164,6111.24365234,13316.9257813,3674.84692383,201,323.109893799,1
"1059",895905,7959915,0,0.200587242842,2185.06298828,23.910282135,420,2182,296.984863281,13352.0224609,930,242,324.499603271,1
"1060",896055,7959915,0,0.178959220648,2167.48706055,17.5484008789,470,2182,403.608734131,13326.2148438,1080,366,424.264068604,1
"1061",896205,7959915,0,0.167583674192,2160.20825195,25.9157047272,516,2050,524.785644531,13302.0488281,1230,497,540.832702637,1
"1062",896355,7959915,0,0.160786062479,2163.33081055,33.4926147461,530,2050,657.95135498,13279.5332031,1380,636,670.820373535,1
"1063",896505,7959915,0,0.1453320086,2176.80957031,21.1735363007,522,2050,792.022705078,13258.6767578,1530,779,807.774719238,1
"1064",896655,7959915,0,0.144914776087,2200.45458984,15.8872642517,534,2050,926.12097168,13239.4863281,1680,924,948.683288574,1
"1065",896805,7959915,0,0.131168678403,2233.94262695,26.2841320038,604,2050,1064.04882813,13221.9707031,1830,1071,1092.01647949,1
"1066",896955,7959915,0,0.120895750821,2276.83984375,26.7957839966,658,2050,1204.8651123,13206.1347656,1980,1218,1236.93164063,1
"1067",897105,7959915,0,0.119458824396,2328.6262207,36.4441184998,673,1893,1347.66467285,13191.9863281,2130,1366,1382.93164063,1
"1068",897255,7959915,0,0.118228875101,2388.72338867,28.0840988159,787,1893,1491.87805176,13179.5292969,2280,1499,1529.70581055,1
"1069",897405,7959915,0,0.120079450309,2456.52197266,7.66031646729,821,1893,1637.1315918,13168.7695313,2430,1359,1677.05102539,1
"1070",897555,7959915,0,0.115498743951,2531.40283203,16.285326004,846,1893,1783.17138672,13155.2304688,2580,1222,1824.82873535,1
"1071",897705,7959915,0,0.114379383624,2612.75708008,14.4811239243,887,1893,1929.81860352,13118.7841797,2730,1087,1833.93017578,1
"1072",897855,7959915,0,0.108746618032,2700,17.6054763794,919,1893,2076.94482422,13082.8896484,2880,957,1684.28027344,1
"1073",898005,7959915,0,0.102878749371,2792.5793457,9.7367773056,939,1893,2224.45507813,13048.6210938,3030,834,1534.6986084,1
"1074",898155,7959915,0,0.0988747030497,2889.98266602,8.58892536163,912,1867,2372.27734375,13015.9902344,3180,721,1385.20751953,1
"1075",898305,7959915,0,0.096976749599,2991.73852539,11.6717510223,911,1867,2520.35717773,12985.0107422,3330,624,1235.83984375,1
"1076",898455,7959915,0,0.0938685759902,3097.41821289,2.71992325783,926,1867,2668.65136719,12955.6933594,3480,552,1086.64624023,1
"1077",898605,7959915,0,0.0955158472061,3206.63378906,9.42157936096,937,1867,2817.1262207,12928.0507813,3630,503,937.709960938,1
"1078",898755,7959915,0,0.0944353118539,3319.03588867,7.65304899216,951,1867,2965.75463867,12902.0927734,3544.57324219,480,789.176757813,1
"1079",898905,7959915,0,0.0937957465649,3434.31225586,6.1373796463,933,1867,3114.5144043,12877.8300781,3394.77539063,503,641.326721191,1
"1080",899055,7959915,0,0.0914685502648,3552.18237305,7.11717653275,937,1864,3263.38769531,12855.2714844,3244.99609375,495,494.772674561,1
"1081",899205,7959915,0,0.0921869054437,3672.39697266,9.44488430023,929,1864,3412.35986328,12834.4267578,3095.23828125,351,351.140991211,1
"1082",899355,7959915,0,0.0958599969745,3794.7331543,8.56312847137,957,1864,3561.41821289,12815.3037109,2945.50512695,216,216.333084106,1
"1083",899505,7959915,0,0.0945205762982,3918.9921875,6.28194284439,964,1864,3710.55249023,12797.9101563,2795.80053711,85,84.8528137207,1
"1084",899805,7959915,0,0.0974502488971,4172.58935547,8.58892536163,1001,1864,4009.01489258,12768.3398438,2496.49755859,85,84.8528137207,1
"1085",899955,7959915,0,0.100680872798,4301.62744141,10.482881546,1006,1864,4158.32910156,12756.1748047,2346.9128418,218,218.403289795,1
"1086",900105,7959915,0,0.103579483926,4431.98583984,13.0080003738,1030,1815,4307.69091797,12745.7636719,2197.38476563,365,364.965759277,1
"1087",900255,7959915,0,0.110210612416,4563.55126953,12.5065097809,1054,1815,4450.12353516,12737.1113281,2047.92578125,514,513.517272949,1
"1088",900405,7959915,0,0.109369464219,4696.22167969,8.6146402359,1062,1815,4442.53320313,12730.2197266,1898.55212402,663,662.721679688,1
"1089",900555,7959915,0,0.113378167152,4755.63867188,20.5444126129,1102,1824,4440,12725.09375,1749.28552246,812,812.219177246,1
"1090",900705,7959915,0,0.114848338068,4612.00585938,22.4171772003,1166,1824,4440,12721.7333984,1600.15625,962,961.873168945,1
"1091",900855,7959915,0,0.112056680024,4468.79199219,36.3277626038,1113,1824,4440,12720.1416016,1451.2064209,1112,1111.6204834,1
"1092",901005,7959915,0,0.109531290829,4326.03759766,22.3779773712,1067,1824,4440,12720.0351563,1302.49755859,1261,1261.42773438,1
"1093",901155,7959915,0,0.108360387385,4183.79003906,9.64622497559,1037,1824,4440,12721.2734375,1154.12304688,1183,1411.27600098,1
"1094",901305,7959915,0,0.107902891934,4042.10351563,24.2148723602,1005,1824,4440.91210938,12724.2802734,1006.23059082,1115,1561.15344238,1
"1095",901455,7959915,0,0.105517461896,3901.03833008,14.628282547,953,1824,4446.48193359,12729.0537109,859.069274902,1063,1711.05236816,1
"1096",901605,7959915,0,0.107048973441,3760.66479492,10.6017017365,924,1920,4457.09570313,12735.5917969,713.09185791,1031,1860.9675293,1
"1097",901755,7959915,0,0.0674361884594,3621.06347656,18.777299881,909,1920,4472.71728516,12743.8925781,569.209960938,1020,2010.89526367,1
"1098",901905,7959915,0,0.06712744385,3482.3269043,14.1554880142,900,1920,4493.29492188,12753.9521484,429.534637451,994,2160.83325195,1
"1099",902055,7959915,0,0.0670545622706,3344.56274414,23.7898254395,895,1920,4518.76074219,12765.7666016,300,930,2310.77905273,1
"1100",902205,7959915,0,0.0690413862467,3207.89648438,9.20898723602,900,1920,4549.03271484,12779.3310547,201.246124268,888,2460.73168945,1
"1101",902355,7959915,0,0.0699379518628,3072.47460938,14.7807683945,866,1920,4584.015625,12794.6396484,189.736663818,871,2610.68945313,1
"1102",902505,7959915,0,0.0699451267719,2938.46899414,16.054315567,832,1968,4623.60253906,12811.6865234,276.586334229,871,2760.65209961,1
"1103",902655,7959915,0,0.0701082125306,2806.08276367,13.9158086777,808,1968,4667.67626953,12830.4638672,402.492248535,888,2754.94091797,1
"1104",902805,7959915,0,0.0709498971701,2675.5559082,14.2772436142,805,1968,4716.11083984,12850.9648438,540.832702637,930,2664.43237305,1
"1105",902955,7959915,0,0.0741388574243,2547.17480469,8.28042984009,825,1968,4768.7734375,12873.1816406,684.105224609,994,2531.40283203,1
"1106",903105,7959915,0,0.0730608552694,2421.28076172,10.3573102951,849,1968,4825.52587891,12897.1044922,829.758972168,1074,2382.12084961,1
"1107",903255,7959915,0,0.0725109651685,2298.28198242,5.73025560379,855,1968,4886.22558594,12922.7246094,976.729248047,1168,2232.93530273,1
"1108",903405,7959915,0,0.0741384327412,2178.66943359,11.8185062408,836,1968,4950.72705078,12950.03125,1124.49987793,1170,2083.86669922,1
"1109",903555,7959915,0,0.0724323317409,2063.03173828,17.3206348419,854,2000,5017.89794922,12979.0136719,1272.79223633,1033,1934.94189453,1
"1110",903705,7959915,0,0.0737949311733,1952.07580566,18.3054485321,842,2000,5087.80908203,13009.6621094,1421.44287109,899,1786.19702148,1
"1111",903855,7959915,3,0.0719388872385,1846.64562988,13.9044561386,799,2000,5161.13378906,13041.9628906,1570.35021973,767,1637.68127441,1
"1112",904005,7959915,0,0.0723051726818,1747.74145508,13.91959095,793,2000,5220.08642578,13075.9052734,1719.44763184,642,1489.4630127,1
"1113",904155,7959915,0,0.0725716426969,1656.5324707,14.2772436142,757,2000,5278.80664063,13111.4755859,1868.68933105,531,1341.64074707,1
"1114",904305,7959915,0,0.0684807449579,1574.35705566,13.073217392,717,2000,5341.09521484,13110.5488281,2018.0435791,443,1194.36169434,1
"1115",904455,7959915,0,0.0665905028582,1502.69763184,12.3385448456,704,2098,5406.82910156,13110,2167.48706055,395,1047.85498047,1
"1116",904605,7959915,0,0.0651055276394,1443.12158203,22.9440021515,685,2098,5475.88330078,13110,2317.00244141,390,902.496520996,1
"1117",904755,7959915,0,0.0617638863623,1397.17578125,21.3930263519,653,2098,5548.13476563,13110.0341797,2466.57666016,418,758.946655273,1
"1118",904905,7959915,0,0.0622455738485,1366.23571777,12.6213169098,613,2098,5623.45996094,13111.2353516,2616.19946289,418,618.465820313,1
"1119",905055,7959915,0,0.059928778559,1351.3326416,18.4832115173,596,2144,5701.73681641,13114.1523438,2765.86328125,283,480,1
"1120",905205,7959915,0,0.058540776372,1352.9967041,19.0475177765,572,2144,5782.84521484,13118.7841797,2915.56176758,175,330,1
"1121",905355,7959915,0,0.0584572404623,1371.1673584,11.6717510223,587,2144,5866.66845703,13125.1289063,3065.28955078,150,180,1
"1122",905505,7959915,0,0.0581620447338,1405.20458984,21.3312664032,567,2144,5953.09179688,13133.1835938,3215.04272461,30,30,1
"1123",905955,7959915,0,0.0586344338953,1590,12.6466693878,594,2164,6226.86132813,13167.5742188,3664.42358398,134,268.328155518,1
"1124",895905,7959765,0,0.195922374725,2036.90942383,22.3490276337,427,2165,330,13204.4306641,937.709960938,162,212.132034302,1
"1125",896055,7959765,0,0.174820974469,2018.0435791,21.5463504791,489,2165,480,13178.3349609,1086.64624023,306,335.410186768,1
"1126",896205,7959765,0,0.170395061374,2010.22387695,18.4188251495,540,2044,615.548522949,13153.8964844,1235.83984375,454,474.341644287,1
"1127",896355,7959765,0,0.167122587562,2013.57885742,18.9623184204,579,2044,732.393310547,13131.1269531,1385.20751953,603,618.465820313,1
"1128",896505,7959765,0,0.145103693008,2028.05322266,27.1957454681,592,2044,859.592956543,13110.0341797,1534.6986084,752,764.852905273,1
"1129",896655,7959765,0,0.142504841089,2053.41186523,18.933807373,562,2044,993.176696777,13090.6259766,1684.28027344,902,912.414367676,1
"1130",896805,7959765,0,0.133036673069,2089.25830078,17.8566761017,580,2044,1127.29760742,13072.9111328,1833.93017578,1048,1060.66015625,1
"1131",896955,7959765,0,0.120217010379,2135.06445313,25.5031204224,643,2044,1261.42773438,13056.8945313,1983.63305664,1194,1209.33862305,1
"1132",897105,7959765,0,0.118327081203,2190.20556641,35.4740371704,726,1965,1398.46350098,13042.5839844,2133.37768555,1342,1358.30773926,1
"1133",897255,7959765,0,0.117382369936,2253.99633789,21.5790081024,806,1965,1537.9206543,13029.984375,2283.15576172,1489,1507.48132324,1
"1134",897405,7959765,0,0.117009356618,2325.72558594,7.36374044418,839,1965,1679.19628906,13019.1015625,2432.96118164,1422,1656.80419922,1
"1135",897555,7959765,0,0.116189330816,2404.68286133,6.20105361938,869,1965,1821.8671875,13009.9042969,2582.78930664,1291,1806.23913574,1
"1136",897705,7959765,0,0.113503158092,2490.18066406,13.2786579132,889,1893,1965.62963867,12973.3613281,2732.63598633,1165,1830,1
"1137",897855,7959765,0,0.106393650174,2581.56933594,12.3342046738,934,1893,2110.26074219,12937.0976563,2882.49902344,1045,1680,1
"1138",898005,7959765,0,0.101403348148,2678.24560547,10.4516429901,922,1893,2255.59301758,12902.4414063,3032.37524414,933,1530,1
"1139",898155,7959765,0,0.0977010056376,2779.65820313,9.01550960541,887,1867,2401.49951172,12869.4404297,3182.26342773,834,1380,1
"1140",898305,7959765,0,0.0992670208216,2885.30761719,11.2041759491,899,1867,2547.8815918,12838.1074219,3332.16137695,752,1230,1
"1141",898455,7959765,0,0.0945319980383,2994.74536133,6.80409002304,907,1867,2694.66137695,12808.4541016,3482.06835938,693,1080,1
"1142",898605,7959765,0,0.0956742018461,3107.57128906,10.3573102951,916,1867,2841.77758789,12780.4931641,3631.98291016,648,930,1
"1143",898755,7959765,0,0.09506970644,3223.42993164,8.30048370361,930,1867,2989.18041992,12754.234375,3540.12719727,630,780,1
"1144",898905,7959765,0,0.0946662202477,3342.00537109,5.60118198395,922,1867,3136.82958984,12729.6894531,3390.1328125,630,630,1
"1145",899055,7959765,0,0.0904399752617,3463.01879883,9.32183551788,905,1864,3284.69165039,12706.8681641,3240.13891602,480,480,1
"1146",899205,7959765,0,0.0914719030261,3586.22363281,6.72136926651,913,1864,3432.73950195,12685.7792969,3090.14550781,330,330,1
"1147",899355,7959765,0,0.0950993075967,3711.40136719,11.329044342,943,1864,3580.94970703,12666.4316406,2940.15307617,180,180,1
"1148",899505,7959765,0,0.0943172052503,3838.35913086,9.5662355423,954,1864,3729.30297852,12648.8339844,2790.16137695,30,30,1
"1149",899655,7959765,0,0.0940127968788,3966.92578125,11.8185062408,976,1864,3877.78295898,12632.9921875,2640.17041016,30,30,1
"1150",899805,7959765,0,0.0966188535094,4096.95019531,3.33847045898,998,1864,4026.37548828,12618.9140625,2490.18066406,180,180,1
"1151",899955,7959765,0,0.0979117080569,4228.29736328,9.42157936096,982,1864,4175.06884766,12606.6054688,2340.19238281,297,296.984863281,1
"1152",900105,7959765,0,0.103645771742,4360.84863281,9.06429290771,1006,1815,4323.85253906,12596.0712891,2190.20556641,417,416.77331543,1
"1153",900255,7959765,0,0.108211629093,4494.49658203,10.3678379059,1033,1815,4472.71728516,12587.3154297,2040.22058105,552,551.543273926,1
"1154",900405,7959765,0,0.106772780418,4629.14697266,15.8872642517,1055,1815,4592.45019531,12580.3417969,1890.23803711,693,692.603759766,1
"1155",900555,7959765,0,0.111887142062,4764.71386719,12.3385448456,1100,1824,4590,12575.1542969,1740.25854492,837,836.779541016,1
"1156",900705,7959765,0,0.113131679595,4658.12207031,24.037279129,1107,1824,4590,12571.7539063,1590.28295898,983,982.700378418,1
"1157",900855,7959765,0,0.106212541461,4516.37011719,35.37840271,1055,1824,4590,12570.1435547,1440.3125,1130,1129.69018555,1
"1158",901005,7959765,0,0.104320988059,4375.16845703,19.239320755,1032,1824,4590,12570.0361328,1290.34875488,1277,1277.38012695,1
"1159",901155,7959765,0,0.108617961407,4234.57177734,9.01550960541,1005,1824,4590,12571.2890625,1140.39465332,1315,1425.55249023,1
"1160",901305,7959765,0,0.106981791556,4094.64282227,14.2220506668,1030,1824,4590.88232422,12574.3310547,990.454467773,1254,1574.07116699,1
"1161",901455,7959765,0,0.104730866849,3955.4519043,29.9922447205,968,1824,4596.27001953,12579.1611328,840.535522461,1208,1722.84643555,1
"1162",901605,7959765,0,0.104651413858,3817.08007813,15.6786966324,916,1920,4606.5390625,12585.7773438,690.651855469,1180,1871.81726074,1
"1163",901755,7959765,0,0.107148371637,3679.61962891,10.16040802,875,1920,4621.65576172,12594.1767578,540.832702637,1170,2020.94042969,1
"1164",901905,7959765,0,0.0698083266616,3543.17651367,13.429394722,858,1920,4641.57324219,12604.3564453,391.152130127,1127,2170.18432617,1
"1165",902055,7959765,0,0.069477789104,3407.87329102,7.71820163727,852,1920,4666.22998047,12616.3105469,241.867736816,1072,2319.52587891,1
"1166",902205,7959765,0,0.0683773085475,3273.85083008,20.7018508911,873,1920,4695.55126953,12630.0351563,94.8683319092,1036,2468.94726563,1
"1167",902355,7959765,0,0.0686317309737,3141.27368164,13.0691518784,858,1920,4729.45019531,12645.5244141,67.0820388794,1020,2618.43457031,1
"1168",902505,7959765,0,0.0702260807157,3010.33227539,9.32183551788,837,1968,4767.82958984,12662.7724609,212.132034302,1020,2767.97753906,1
"1169",902655,7959765,0,0.0702299773693,2881.24975586,11.9946594238,808,1968,4810.58203125,12681.7705078,361.247833252,1036,2821.43579102,1
"1170",902805,7959765,0,0.069384843111,2754.28759766,7.23384475708,774,1968,4857.59179688,12702.5117188,510.881591797,1072,2671.51635742,1
"1171",902955,7959765,0,0.0701565518975,2629.75292969,15.1797056198,808,1968,4908.73730469,12724.9873047,660.68145752,1127,2521.60668945,1
"1172",903105,7959765,0,0.070872604847,2508.00708008,11.0434436798,824,1968,4963.88964844,12749.1884766,810.555358887,1199,2371.70825195,1
"1173",903255,7959765,0,0.0725820586085,2389.47705078,13.2786579132,836,1968,5022.91748047,12775.1044922,960.46862793,1284,2221.82348633,1
"1174",903405,7959765,0,0.0730943381786,2274.66479492,10.07396698,812,1968,5085.68603516,12802.7265625,1110.40527344,1234,2071.95556641,1
"1175",903555,7959765,0,0.071656472981,2164.16259766,14.0736341476,807,2000,5151.97070313,12832.0419922,1260.35705566,1101,1922.10827637,1
"1176",903705,7959765,0,0.0721130669117,2058.66455078,12.3385448456,818,2000,5220.08642578,12863.0400391,1410.3190918,973,1772.28662109,1
"1177",903855,7959765,0,0.0692674145103,1958.97937012,17.8790359497,799,2000,5291.578125,12895.7089844,1560.28845215,853,1622.49804688,1
"1178",904005,7959765,0,0.0726804509759,1866.03857422,20.7225646973,762,2000,5359.17919922,12930.0351563,1710.26318359,743,1472.75256348,1
"1179",904155,7959765,0,0.0713005363941,1780.89868164,21.2714748383,759,2000,5416.39160156,12962.8125,1860.24194336,649,1323.0645752,1
"1180",904305,7959765,0,0.0686744749546,1704.72875977,16.3447990417,706,2000,5477.11621094,12960.5556641,2010.22387695,579,1173.4564209,1
"1181",904455,7959765,0,0.0659520030022,1638.7800293,17.755607605,691,2098,5541.23632813,12960,2160.20825195,543,1023.96289063,1
"1182",904605,7959765,0,0.0642425268888,1584.32946777,18.7431640625,691,2098,5608.63623047,12960,2310.19482422,540,874.64276123,1
"1183",904755,7959765,0,0.0610497221351,1542.59521484,23.7387332916,666,2098,5679.19873047,12960.0351563,2460.18286133,540,725.603210449,1
"1184",904905,7959765,10,0.0615394823253,1514.62866211,16.7144451141,603,2098,5752.80810547,12961.25,2610.17236328,390,577.061523438,1
"1185",905055,7959765,10,0.0609790422022,1501.19946289,7.60928869247,580,2144,5829.34814453,12964.2011719,2760.16308594,240,429.534637451,1
"1186",905205,7959765,0,0.0597371831536,1502.69763184,21.8185501099,577,2144,5908.70556641,12968.8857422,2910.15454102,90,284.604980469,1
"1187",896055,7959615,0,0.18190677464,1868.68933105,16.8083152771,464,2165,480,13030.5029297,1113.23852539,285,300,1
"1188",896505,7959615,0,0.160339787602,1879.49462891,16.4443702698,618,2044,930,12961.4238281,1553.64086914,726,750,1
"1189",896655,7959615,0,0.144859194756,1906.82983398,23.0947246552,615,2044,1065.31689453,12941.7929688,1701.55810547,875,900,1
"1190",896805,7959615,0,0.135798841715,1945.37915039,17.0890579224,608,2044,1194.73852539,12923.8730469,1849.81079102,1024,1050,1
"1191",896955,7959615,0,0.123010985553,1994.49243164,21.8442268372,660,2044,1328.49536133,12907.671875,1998.32434082,1173,1200,1
"1192",897105,7959615,0,0.117460943758,2053.41186523,26.875623703,737,1965,1462.63464355,12893.1962891,2147.04443359,1323,1350,1
"1193",897255,7959615,0,0.117880560458,2121.3203125,16.4938793182,798,1965,1596.7779541,12880.4501953,2295.93115234,1473,1500,1
"1194",897405,7959615,0,0.112689554691,2197.38476563,19.7192134857,822,1965,1733.26281738,12869.4404297,2444.95410156,1498,1650,1
"1195",897555,7959615,0,0.113599963486,2280.78930664,12.0170354843,847,1965,1871.81726074,12860.1708984,2594.08935547,1374,1800,1
"1196",897705,7959615,0,0.109819330275,2370.75927734,21.2092227936,882,1893,2012.01391602,12827.7275391,2743.3190918,1256,1833.93017578,1
"1197",897855,7959615,0,0.107535086572,2466.57666016,8.06324577332,927,1893,2153.53198242,12791.4033203,2892.62866211,1146,1684.28027344,1
"1198",898005,7959615,0,0.104050770402,2567.58642578,13.4569501877,894,1893,2296.12719727,12756.3515625,3042.00585938,1045,1534.6986084,1
"1199",898155,7959615,0,0.0969474166632,2673.20043945,6.37937021255,872,1867,2439.6105957,12722.9716797,3191.44165039,957,1385.20751953,1
"1200",898305,7959615,0,0.0979404225945,2782.89428711,9.7367773056,877,1867,2583.83447266,12691.2763672,3340.92797852,886,1235.83984375,1
"1201",898455,7959615,0,0.0935364440084,2896.2043457,8.28042984009,894,1867,2728.6809082,12661.2792969,3490.45849609,836,1086.64624023,1
"1202",898605,7959615,0,0.0936316028237,3012.72290039,9.62914466858,896,1867,2874.05639648,12632.9921875,3640.02758789,794,937.709960938,1
"1203",898755,7959615,0,0.093861952424,3132.09204102,11.7774372101,900,1867,3019.8840332,12606.4267578,3540,780,789.176757813,1
"1204",898905,7959615,0,0.0958223640919,3253.99755859,8.38679790497,900,1867,3166.10180664,12581.59375,3390,641,641.326721191,1
"1205",899055,7959615,0,0.0937243923545,3378.1652832,8.54372596741,892,1864,3312.6574707,12558.5029297,3240,495,494.772674561,1
"1206",899205,7959615,0,0.0929189175367,3504.35449219,11.9272518158,900,1864,3459.50854492,12537.1650391,3090,351,351.140991211,1
"1207",899355,7959615,0,0.0935175716877,3632.35449219,15.6161298752,923,1864,3606.61889648,12517.5878906,2940,216,216.333084106,1
"1208",899505,7959615,0,0.0940265953541,3761.98095703,12.9424085617,952,1864,3753.95800781,12499.7802734,2790,108,108.166542053,1
"1209",899655,7959615,0,0.095545232296,3893.07080078,10.7595844269,978,1864,3901.49975586,12483.7490234,2640,95,94.8683319092,1
"1210",899805,7959615,0,0.0984140858054,4025.48144531,9.33362960815,976,1864,4049.22216797,12469.5029297,2490,201,201.246124268,1
"1211",899955,7959615,0,0.0955541282892,4159.08642578,10.482881546,965,1864,4197.10595703,12457.0458984,2340,342,342.052612305,1
"1212",900105,7959615,0,0.10331632942,4293.77441406,9.00939178467,991,1815,4345.13525391,12446.3847656,2190,488,488.364624023,1
"1213",900255,7959615,0,0.101901181042,4429.44677734,9.74803256989,1015,1815,4493.29492188,12437.5234375,2040,624,624.25958252,1
"1214",900405,7959615,0,0.104302816093,4566.015625,14.7419376373,1036,1815,4641.57324219,12430.4667969,1890,752,751.797851563,1
"1215",900555,7959615,0,0.105671666563,4703.40283203,16.1180076599,1060,1824,4740,12425.2158203,1740,886,886.397216797,1
"1216",900705,7959615,0,0.103951610625,4708.56689453,16.3604068756,1052,1824,4740,12421.7753906,1590,1025,1025.28039551,1
"1217",900855,7959615,0,0.100258730352,4568.38037109,22.2285251617,1018,1824,4740,12420.1445313,1440,1167,1166.91906738,1
"1218",901005,7959615,0,0.103398896754,4428.83740234,13.7097864151,985,1824,4740,12420.0361328,1290,1310,1310.4197998,1
"1219",901155,7959615,0,0.105327926576,4290,16.5555114746,998,1824,4740,12421.3046875,1140,1450,1455.23193359,1
"1220",901305,7959615,0,0.104773543775,4151.93945313,19.7413311005,1016,1824,4740.85449219,12424.3828125,990,1395,1600.99963379,1
"1221",901455,7959615,0,0.105458803475,4014.73535156,25.1927204132,970,1824,4746.07226563,12429.2714844,840,1354,1747.48388672,1
"1222",901605,7959615,0,0.104236267507,3878.47900391,26.1801776886,910,1920,4756.01708984,12435.9677734,690,1328,1894.51843262,1
"1223",901755,7959615,0,0.105269037187,3743.27392578,14.5674772263,852,1920,4770.66015625,12444.46875,540,1320,2041.984375,1
"1224",901905,7959615,0,0.110486350954,3609.23803711,9.87647438049,837,1920,4789.95800781,12454.7705078,390,1265,2189.79443359,1
"1225",902055,7959615,0,0.0701310187578,3476.50683594,15.1967687607,831,1920,4813.85498047,12466.8681641,240,1216,2337.88354492,1
"1226",902205,7959615,0,0.0681808143854,3345.23535156,19.809928894,831,1920,4842.28271484,12480.7568359,90,1184,2486.2019043,1
"1227",902355,7959615,0,0.0680993050337,3215.60253906,19.3102874756,840,1920,4875.16162109,12496.4316406,60,1170,2634.71069336,1
"1228",902505,7959615,0,0.0675659626722,3087.81469727,15.9131031036,834,1968,4912.40283203,12513.8847656,210,1170,2783.37915039,1
"1229",902655,7959615,0,0.0662268102169,2962.11083984,16.5062274933,807,1968,4953.90771484,12533.1083984,360,1184,2820.15966797,1
"1230",902805,7959615,0,0.0666944608092,2838.76733398,7.57261991501,769,1968,4999.56982422,12554.0947266,510,1216,2670.16845703,1
"1231",902955,7959615,0,0.0677638277411,2718.10595703,10.6222171783,787,1968,5049.27734375,12576.8359375,660,1265,2520.1784668,1
"1232",903105,7959615,0,0.0669479370117,2600.5,10.16040802,825,1968,5102.91113281,12601.3212891,810,1329,2370.18994141,1
"1233",903255,7959615,0,0.0689475163817,2486.3828125,11.2427597046,813,1968,5160.34863281,12627.5410156,960,1406,2220.20263672,1
"1234",903405,7959615,0,0.068380817771,2376.25756836,9.06429290771,790,1968,5221.46533203,12655.4853516,1110,1307,2070.21728516,1
"1235",903555,7959615,0,0.0695409029722,2270.70483398,12.6255464554,776,2000,5286.1328125,12685.140625,1260,1182,1920.234375,1
"1236",903705,7959615,0,0.0691417381167,2170.39160156,9.13694572449,787,2000,5353.29785156,12716.4970703,1410,1064,1770.25427246,1
"1237",903855,7959615,0,0.068252928555,2076.078125,10.7444162369,772,2000,5423.03417969,12749.5410156,1560,955,1620.27770996,1
"1238",904005,7959615,0,0.0676587149501,1988.61755371,14.763133049,732,2000,5495.98046875,12784.2597656,1710,858,1470.30603027,1
"1239",904155,7959615,0,0.0675709471107,1908.95263672,18.6482162476,706,2000,5554.61962891,12812.8447266,1860,778,1320.34082031,1
"1240",904305,7959615,0,0.0672817453742,1838.09680176,16.1180076599,679,2000,5613.84912109,12810.5625,2010,721,1170.38452148,1
"1241",904455,7959615,0,0.065682657063,1777.10437012,16.0511245728,664,2098,5676.42480469,12810,2160,693,1020.44110107,1
"1242",904605,7959615,3,0.0644214525819,1727.02050781,9.10674953461,646,2098,5742.23828125,12810,2310,690,870.517089844,1
"1243",904755,7959615,3,0.0615954063833,1688.81616211,21.8698596954,626,2098,5811.17871094,12810.0351563,2460,560,720.624755859,1
"1244",904905,7959615,0,0.0616659112275,1663.30993652,13.262676239,612,2098,5883.13671875,12811.2646484,2610,418,570.78894043,1
"1245",905055,7959615,0,0.060705833137,1651.09057617,15.48341465,608,2144,5958.00292969,12814.25,2760,283,421.070068359,1
"1246",905205,7959615,4,0.0600549764931,1652.45275879,3.37228679657,623,2144,6035.66894531,12818.9902344,2910,170,271.661560059,1
"1247",905355,7959615,0,0.0590829253197,1667.36315918,6.20105361938,630,2144,6116.02832031,12825.4824219,3060,67,123.69316864,1
"1248",905505,7959615,0,0.0572471246123,1695.46447754,13.9347066879,643,2144,6198.97558594,12833.7255859,3210,30,42.4264068604,1
"1249",905655,7959615,0,0.0591797567904,1736.11633301,7.66757726669,650,2144,6284.40917969,12843.7148438,3360,30,120,1
"1250",905805,7959615,0,0.0578918345273,1788.4630127,9.7198677063,646,2144,6372.22900391,12855.4462891,3510,67,169.705627441,1
"1251",896505,7959465,0,0.160242661834,1731.18457031,22.8480606079,619,2044,930,12812.8447266,1578.35351563,722,759.539306641,1
"1252",896655,7959465,0,0.151924073696,1760.82373047,6.67122650146,658,2044,1080,12792.9863281,1726.76000977,872,907.964782715,1
"1253",896805,7959465,0,0.138702452183,1802.49829102,17.5769672394,641,2044,1230,12774.8583984,1875.41992188,1022,1056.83483887,1
"1254",896955,7959465,0,0.121681451797,1855.39758301,39.7611274719,674,2044,1380,12758.4677734,2024.05529785,1172,1205.98510742,1
"1255",897105,7959465,0,0.118856221437,1918.59326172,13.0854043961,773,1965,1530,12743.8222656,2171.01367188,1321,1355.32287598,1
"1256",897255,7959465,0,0.118893586099,1991.10522461,15.0216398239,756,1965,1663.85095215,12730.9267578,2318.36157227,1471,1504.7923584,1
"1257",897405,7959465,0,0.110837943852,2071.95556641,20.3075008392,797,1965,1797.99890137,12719.7880859,2466.02929688,1584,1654.35791016,1
"1258",897555,7959465,0,0.109343126416,2160.20825195,18.6508617401,811,1965,1932.14904785,12710.4091797,2613.96240234,1468,1803.99560547,1
"1259",897705,7959465,0,0.108050957322,2254.99438477,26.6190757751,871,1893,2068.26025391,12682.1962891,2762.11865234,1358,1849.81079102,1
"1260",897855,7959465,0,0.107428848743,2355.52539063,15.8872642517,883,1893,2206.1730957,12645.8095703,2910.46386719,1256,1701.55810547,1
"1261",898005,7959465,0,0.103910595179,2461.09741211,7.05413150787,878,1893,2345.5703125,12610.3525391,3058.97045898,1165,1553.64086914,1
"1262",898155,7959465,0,0.09558724612,2571.08935547,10.3573102951,857,1867,2486.2019043,12576.5849609,3207.6159668,1087,1406.16503906,1
"1263",898305,7959465,0,0.0961165577173,2684.95800781,9.89862823486,858,1867,2627.86987305,12544.5205078,3356.38208008,1025,1259.28552246,1
"1264",898455,7959465,0,0.0940654054284,2802.23120117,6.46662521362,873,1867,2770.41503906,12514.171875,3505.25317383,977,1113.23852539,1
"1265",898605,7959465,0,0.0934341922402,2922.49902344,5.2267036438,890,1867,2913.70898438,12485.5517578,3654.21679688,942,968.400756836,1
"1266",898755,7959465,0,0.0940896719694,3045.40649414,3.94547653198,886,1867,3057.64624023,12458.671875,3540,825,825.408996582,1
"1267",898905,7959465,0,0.0935548171401,3170.64672852,10.4568567276,875,1867,3202.13989258,12433.5429688,3390,685,685.419555664,1
"1268",899055,7959465,0,0.0897711664438,3297.95385742,4.58231496811,858,1864,3347.11816406,12410.1777344,3240,551,550.726806641,1
"1269",899205,7959465,0,0.093581803143,3427.09790039,16.0319519043,885,1864,3492.52050781,12388.5830078,3090,426,426.380126953,1
"1270",899355,7959465,0,0.0932940244675,3557.87866211,11.6301050186,918,1864,3638.29638672,12368.7714844,2940,319,318.904388428,1
"1271",899505,7959465,0,0.0947074741125,3690.12207031,16.5555114746,930,1864,3784.40209961,12350.7490234,2790,247,247.38633728,1
"1272",899655,7959465,0,0.0949030667543,3823.67626953,15.1660385132,938,1864,3930.80151367,12334.5244141,2640,242,241.867736816,1
"1273",899805,7959465,0,0.0977516695857,3958.40869141,7.45400953293,951,1864,4077.46240234,12320.1054688,2490,300,300,1
"1274",899955,7959465,0,0.0967136323452,4094.203125,12.1943836212,953,1864,4224.35791016,12307.4980469,2340,408,408.044128418,1
"1275",900105,7959465,0,0.10036880523,4230.95751953,9.8375749588,977,1815,4371.46435547,12296.7070313,2190,537,536.656311035,1
"1276",900255,7959465,0,0.101164586842,4368.58105469,11.5836362839,994,1815,4518.76074219,12287.7373047,2040,674,674.166137695,1
"1277",900405,7959465,0,0.103425770998,4506.99462891,21.1086406708,1031,1815,4666.22998047,12280.5947266,1890,816,816.088256836,1
"1278",900555,7959465,0,0.106207557023,4646.12744141,18.8844299316,1046,1824,4813.85498047,12275.2802734,1740,957,957.183349609,1
"1279",900705,7959465,0,0.0990412011743,4763.20263672,13.6905288696,1014,1824,4890,12271.796875,1590,1087,1087.06030273,1
"1280",900855,7959465,0,0.0994377508759,4624.67285156,27.9749107361,987,1824,4890,12270.1464844,1440,1222,1221.55639648,1
"1281",901005,7959465,0,0.102769695222,4486.88085938,6.89389324188,958,1824,4890,12270.0371094,1290,1359,1359.30126953,1
"1282",901155,7959465,0,0.102432847023,4349.89648438,12.6466693878,959,1824,4890,12271.3203125,1140,1499,1499.39990234,1
"1283",901305,7959465,0,0.103704996407,4213.79882813,27.5906867981,959,1824,4890.828125,12274.4365234,990,1537,1641.24951172,1
"1284",901455,7959465,0,0.104392617941,4078.67626953,19.5932579041,926,1824,4895.88623047,12279.3847656,840,1500,1784.43273926,1
"1285",901605,7959465,0,0.104088135064,3944.62915039,20.1769008636,890,1920,4905.52734375,12286.1630859,690,1478,1928.65234375,1
"1286",901755,7959465,0,0.105222262442,3811.77124023,18.2457008362,834,1920,4919.72558594,12294.7675781,540,1463,2073.69238281,1
"1287",901905,7959465,0,0.109725683928,3680.23095703,10.4516429901,809,1920,4938.44091797,12305.1943359,390,1405,2219.3918457,1
"1288",902055,7959465,0,0.108190901577,3550.1550293,15.8872642517,799,1920,4961.62255859,12317.4384766,240,1361,2365.62890625,1
"1289",902205,7959465,0,0.068904183805,3421.71020508,8.38019180298,800,1920,4989.20849609,12331.4960938,90,1332,2512.30981445,1
"1290",902355,7959465,0,0.0675769969821,3295.0871582,10.1442613602,807,1920,5021.12548828,12347.3603516,60,1320,2659.36083984,1
"1291",902505,7959465,0,0.0657692477107,3170.50463867,17.0624256134,801,1968,5057.29199219,12365.0234375,210,1320,2806.72412109,1
"1292",902655,7959465,0,0.0652783364058,3048.21264648,22.048116684,777,1968,5097.6171875,12384.4785156,360,1332,2825.73876953,1
"1293",902805,7959465,0,0.0665907859802,2928.49780273,12.6255464554,746,1968,5142.00341797,12405.7167969,510,1361,2676.06054688,1
"1294",902955,7959465,0,0.0674067959189,2811.68994141,19.9364910126,794,1968,5190.34667969,12428.7285156,660,1405,2526.42041016,1
"1295",903105,7959465,0,0.0668368116021,2698.16601563,9.92072868347,824,1968,5242.53759766,12453.5058594,810,1463,2376.82568359,1
"1296",903255,7959465,0,0.0678060650826,2588.35864258,13.617061615,799,1968,5298.46191406,12480.0361328,960,1514,2227.28540039,1
"1297",903405,7959465,0,0.068205870688,2482.76049805,15.0733995438,763,1968,5358.00341797,12508.3095703,1110,1392,2077.8112793,1
"1298",903555,7959465,0,0.0690255016088,2381.93188477,10.4516429901,753,2000,5421.04248047,12538.3134766,1260,1276,1928.41906738,1
"1299",903705,7959465,0,0.0685079619288,2286.50390625,16.3323001862,753,2000,5487.37646484,12570.0361328,1410,1167,1779.12902832,1
"1300",903855,7959465,0,0.0663189738989,2197.17993164,17.696313858,730,2000,5555.4296875,12603.4638672,1560,1068,1629.96936035,1
"1301",904005,7959465,0,0.06615550071,2114.73413086,16.9702968597,699,2000,5626.65966797,12638.5839844,1710,983,1480.97937012,1
"1302",904155,7959465,0,0.0664834082127,2040,16.8955440521,675,2000,5693.44335938,12662.8789063,1860,914,1332.21618652,1
"1303",904305,7959465,0,0.0661256089807,1973.85412598,10.9249105453,664,2000,5751.24316406,12660.5683594,2010,866,1183.76513672,1
"1304",904455,7959465,0,0.0638741254807,1917.1854248,10.9398050308,648,2098,5812.34033203,12660,2160,842,1035.76062012,1
"1305",904605,7959465,0,0.0638964697719,1870.85546875,8.76725196838,625,2098,5876.63183594,12660,2310,752,888.425598145,1
"1306",904755,7959465,19,0.061863489449,1835.64697266,25.7960262299,596,2098,5944.01367188,12660.0351563,2460,618,742.158996582,1
"1307",904905,7959465,19,0.061428014189,1812.20861816,19.7805690765,580,2098,6014.3828125,12661.2792969,2610,492,597.745788574,1
"1308",905055,7959465,0,0.0612127445638,1800.99975586,17.9013633728,584,2144,6087.63476563,12664.2998047,2760,382,456.946380615,1
"1309",905205,7959465,4,0.0584336146712,1802.24853516,10.197977066,579,2144,6163.66796875,12669.0966797,2910,277,324.499603271,1
"1310",905355,7959465,1,0.0593532659113,1815.92956543,11.541636467,608,2144,6242.37939453,12675.6660156,3060,212,216.333084106,1
"1311",905505,7959465,0,0.0585237853229,1841.76550293,16.4443702698,628,2144,6323.66992188,12684.0058594,3210,124,182.482879639,1
"1312",905655,7959465,0,0.0587865747511,1879.25512695,12.2251224518,633,2144,6407.44091797,12694.1132813,3360,150,241.867736816,1
"1313",905805,7959465,0,0.0576416961849,1927.71887207,3.18181276321,615,2144,6493.59667969,12705.9824219,3508.97412109,212,295.46572876,1
"1314",896805,7959315,0,0.133543267846,1660.87329102,8.71035480499,674,2044,1235.83984375,12625.8662109,1898.55212402,1041,1084.15869141,1
"1315",896955,7959315,0,0.123863898218,1718.1385498,21.1355266571,696,2044,1385.20751953,12609.2822266,2047.48620605,1189,1230,1
"1316",897105,7959315,0,0.123606137931,1786.19702148,19.6625423431,736,1965,1534.6986084,12594.4628906,2194.92602539,1337,1376.73522949,1
"1317",897255,7959315,0,0.110589645803,1863.86694336,15.8094406128,706,1965,1684.28027344,12581.4150391,2342.69067383,1485,1524.10632324,1
"1318",897405,7959315,0,0.109803318977,1950,17.755607605,755,1965,1833.93017578,12570.1435547,2490.72290039,1634,1671.94494629,1
"1319",897555,7959315,0,0.108087986708,2043.52636719,20.368844986,770,1965,1983.63305664,12560.6533203,2638.97705078,1570,1820.1373291,1
"1320",897705,7959315,0,0.104906067252,2143.47851563,24.5786647797,811,1965,2133.37768555,12536.7695313,2787.41821289,1468,1877.57824707,1
"1321",897855,7959315,0,0.102970801294,2248.99975586,19.2316970825,850,1965,2267.53173828,12500.3203125,2935.86450195,1374,1731.7043457,1
"1322",898005,7959315,0,0.101991273463,2359.34301758,12.9135932922,863,1965,2403.37255859,12464.4492188,3083.14770508,1291,1586.60009766,1
"1323",898155,7959315,0,0.0957341492176,2473.86328125,5.47926855087,850,1950,2540.80688477,12430.2851563,3230.68115234,1222,1442.49780273,1
"1324",898305,7959315,0,0.0943684801459,2592.00683594,11.6578874588,839,1950,2679.58959961,12397.8427734,3378.43164063,1167,1299.73071289,1
"1325",898455,7959315,0,0.0950378626585,2713.30053711,7.95230865479,856,1950,2819.52124023,12367.1337891,3526.37207031,1121,1158.79248047,1
"1326",898605,7959315,0,0.0948759019375,2837.34033203,17.0476074219,871,1950,2960.43920898,12338.1728516,3674.47949219,1020,1020.44110107,1
"1327",898755,7959315,0,0.0964714586735,2963.78125,11.2041759491,869,1950,3102.20898438,12310.9707031,3540,886,885.889404297,1
"1328",898905,7959315,0,0.0923303514719,3092.32910156,9.20898723602,863,1950,3244.71875,12285.5400391,3390,757,757.165771484,1
"1329",899055,7959315,0,0.089980699122,3222.73168945,3.72386717796,852,1945,3387.87548828,12261.8925781,3240,638,637.808776855,1
"1330",899205,7959315,0,0.0910205021501,3354.77270508,7.50614261627,875,1945,3531.60009766,12240.0371094,3090,531,530.754150391,1
"1331",899355,7959315,0,0.0910366028547,3488.26611328,13.2065668106,881,1945,3675.82641602,12219.9833984,2940,443,442.944702148,1
"1332",899505,7959315,0,0.0922225341201,3623.05126953,7.74697399139,897,1945,3820.49731445,12201.7412109,2790,395,394.588378906,1
"1333",899655,7959315,0,0.094017393887,3758.98925781,10.6835079193,927,1945,3965.56420898,12185.3193359,2640,391,391.152130127,1
"1334",899805,7959315,0,0.0940706431866,3895.95947266,9.5662355423,926,1945,4110.98535156,12170.7226563,2490,430,429.534637451,1
"1335",899955,7959315,0,0.0962918400764,4033.85668945,10.482881546,939,1945,4256.72412109,12157.9599609,2340,511,510.881591797,1
"1336",900105,7959315,0,0.0994909480214,4172.58935547,8.43945026398,952,1887,4402.74902344,12147.0371094,2190,618,618.465820313,1
"1337",900255,7959315,0,0.100027389824,4312.07617188,13.7788572311,984,1887,4549.03271484,12137.9570313,2040,741,740.9453125,1
"1338",900405,7959315,0,0.10211405158,4452.24658203,12.6593236923,1020,1887,4695.55126953,12130.7255859,1890,872,872.06652832,1
"1339",900555,7959315,0,0.0981687381864,4593.03808594,16.6321544647,993,1941,4842.28271484,12125.3457031,1740,1008,1008.46417236,1
"1340",900705,7959315,0,0.0981597900391,4734.39550781,18.8792209625,984,1941,4989.20849609,12121.8193359,1590,1148,1148.25952148,1
"1341",900855,7959315,0,0.099043674767,4685.09326172,15.1694574356,948,1941,5040,12120.1484375,1440,1290,1290.34875488,1
"1342",901005,7959315,0,0.101936012506,4549.13183594,9.23286819458,935,1941,5040,12120.0371094,1290,1422,1422.39233398,1
"1343",901155,7959315,0,0.102106571198,4414.07958984,9.87092685699,931,1941,5040,12121.3369141,1140,1557,1556.82373047,1
"1344",901305,7959315,0,0.100161150098,4280.0234375,18.779920578,916,1941,5040.80371094,12124.4921875,990,1681,1693.87133789,1
"1345",901455,7959315,0,0.105391651392,4147.05908203,15.5996141434,890,1941,5045.7109375,12129.5009766,840,1648,1832.94848633,1
"1346",901605,7959315,0,0.107876487076,4015.2956543,15.4934158325,864,2032,5055.06689453,12136.3623047,690,1627,1973.62609863,1
"1347",901755,7959315,0,0.106252804399,3884.85522461,14.4847335815,827,2032,5068.84619141,12145.0732422,540,1599,2115.58496094,1
"1348",901905,7959315,0,0.106097400188,3755.87548828,10.4776821136,790,2032,5087.01269531,12155.6279297,390,1546,2258.58374023,1
"1349",902055,7959315,0,0.105887591839,3628.51220703,3.1096329689,780,2032,5109.52050781,12168.0234375,240,1507,2402.4362793,1
"1350",902205,7959315,0,0.0666195377707,3502.94165039,5.71059322357,779,2032,5136.31201172,12182.2539063,90,1481,2546.99829102,1
"1351",902355,7959315,0,0.0676010549068,3379.36376953,13.0569477081,783,2032,5167.3203125,12198.3115234,60,1470,2692.15527344,1
"1352",902505,7959315,0,0.0661985948682,3258.00561523,13.5976524353,769,2062,5202.47070313,12216.1904297,210,1470,2837.81616211,1
"1353",902655,7959315,0,0.066380046308,3139.12402344,18.0539035797,741,2062,5241.67919922,12235.8818359,360,1481,2839.24291992,1
"1354",902805,7959315,0,0.066824182868,3023.01171875,12.9793510437,741,2062,5284.85595703,12257.3769531,510,1507,2690.31591797,1
"1355",902955,7959315,0,0.0670953020453,2910,14.7807683945,770,2062,5331.90380859,12280.6679688,660,1546,2541.51538086,1
"1356",903105,7959315,0,0.0649362653494,2800.46435547,5.87557268143,801,2062,5382.72216797,12305.7421875,810,1599,2392.86450195,1
"1357",903255,7959315,0,0.0670310407877,2694.82836914,10.2193775177,791,2062,5437.20507813,12332.5908203,960,1602,2244.39306641,1
"1358",903405,7959315,0,0.064614392817,2593.56884766,22.2493686676,753,2062,5495.24316406,12361.2011719,1110,1487,2096.1394043,1
"1359",903555,7959315,0,0.0659991055727,2497.21850586,12.7139968872,722,2081,5556.72558594,12391.5615234,1260,1379,1948.1529541,1
"1360",903705,7959315,0,0.0658811703324,2406.36645508,10.0304431915,731,2081,5621.5390625,12423.6591797,1410,1279,1800.49987793,1
"1361",903855,7959315,0,0.0674330890179,2321.65893555,15.6392154694,730,2081,5688.69921875,12457.4794922,1559.13439941,1190,1653.26953125,1
"1362",904005,7959315,10,0.0666713342071,2243.79150391,11.9137191772,692,2081,5758.28076172,12493.0097656,1706.57556152,1114,1506.58557129,1
"1363",904155,7959315,2,0.0678452402353,2173.49951172,11.1411619186,653,2081,5830.89208984,12512.9130859,1854.42712402,1053,1360.62487793,1
"1364",904305,7959315,3,0.0645458847284,2111.53979492,9.7198677063,640,2081,5889.25292969,12510.5751953,2002.5982666,1012,1215.64794922,1
"1365",904455,7959315,0,0.0635901466012,2058.66455078,4.90379238129,633,2151,5948.93261719,12510,2151.02294922,953,1072.05407715,1
"1366",904605,7959315,7,0.0624324530363,2015.5892334,17.0890579224,604,2151,6011.76367188,12510,2299.65209961,824,930.483764648,1
"1367",904755,7959315,0,0.0610653683543,1982.95239258,13.1340227127,584,2151,6077.64746094,12510.0361328,2448.44848633,703,792.022705078,1
"1368",904905,7959315,0,0.061275228858,1961.27514648,5.1506524086,561,2151,6146.48681641,12511.2949219,2597.38330078,594,658.63494873,1
"1369",905055,7959315,0,0.0597013868392,1950.92285156,4.0586643219,552,2131,6218.18310547,12514.3515625,2746.43408203,488,534.13482666,1
"1370",905205,7959315,0,0.0580061413348,1952.07580566,6.80409002304,570,2131,6292.63867188,12519.2050781,2895.58276367,402,426.380126953,1
"1371",905355,7959315,0,0.0595508143306,1964.71374512,12.4851179123,594,2131,6369.75683594,12525.8535156,3044.81518555,324,351.140991211,1
"1372",905505,7959315,0,0.0588703267276,1988.61755371,18.5313110352,635,2131,6449.44189453,12534.2929688,3194.11962891,272,331.360839844,1
"1373",905655,7959315,0,0.0577307417989,2023.38830566,13.6905288696,651,2131,6531.60009766,12544.5205078,3343.48608398,285,375.898925781,1
"1374",905805,7959315,0,0.0576014071703,2068.4777832,6.72968912125,623,2131,6616.13916016,12556.5322266,3492.90698242,361,436.80657959,1
"1375",896805,7959165,0,0.137704461813,1520.85498047,19.2951087952,644,2044,1259.28552246,12476.8984375,1918.59326172,1071,1130.88464355,1
"1376",896955,7959165,0,0.128734141588,1583.19299316,11.1799860001,692,2044,1406.16503906,12460.1162109,2066.51879883,1218,1271.37719727,1
"1377",897105,7959165,0,0.123126856983,1656.80419922,23.2772293091,679,1965,1553.64086914,12445.1191406,2214.72338867,1366,1413.82458496,1
"1378",897255,7959165,0,0.115081779659,1740.25854492,29.5414390564,682,1965,1701.55810547,12431.9150391,2363.15478516,1513,1557.69055176,1
"1379",897405,7959165,0,0.107173219323,1832.21179199,15.9227800369,711,1965,1849.81079102,12420.5068359,2511.7722168,1660,1702.61560059,1
"1380",897555,7959165,0,0.107580654323,1931.45019531,20.5164585114,715,1965,1998.32434082,12410.9023438,2660.54516602,1679,1848.35058594,1
"1381",897705,7959165,0,0.103760696948,2036.90942383,19.0269088745,775,1965,2147.04443359,12391.453125,2809.44824219,1584,1916.71594238,1
"1382",897855,7959165,0,0.101514697075,2147.6730957,20.0643901825,824,1965,2295.93115234,12354.9023438,2958.46240234,1498,1774.06311035,1
"1383",898005,7959165,0,0.0988590121269,2262.96264648,14.3977966309,842,1965,2444.95410156,12318.6445313,3107.28173828,1422,1632.7277832,1
"1384",898155,7959165,0,0.0938948914409,2382.12084961,11.3719148636,830,1950,2594.08935547,12284.0751953,3255.10375977,1359,1493.08410645,1
"1385",898305,7959165,0,0.0913725718856,2504.59570313,8.54372596741,827,1950,2738.55810547,12251.2451172,3403.11621094,1310,1355.65478516,1
"1386",898455,7959165,0,0.0951471626759,2629.92407227,11.79570961,835,1950,2875.62158203,12220.1679688,3551.2956543,1221,1221.18798828,1
"1387",898605,7959165,0,0.0968676358461,2757.71655273,12.4163856506,835,1950,3013.91772461,12190.8574219,3652.61547852,1091,1090.77954102,1
"1388",898755,7959165,0,0.0966738238931,2887.64599609,15.1009187698,840,1950,3153.28393555,12163.3261719,3507.43505859,966,966.074523926,1
"1389",898905,7959165,0,0.0938254371285,3019.43701172,11.9137191772,837,1950,3293.5847168,12137.5859375,3361.74072266,850,849.588134766,1
"1390",899055,7959165,0,0.0904942154884,3152.85595703,11.6301050186,842,1945,3434.70532227,12113.6494141,3216.02246094,743,742.765075684,1
"1391",899205,7959165,0,0.0908157974482,3287.7043457,4.58231496811,851,1945,3576.54858398,12091.5263672,3070.71655273,649,648.999206543,1
"1392",899355,7959165,0,0.0899717211723,3423.8137207,6.89389324188,866,1945,3719.03222656,12071.2265625,2925.4230957,579,579.396240234,1
"1393",899505,7959165,0,0.091274254024,3561.0390625,10.0249881744,886,1945,3862.08496094,12052.7587891,2779.49633789,543,543.323120117,1
"1394",899655,7959165,0,0.0926571190357,3699.2565918,11.2427597046,898,1945,4005.64599609,12036.1328125,2634.02734375,541,540.832702637,1
"1395",899805,7959165,0,0.0929363518953,3838.35913086,9.32183551788,913,1945,4149.66259766,12021.3564453,2489.09619141,569,569.209960938,1
"1396",899955,7959165,0,0.0943344682455,3978.25341797,6.17384767532,924,1945,4294.08886719,12008.4345703,2340,633,632.850708008,1
"1397",900105,7959165,0,0.0998300388455,4118.85888672,10.6631202698,949,1887,4438.88476563,11997.375,2190,722,722.495666504,1
"1398",900255,7959165,0,0.0991850346327,4260.10546875,13.9044561386,973,1887,4584.015625,11988.1816406,2040,830,829.758972168,1
"1399",900405,7959165,0,0.10114865005,4401.93115234,16.9702968597,977,1887,4729.45019531,11980.859375,1890,949,948.683288574,1
"1400",900555,7959165,0,0.100480444729,4544.28222656,10.31508255,962,1941,4875.16162109,11975.4121094,1740,1075,1075.40686035,1
"1401",900705,7959165,0,0.100857019424,4687.10986328,11.2427597046,960,1941,5021.12548828,11971.8417969,1590,1207,1207.47668457,1
"1402",900855,7959165,0,0.100896522403,4749.484375,14.6567935944,926,1941,5167.3203125,11970.1503906,1440,1343,1343.31677246,1
"1403",901005,7959165,0,0.10223968327,4615.41992188,10.4568567276,906,1941,5190,11970.0371094,1290,1482,1481.890625,1
"1404",901155,7959165,0,0.100238598883,4482.36523438,16.6657409668,897,1941,5190,11971.3535156,1140,1622,1622.49804688,1
"1405",901305,7959165,0,0.100006952882,4350.41357422,19.7707691193,896,1941,5190.78027344,11974.5478516,990,1758,1757.75427246,1
"1406",901455,7959165,0,0.105249129236,4219.66845703,10.39935112,866,1941,5195.54638672,11979.6201172,840,1795,1892.14160156,1
"1407",901605,7959165,0,0.105510652065,4090.24438477,12.8142366409,848,2032,5204.63232422,11986.5673828,690,1776,2028.71875,1
"1408",901755,7959165,0,0.104663416743,3962.27197266,12.604382515,822,2032,5218.01708984,11995.3867188,540,1738,2167.07177734,1
"1409",901905,7959165,0,0.105687372386,3835.89624023,12.4077634811,785,2032,5235.66601563,12006.0732422,390,1690,2306.88110352,1
"1410",902055,7959165,0,0.105575114489,3711.2800293,8.73569107056,767,2032,5257.53759766,12018.6230469,240,1653,2447.89697266,1
"1411",902205,7959165,0,0.105173572898,3588.60693359,9.64622497559,759,2032,5283.578125,12033.0292969,90,1630,2589.92285156,1
"1412",902355,7959165,0,0.0671835839748,3468.08300781,10.1818943024,741,2032,5313.72753906,12049.2861328,60,1620,2732.80078125,1
"1413",902505,7959165,0,0.0661329627037,3349.94018555,17.1097354889,732,2062,5347.91552734,12067.3857422,210,1620,2835.91259766,1
"1414",902655,7959165,0,0.0670418143272,3234.43969727,14.8545665741,710,2062,5386.06542969,12087.3193359,360,1630,2855.6784668,1
"1415",902805,7959165,0,0.0646999105811,3121.87451172,16.7538890839,733,2062,5428.09375,12109.0791016,502.89163208,1653,2712.80297852,1
"1416",902955,7959165,0,0.0656050294638,3012.57373047,13.4057235718,772,2062,5473.91064453,12132.6542969,647.611022949,1690,2565.30688477,1
"1417",903105,7959165,0,0.0669281482697,2906.90551758,11.2041759491,785,2062,5523.42285156,12158.0341797,794.292114258,1738,2418.11914063,1
"1418",903255,7959165,0,0.0654692724347,2805.28076172,13.519692421,773,2062,5576.53125,12185.2080078,942.019104004,1699,2271.29907227,1
"1419",903405,7959165,0,0.0665440037847,2708.15429688,11.1993427277,739,2062,5633.13427734,12214.1640625,1090.36694336,1591,2124.92358398,1
"1420",903555,7959165,0,0.066004998982,2616.02758789,12.2645177841,709,2081,5693.12744141,12244.8886719,1239.11254883,1490,1979.09069824,1
"1421",903705,7959165,0,0.0656675621867,2529.4465332,17.6054763794,712,2081,5756.40527344,12277.3691406,1388.1282959,1398,1833.93017578,1
"1422",903855,7959165,0,0.0662645921111,2448.99975586,13.2706699371,710,2081,5822.78271484,12311.5917969,1537.33532715,1317,1689.61535645,1
"1423",904005,7959165,4,0.0650826990604,2375.31054688,15.7475004196,668,2081,5890.78076172,12347.5419922,1686.68310547,1249,1546.38293457,1
"1424",904155,7959165,7,0.0660379007459,2309.02587891,7.11717653275,655,2081,5961.77832031,12362.9482422,1836.13720703,1195,1404.56396484,1
"1425",904305,7959165,7,0.0641749128699,2250.79980469,13.2986030579,632,2081,6027.83544922,12360.5820313,1985.67370605,1158,1264.63427734,1
"1426",904455,7959165,0,0.0633797198534,2201.27246094,11.0483522415,614,2151,6086.15625,12360,2135.27514648,1032,1127.29760742,1
"1427",904605,7959165,0,0.0611396096647,2161.04150391,21.3687934875,616,2151,6147.58496094,12360,2284.92895508,914,993.629699707,1
"1428",904755,7959165,0,0.0614134222269,2130.63378906,21.3423137665,594,2151,6212.02880859,12360.0361328,2434.62524414,806,865.332336426,1
"1429",904905,7959165,0,0.0612246021628,2110.47387695,19.0269088745,567,2151,6279.39501953,12361.3105469,2584.35668945,700,745.184570313,1
"1430",905055,7959165,0,0.0603101179004,2100.85693359,9.09464073181,553,2131,6349.59033203,12364.4042969,2734.11767578,607,637.808776855,1
"1431",905205,7959165,0,0.059165623039,2101.92773438,16.5555114746,577,2131,6422.52294922,12369.3164063,2883.90356445,534,550.726806641,1
"1432",905355,7959165,0,0.0583682507277,2113.66967773,10.6017017365,589,2131,6498.09960938,12376.0458984,3033.71069336,457,494.772674561,1
"1433",905505,7959165,0,0.0577783510089,2135.90722656,17.1097354889,608,2131,6576.22998047,12384.5869141,3183.53588867,421,480.936584473,1
"1434",905655,7959165,0,0.0582509413362,2168.31738281,23.4325580597,655,2131,6656.82373047,12394.9384766,3333.37670898,430,512.640197754,1
"1435",905805,7959165,0,0.0562996268272,2210.45239258,12.6466693878,649,2131,6739.79248047,12407.0947266,3483.23120117,484,577.061523438,1
"1436",896805,7959015,0,0.145765930414,1382.93164063,16.6565895081,655,2044,1268.8972168,12327.9560547,1948.1529541,1052,1194.73852539,1
"1437",896955,7959015,0,0.130541786551,1451.2064209,15.6918296814,664,2044,1417.95629883,12310.9707031,2095.70996094,1201,1328.49536133,1
"1438",897105,7959015,0,0.122311845422,1531.17602539,14.2441577911,641,1965,1567.19494629,12295.7919922,2241.98583984,1351,1465.40100098,1
"1439",897255,7959015,0,0.118002533913,1621.11071777,12.9588422775,672,1965,1716.56628418,12282.4267578,2388.72338867,1501,1604.64953613,1
"1440",897405,7959015,0,0.109897114336,1719.44763184,13.2506752014,667,1965,1866.03857422,12270.8798828,2535.84301758,1648,1745.68041992,1
"1441",897555,7959015,0,0.109735004604,1824.82873535,12.4163856506,689,1965,2015.5892334,12261.1582031,2683.28149414,1775,1888.09423828,1
"1442",897705,7959015,0,0.102607659996,1936.10437012,26.7328929901,752,1965,2165.20214844,12246.2480469,2830.98925781,1706,1966.54516602,1
"1443",897855,7959015,0,0.0988722518086,2052.31567383,15.6161298752,808,1965,2314.86499023,12209.2626953,2978.92602539,1626,1827.78552246,1
"1444",898005,7959015,0,0.0967164635658,2172.67114258,2.38594412804,818,1965,2464.56884766,12172.9414063,3127.05932617,1557,1690.9465332,1
"1445",898155,7959015,0,0.0932317152619,2296.51904297,8.73569107056,819,1950,2613.96240234,12137.9570313,3275.36254883,1499,1556.53466797,1
"1446",898305,7959015,0,0.0942534282804,2423.32421875,15.1283788681,808,1950,2762.11865234,12104.7304688,3423.8137207,1425,1425.23681641,1
"1447",898455,7959015,0,0.0942915007472,2552.64575195,9.69727230072,804,1950,2910.46386719,12073.2763672,3572.39404297,1298,1297.99841309,1
"1448",898605,7959015,0,0.0932969152927,2684.11987305,9.10674953461,812,1950,3058.97045898,12043.6083984,3616.21337891,1176,1176.13769531,1
"1449",898755,7959015,0,0.0930974408984,2817.44555664,10.2247200012,811,1950,3207.6159668,12015.7392578,3470.80688477,1062,1061.50830078,1
"1450",898905,7959015,0,0.0902190506458,2952.37182617,6.34412097931,807,1950,3348.46240234,11989.6826172,3325.67285156,955,954.829833984,1
"1451",899055,7959015,0,0.0917759761214,3088.68896484,9.10674953461,834,1945,3487.36279297,11965.4501953,3179.71704102,858,858.020996094,1
"1452",899205,7959015,0,0.0911246240139,3226.22070313,5.38597726822,836,1945,3627.14770508,11943.0527344,3034.15551758,778,778.267333984,1
"1453",899355,7959015,0,0.0896072462201,3364.81787109,5.87557268143,850,1945,3767.71826172,11922.5,2889.04833984,721,721.248901367,1
"1454",899505,7959015,0,0.0918448492885,3504.35449219,12.5065097809,858,1945,3908.98974609,11903.8017578,2743.3190918,693,692.603759766,1
"1455",899655,7959015,0,0.0910707190633,3644.72216797,19.9679641724,877,1945,4050.88867188,11886.9677734,2597.55664063,691,690.651855469,1
"1456",899805,7959015,0,0.0933983922005,3785.82885742,11.0826444626,897,1945,4193.35205078,11872.0048828,2452.30493164,713,713.09185791,1
"1457",899955,7959015,0,0.0958966091275,3927.59472656,8.71035480499,907,1945,4336.32324219,11858.9208984,2307.07617188,765,764.852905273,1
"1458",900105,7959015,0,0.0990731716156,4069.95092773,13.2786579132,935,1887,4479.75439453,11847.7216797,2161.04150391,841,840.535522461,1
"1459",900255,7959015,0,0.102576754987,4212.83740234,15.6425104141,959,1887,4623.60253906,11838.4121094,2015.5892334,934,934.344665527,1
"1460",900405,7959015,0,0.101229019463,4356.20263672,14.5997056961,978,1887,4767.82958984,11830.9970703,1870.85546875,1041,1041.39331055,1
"1461",900555,7959015,0,0.100808404386,4500,11.4853715897,934,1941,4912.40283203,11825.4814453,1724.67382813,1158,1158.01550293,1
"1462",900705,7959015,0,0.100235529244,4644.18994141,13.9158086777,925,1941,5057.29199219,11821.8652344,1578.92370605,1282,1281.60058594,1
"1463",900855,7959015,0,0.101589746773,4788.73681641,12.303771019,904,1941,5202.47070313,11820.1523438,1434.0501709,1410,1410.3190918,1
"1464",901005,7959015,0,0.102456875145,4685.57373047,12.0170354843,890,1941,5340,11820.0380859,1288.60388184,1543,1542.88696289,1
"1465",901155,7959015,0,0.101824901998,4554.56933594,9.42741107941,860,1941,5340,11821.3701172,1140,1678,1678.39208984,1
"1466",901305,7959015,0,0.103066056967,4424.77099609,17.4853458405,848,1941,5340.75830078,11824.6054688,990,1816,1816.17724609,1
"1467",901455,7959015,0,0.103253729641,4296.2890625,11.1799860001,838,1941,5345.390625,11829.7421875,840,1943,1955.76074219,1
"1468",901605,7959015,0,0.103976584971,4169.24462891,12.9588422775,814,2032,5354.22265625,11836.7773438,690,1926,2093.1315918,1
"1469",901755,7959015,0,0.103139474988,4043.77294922,10.6631202698,793,2032,5367.23388672,11845.7080078,540,1879,2227.48730469,1
"1470",901905,7959015,0,0.1041463539,3920.02539063,10.197977066,781,2032,5384.39404297,11856.5302734,390,1834,2363.72583008,1
"1471",902055,7959015,0,0.104373201728,3798.1706543,12.0571937561,752,2032,5405.66357422,11869.2373047,240,1800,2501.53955078,1
"1472",902205,7959015,0,0.103208020329,3678.39648438,9.0460319519,729,2032,5430.99414063,11883.8251953,90,1779,2640.68164063,1
"1473",902355,7959015,0,0.0659881234169,3560.9128418,9.29819965363,718,2032,5460.32958984,11900.2861328,30,1770,2674.21020508,1
"1474",902505,7959015,0,0.0657127201557,3445.95410156,9.52020263672,717,2062,5493.60546875,11918.6113281,180,1770,2686.80102539,1
"1475",902655,7959015,0,0.065606251359,3333.78173828,9.97026157379,687,2062,5530.75048828,11938.7939453,330,1779,2707.65576172,1
"1476",902805,7959015,0,0.0647360682487,3224.68603516,15.3829755783,716,2062,5571.6875,11960.8232422,480,1800,2736.58544922,1
"1477",902955,7959015,0,0.0670079439878,3118.99023438,16.4164409637,737,2062,5616.33349609,11984.6904297,630,1834,2597.55664063,1
"1478",903105,7959015,0,0.0663684457541,3017.05151367,8.81123447418,750,2062,5664.60058594,12010.3828125,780,1879,2452.30493164,1
"1479",903255,7959015,0,0.0656312182546,2919.26367188,10.3573102951,763,2062,5716.39746094,12037.890625,930,1803,2307.66113281,1
"1480",903405,7959015,0,0.0664604306221,2826.05737305,7.08572721481,740,2062,5771.62890625,12067.1992188,1080,1702,2163.74682617,1
"1481",903555,7959015,0,0.066773802042,2737.90063477,11.2764015198,716,2081,5830.19726563,12098.2978516,1230,1608,2020.71765137,1
"1482",903705,7959015,0,0.0652746409178,2655.29663086,11.6902084351,684,2081,5892.00292969,12131.1708984,1380,1523,1878.77624512,1
"1483",903855,7959015,0,0.0653495714068,2578.77880859,8.54372596741,696,2081,5956.9453125,12165.8046875,1530,1449,1738.1887207,1
"1484",904005,7959015,0,0.064765997231,2508.90405273,15.4366407394,677,2081,6024.1015625,12202.1845703,1680,1387,1599.31237793,1
"1485",904155,7959015,0,0.0643468573689,2446.24194336,11.0826444626,635,2081,6093.54589844,12212.9853516,1830,1339,1462.63464355,1
"1486",904305,7959015,3,0.0635368525982,2391.359375,10.16040802,617,2081,6165.85742188,12210.5898438,1980,1242,1328.83410645,1
"1487",904455,7959015,0,0.0628135725856,2344.80273438,16.1655769348,610,2151,6223.96972656,12210,2130,1126,1198.87451172,1
"1488",904605,7959015,0,0.0612117797136,2307.07617188,18.9467735291,596,2151,6284.05126953,12210,2280,1018,1074.15087891,1
"1489",904755,7959015,0,0.0619926638901,2278.61791992,16.181394577,582,2151,6347.109375,12210.0371094,2430,912,956.713134766,1
"1490",904905,7959015,0,0.061163328588,2259.77880859,2.38594412804,547,2151,6413.05712891,12211.3271484,2580,816,849.588134766,1
"1491",905055,7959015,0,0.0607738159597,2250.79980469,14.6211442947,586,2131,6481.80517578,12214.4589844,2730,738,757.165771484,1
"1492",905205,7959015,0,0.059377823025,2251.79931641,10.39935112,589,2131,6553.26660156,12219.4316406,2880,659,685.419555664,1
"1493",905355,7959015,0,0.0594160184264,2262.76391602,9.23286819458,626,2131,6627.35253906,12226.2421875,3030,598,641.326721191,1
"1494",905505,7959015,0,0.0586961321533,2283.54980469,20.4884529114,648,2131,6703.9765625,12234.8886719,3180,571,630.713867188,1
"1495",905655,7959015,0,0.0584519580007,2313.89282227,3.58425235748,636,2131,6783.05224609,12245.3662109,3330,577,655.209899902,1
"1496",905805,7959015,0,0.0578189641237,2353.4230957,13.429394722,633,2131,6828.21337891,12257.6708984,3480,618,711.196166992,1
"1497",896655,7958865,0,0.164183482528,1186.80236816,22.7918243408,581,2044,1149.8260498,12198.0527344,1833.93017578,904,1152.56237793,1
"1498",896805,7958865,0,0.153602704406,1247.7980957,20.978017807,639,2044,1295.2220459,12179.0390625,1979.09069824,1054,1273.14575195,1
"1499",896955,7958865,0,0.132126837969,1323.0645752,17.890203476,627,2044,1441.56164551,12161.8457031,2124.92358398,1190,1399.4284668,1
"1500",897105,7958865,0,0.126579493284,1410.3190918,12.5107831955,620,1965,1588.58422852,12146.4814453,2271.29907227,1315,1530,1
"1501",897255,7958865,0,0.1207556054,1507.48132324,13.0365781784,633,1965,1736.11633301,12132.9511719,2418.11914063,1441,1663.85095215,1
"1502",897405,7958865,0,0.109417304397,1612.76159668,12.7725782394,644,1965,1884.03820801,12121.2626953,2565.30688477,1571,1800.25,1
"1503",897555,7958865,0,0.109851419926,1724.67382813,15.2206192017,665,1965,2032.26477051,12111.4199219,2712.80297852,1704,1938.65930176,1
"1504",897705,7958865,0,0.101790741086,1842.00976563,32.8530044556,747,1965,2180.73388672,12101.1611328,2860.24462891,1832,2026.27734375,1
"1505",897855,7958865,0,0.0978118255734,1963.79736328,12.1987800598,804,1965,2329.39916992,12063.7304688,3006.74243164,1758,1891.90380859,1
"1506",898005,7958865,0,0.0992585271597,2089.25830078,11.0826444626,796,1965,2478.22509766,12027.34375,3153.56933594,1694,1760.0567627,1
"1507",898155,7958865,0,0.0944585129619,2217.76904297,12.6255464554,785,1950,2627.18481445,11991.9345703,3300.68164063,1631,1631.34912109,1
"1508",898305,7958865,0,0.0943161100149,2348.82958984,11.1021881104,775,1950,2776.2565918,11958.3027344,3448.04296875,1507,1506.58557129,1
"1509",898455,7958865,0,0.0937170907855,2482.03540039,9.39236068726,779,1950,2925.4230957,11926.4619141,3595.62231445,1387,1386.83093262,1
"1510",898605,7958865,0,0.0934941470623,2617.05932617,6.28194284439,794,1950,3074.6706543,11896.4277344,3579.9440918,1273,1273.49914551,1
"1511",898755,7958865,0,0.0930796712637,2753.6340332,12.4551000595,787,1950,3223.98828125,11868.2138672,3434.31225586,1167,1166.91906738,1
"1512",898905,7958865,0,0.0907883942127,2891.53930664,11.694817543,800,1950,3373.36621094,11841.8330078,3289.07275391,1068,1068.26965332,1
"1513",899055,7958865,0,0.0894056707621,3030.59399414,6.6544251442,823,1945,3522.79711914,11817.296875,3143.56494141,983,982.700378418,1
"1514",899205,7958865,0,0.089434877038,3170.64672852,10.3730974197,826,1945,3672.27441406,11794.6171875,2997.74926758,914,913.89276123,1
"1515",899355,7958865,0,0.0903172641993,3311.57055664,9.62914466858,831,1945,3821.67504883,11773.8056641,2852.36743164,866,865.852172852,1
"1516",899505,7958865,0,0.0903149619699,3453.25927734,11.0237855911,834,1945,3961.02270508,11754.8710938,2707.32348633,842,842.140136719,1
"1517",899655,7958865,0,0.0922610759735,3595.62231445,11.8185062408,853,1945,4101.12158203,11737.8232422,2561.26928711,841,840.535522461,1
"1518",899805,7958865,0,0.0950354933739,3738.58251953,11.3338165283,866,1945,4241.89794922,11722.6699219,2415.69873047,859,859.069274902,1
"1519",899955,7958865,0,0.0959455668926,3882.07421875,12.6255464554,892,1945,4383.28662109,11709.4189453,2270.70483398,902,902.496520996,1
"1520",900105,7958865,0,0.0968441590667,4026.0402832,6.05449867249,916,1887,4525.22949219,11698.0771484,2124.92358398,967,967.470947266,1
"1521",900255,7958865,0,0.103088930249,4170.43164063,18.9933586121,936,1887,4667.67626953,11688.6484375,1979.09069824,1050,1050,1
"1522",900405,7958865,0,0.10406357795,4315.20556641,6.67122650146,968,1887,4810.58203125,11681.1386719,1833.93017578,1146,1146.29833984,1
"1523",900555,7958865,0,0.102869227529,4460.32519531,9.93726921082,954,1941,4926.03271484,11675.5517578,1688.81616211,1253,1253.19592285,1
"1524",900705,7958865,0,0.10026678443,4605.75732422,14.1034631729,920,1941,5028.64794922,11671.8896484,1542.59521484,1368,1368.21044922,1
"1525",900855,7958865,0,0.103275693953,4751.47363281,10.7444162369,883,1941,5133.59521484,11670.1542969,1397.17578125,1489,1489.4630127,1
"1526",901005,7958865,0,0.103152304888,4759.42236328,8.7166967392,865,1941,5240.04785156,11670.0380859,1252.83679199,1616,1615.54943848,1
"1527",901155,7958865,0,0.104263797402,4630.50732422,5.39642429352,842,1941,5348.42041016,11671.3876953,1106.34533691,1745,1745.42260742,1
"1528",901305,7958865,0,0.104670010507,4502.89892578,7.45400953293,833,1941,5458.76367188,11674.6650391,960.46862793,1878,1878.29711914,1
"1529",901455,7958865,0,0.103505842388,4376.7109375,11.4712572098,805,1941,5495.24316406,11679.8671875,816.088256836,1935,2013.57885742,1
"1530",901605,7958865,0,0.102528072894,4252.0703125,8.21995925903,796,2032,5503.83496094,11686.9931641,670.820373535,1922,2150.8137207,1
"1531",901755,7958865,0,0.100627996027,4129.11621094,8.73569107056,768,2032,5516.49365234,11696.0380859,523.927490234,1920,2289.65063477,1
"1532",901905,7958865,0,0.103487558663,4008.00439453,13.7097864151,761,2032,5533.19091797,11706.9980469,379.473327637,1924,2428.51806641,1
"1533",902055,7958865,0,0.103305645287,3888.90722656,7.36374044418,757,2032,5553.890625,11719.8681641,240,1939,2520,1
"1534",902205,7958865,0,0.101649075747,3772.01538086,6.91817474365,739,2032,5578.54833984,11734.640625,90,1928,2520,1
"1535",902355,7958865,0,0.103082165122,3657.54003906,13.1340227127,720,2032,5607.11132813,11751.3105469,30,1920,2524.46044922,1
"1536",902505,7958865,0,0.0645813941956,3545.71582031,3.19960141182,689,2062,5639.52148438,11769.8681641,180,1920,2537.79443359,1
"1537",902655,7958865,0,0.0652794316411,3436.80078125,10.9249105453,678,2062,5675.71142578,11790.3056641,330,1928,2559.86328125,1
"1538",902805,7958865,0,0.0665380954742,3331.08081055,11.3338165283,687,2062,5715.61035156,11812.6123047,480,1948,2590.4440918,1
"1539",902955,7958865,0,0.0676586925983,3228.86987305,12.5746860504,717,2062,5759.140625,11836.7773438,630,1979,2629.23950195,1
"1540",903105,7958865,0,0.0677742213011,3130.51123047,12.9793510437,733,2062,5806.22070313,11862.7910156,780,2015,2495.05517578,1
"1541",903255,7958865,0,0.0665991306305,3036.37939453,8.81123447418,746,2062,5856.76513672,11890.6396484,930,1913,2353.04052734,1
"1542",903405,7958865,0,0.0664787441492,2946.87963867,10.3520421982,723,2062,5910.68505859,11920.3105469,1080,1818,2212.08056641,1
"1543",903555,7958865,0,0.0679239779711,2862.4465332,10.07396698,709,2081,5967.88916016,11951.7910156,1230,1731,2072.38989258,1
"1544",903705,7958865,0,0.0677081570029,2783.54101563,16.3354263306,685,2081,6028.28320313,11985.0654297,1380,1652,1934.24401855,1
"1545",903855,7958865,0,0.066761508584,2710.64575195,16.5185661316,657,2081,6091.77294922,12020.1210938,1530,1584,1797.99890137,1
"1546",904005,7958865,0,0.0662623718381,2644.2578125,13.9158086777,657,2081,6158.18945313,12056.9394531,1680,1528,1664.12133789,1
"1547",904155,7958865,0,0.0644926205277,2584.87915039,4.97235822678,664,2081,6226.13867188,12063.0224609,1830,1452,1533.23193359,1
"1548",904305,7958865,3,0.0642354413867,2533.00219727,16.874540329,640,2081,6296.92773438,12060.5966797,1980,1338,1406.16503906,1
"1549",904455,7958865,0,0.0633086636662,2489.09619141,18.2457008362,610,2151,6362.33447266,12060,2130,1230,1284.05603027,1
"1550",904605,7958865,0,0.0619660355151,2453.58911133,20.0234851837,592,2151,6421.12158203,12060,2280,1124,1168.46057129,1
"1551",904755,7958865,0,0.0609407797456,2426.84985352,6.67122650146,556,2151,6482.84667969,12060.0371094,2430,1026,1061.50830078,1
"1552",904905,7958865,0,0.0616704709828,2409.16992188,7.23384475708,546,2151,6547.42675781,12061.3427734,2580,942,966.074523926,1
"1553",905055,7958865,0,0.0592245385051,2400.75,7.39395809174,572,2131,6614.77880859,12064.5136719,2730,865,885.889404297,1
"1554",905205,7958865,0,0.0585105121136,2401.68701172,15.6918296814,596,2131,6684.81884766,12069.5488281,2880,792,825.408996582,1
"1555",905355,7958865,0,0.0588786713779,2411.97021484,15.4399871826,618,2131,6757.46240234,12076.4443359,3030,742,789.176757813,1
"1556",905505,7958865,0,0.0580119490623,2431.48095703,5.00628232956,650,2131,6832.62744141,12085.1972656,3180,721,780.576721191,1
"1557",905655,7958865,0,0.0580937303603,2460,10.9249105453,649,2131,6803.12451172,12095.8046875,3330,726,800.499816895,1
"1558",905805,7958865,0,0.0576231442392,2497.21850586,13.8132429123,618,2131,6709.54541016,12108.2617188,3480,751,846.935668945,1
"1559",896655,7958715,0,0.163708999753,1047.85498047,18.0539035797,580,2067,1194.36169434,12049.3984375,1878.77624512,858,1251.75878906,1
"1560",896805,7958715,0,0.15871784091,1116.46765137,8.81123447418,612,2067,1337.94616699,12030.1494141,2020.71765137,983,1363.59814453,1
"1561",896955,7958715,0,0.139900624752,1200,16.1180076599,601,2067,1480.06762695,12012.7431641,2163.74682617,1107,1482.19433594,1
"1562",897105,7958715,0,0.131158918142,1295.56933594,11.4712572098,599,2034,1623.60705566,11997.1875,2307.66113281,1235,1606.05102539,1
"1563",897255,7958715,0,0.118432842195,1400.71411133,8.45910644531,605,2034,1768.21948242,11983.4882813,2452.30493164,1369,1734.04150391,1
"1564",897405,7958715,0,0.108800068498,1513.43981934,9.42741107941,627,2034,1913.66137695,11971.6542969,2597.55664063,1505,1865.31494141,1
"1565",897555,7958715,0,0.10312910378,1632.17651367,18.8714065552,661,2034,2059.75732422,11961.6884766,2743.3190918,1643,1999.22485352,1
"1566",897705,7958715,0,0.101339630783,1755.70495605,33.282169342,728,2034,2206.37719727,11953.5976563,2889.515625,1784,2095.06567383,1
"1567",897855,7958715,0,0.0963558107615,1883.08251953,12.888835907,784,2034,2353.4230957,11918.3095703,3036.08300781,1892,1965.40075684,1
"1568",898005,7958715,0,0.094966724515,2013.57885742,8.69130134583,789,2034,2500.81982422,11881.8554688,3182.97021484,1833,1838.83117676,1
"1569",898155,7958715,0,0.0924399793148,2146.62524414,6.52698659897,759,2032,2648.5090332,11846.0117188,3330.13525391,1716,1716.04199219,1
"1570",898305,7958715,0,0.0900239795446,2281.77563477,7.97323322296,743,2032,2796.4440918,11811.9638672,3477.54223633,1598,1597.90490723,1
"1571",898455,7958715,0,0.0898746475577,2418.67724609,11.694817543,755,2032,2944.58813477,11779.7285156,3624.91381836,1486,1485.53015137,1
"1572",898605,7958715,0,0.0932298079133,2557.04907227,14.5135765076,762,2032,3092.91113281,11749.3193359,3543.81152344,1379,1379.0213623,1
"1573",898755,7958715,0,0.0929714515805,2696.66455078,4.10029363632,756,2032,3241.38867188,11720.7509766,3397.95532227,1279,1279.14038086,1
"1574",898905,7958715,0,0.0937062501907,2837.34033203,9.13694572449,782,2032,3390,11694.0371094,3252.47607422,1190,1189.83190918,1
"1575",899055,7958715,0,0.0900219902396,2978.92602539,11.9272518158,803,2020,3538.72851563,11669.1904297,3107.42651367,1114,1113.6427002,1
"1576",899205,7958715,0,0.0899300649762,3121.29785156,8.05635929108,808,2020,3687.56005859,11646.2226563,2961.50292969,1053,1053.42297363,1
"1577",899355,7958715,0,0.0917881652713,3264.35302734,15.3324594498,801,2020,3836.48266602,11625.1455078,2815.84790039,1012,1012.02764893,1
"1578",899505,7958715,0,0.09282964468,3408.00537109,13.2986030579,810,2020,3985.48608398,11605.96875,2670.67407227,992,991.81652832,1
"1579",899655,7958715,0,0.093311406672,3552.18237305,9.7198677063,832,2020,4134.56152344,11588.7011719,2525.17333984,990,990.454467773,1
"1580",899805,7958715,0,0.094871558249,3696.82299805,10.3573102951,858,2020,4283.70166016,11573.3525391,2379.28564453,1006,1006.23059082,1
"1581",899955,7958715,0,0.096335798502,3841.87451172,11.8775482178,880,2020,4423.04199219,11559.9306641,2233.94262695,1044,1043.55163574,1
"1582",900105,7958715,0,0.0982261970639,3987.29223633,7.65304899216,908,1934,4517.16748047,11548.4414063,2089.04272461,1100,1100.22729492,1
"1583",900255,7958715,0,0.102058753371,4133.03759766,10.9991579056,933,1934,4614.24951172,11538.890625,1942.83300781,1173,1173.4564209,1
"1584",900405,7958715,0,0.104034170508,4279.07714844,11.3194923401,961,1934,4714.10644531,11531.2832031,1797.2479248,1260,1260.35705566,1
"1585",900555,7958715,0,0.103326365352,4425.38134766,12.888835907,947,1941,4816.56494141,11525.6240234,1652.45275879,1358,1358.30773926,1
"1586",900705,7958715,0,0.102616988122,4571.92529297,11.9991388321,914,1941,4921.46337891,11521.9140625,1506.58557129,1465,1465.09387207,1
"1587",900855,7958715,0,0.103021912277,4718.68603516,11.3481197357,893,1941,5027.93212891,11520.15625,1360.62487793,1579,1578.92370605,1
"1588",901005,7958715,0,0.104244582355,4836.79638672,12.2338895798,860,1941,5136.39941406,11520.0390625,1215.64794922,1698,1698.3815918,1
"1589",901155,7958715,0,0.104618132114,4710,12.0571937561,824,1941,5246.91357422,11521.40625,1070.79406738,1822,1822.36108398,1
"1590",901305,7958715,0,0.103965930641,4584.60449219,10.4776821136,811,1941,5359.34716797,11524.7255859,924.175292969,1812,1950,1
"1591",901455,7958715,0,0.102965772152,4460.72851563,13.121887207,792,1941,5473.58203125,11529.9960938,778.845275879,1786,2080.625,1
"1592",901605,7958715,0,0.102723784745,4338.50195313,12.4163856506,762,2032,5589.5078125,11537.2138672,635.688598633,1772,2201.68115234,1
"1593",901755,7958715,0,0.10123488307,4218.06835938,11.5975980759,744,2032,5665.79199219,11546.3759766,488.364624023,1770,2257.18847656,1
"1594",901905,7958715,0,0.101003669202,4099.58544922,10.3730974197,739,2032,5682.05078125,11557.4785156,342.052612305,1774,2321.07739258,1
"1595",902055,7958715,0,0.101283743978,3983.22729492,8.16580963135,728,2032,5702.20996094,11570.5146484,201.246124268,1790,2370,1
"1596",902205,7958715,0,0.102415315807,3869.18603516,11.4476909637,723,2032,5726.22900391,11585.4775391,60,1819,2370,1
"1597",902355,7958715,0,0.104438826442,3757.67211914,12.1060733795,698,2032,5754.05957031,11602.3623047,67.0820388794,1860,2374.7421875,1
"1598",902505,7958715,0,0.104765087366,3648.91772461,11.4476909637,689,2062,5785.64599609,11621.1572266,212.132034302,1911,2388.91186523,1
"1599",902655,7958715,0,0.065280996263,3543.17651367,9.03993606567,663,2062,5820.92773438,11641.8554688,361.247833252,1972,2412.34326172,1
"1600",902805,7958715,0,0.0647270232439,3440.7265625,4.76364183426,677,2062,5859.83789063,11664.4462891,502.89163208,2043,2444.77001953,1
"1601",902955,7958715,0,0.066981561482,3341.87084961,9.93726921082,692,2062,5902.3046875,11688.9179688,647.611022949,2122,2485.83984375,1
"1602",903105,7958715,0,0.066420160234,3246.93701172,10.1765270233,709,2062,5948.25195313,11715.2597656,794.292114258,2125,2535.13305664,1
"1603",903255,7958715,0,0.0660445392132,3156.27954102,11.0826444626,725,2062,5997.59960938,11743.4580078,942.019104004,2029,2406.92749023,1
"1604",903405,7958715,0,0.0671481490135,3070.27685547,8.39999389648,715,2062,6050.26464844,11773.5,1090.36694336,1939,2269.31713867,1
"1605",903555,7958715,0,0.0660668984056,2989.33105469,8.28042984009,693,2081,6106.16064453,11805.3720703,1239.11254883,1857,2133.37768555,1
"1606",903705,7958715,0,0.0676605403423,2913.86352539,10.4516429901,665,2081,6165.20068359,11839.0585938,1388.1282959,1784,1999.44995117,1
"1607",903855,7958715,5,0.0657798349857,2844.31005859,11.8185062408,632,2081,6227.29492188,11874.5439453,1537.33532715,1722,1867.96679688,1
"1608",904005,7958715,0,0.0655133277178,2781.11499023,12.7265758514,625,2151,6292.35253906,11911.8134766,1686.68310547,1663,1739.48266602,1
"1609",904155,7958715,0,0.063105687499,2724.72021484,21.3886222839,636,2151,6359.50488281,11913.0605469,1836.13720703,1550,1614.71362305,1
"1610",904305,7958715,0,0.0637584105134,2675.5559082,12.3645534515,629,2151,6428.82568359,11910.6044922,1985.67370605,1442,1494.59020996,1
"1611",904455,7958715,0,0.0627020671964,2634.02734375,11.4618368149,644,2151,6500.86914063,11910,2135.27514648,1337,1380.3260498,1
"1612",904605,7958715,0,0.0614234320819,2600.5,22.4171772003,597,2151,6558.75732422,11910,2284.92895508,1237,1273.49914551,1
"1613",904755,7958715,0,0.0620060004294,2575.28637695,9.97026157379,554,2151,6619.19921875,11910.0380859,2434.62524414,1148,1176.13769531,1
"1614",904905,7958715,0,0.0614329352975,2558.63256836,18.3595504761,567,2151,6682.46191406,11911.3603516,2584.35668945,1073,1090.77954102,1
"1615",905055,7958715,0,0.0595128573477,2550.70581055,7.45400953293,578,2131,6748.46630859,11914.5712891,2734.11767578,994,1020.44110107,1
"1616",905205,7958715,0,0.059267193079,2551.58764648,12.8267040253,602,2131,6817.1328125,11919.6689453,2883.90356445,930,968.400756836,1
"1617",905355,7958715,0,0.0581864342093,2561.26928711,16.5062274933,617,2131,6883.67626953,11926.6503906,3033.71069336,888,937.709960938,1
"1618",905505,7958715,13,0.0588550716639,2579.65112305,16.7144451141,620,2131,6784.578125,11935.5146484,3183.53588867,871,930.483764648,1
"1619",905655,7958715,0,0.0576170235872,2606.54956055,16.8233947754,611,2131,6687.37597656,11946.2548828,3333.37670898,875,947.259216309,1
"1620",905805,7958715,0,0.058250375092,2641.70410156,19.7928085327,606,2131,6592.15429688,11958.8671875,3483.23120117,771,948.683288574,1
"1621",896505,7958565,0,0.168546006083,853.814941406,22.6544075012,559,2067,1092.01647949,11922.1220703,1788.4630127,649,1260.35705566,1
"1622",896655,7958565,0,0.166075512767,912.414367676,23.0096244812,599,2067,1233.28833008,11900.7773438,1927.71887207,774,1358.30773926,1
"1623",896805,7958565,0,0.159250989556,990.454467773,8.93563175201,601,2067,1376.4083252,11881.2880859,2068.4777832,900,1463.86474609,1
"1624",896955,7958565,0,0.140183314681,1083.74353027,13.9611129761,569,2067,1520.85498047,11863.6630859,2210.45239258,1033,1574.92858887,1
"1625",897105,7958565,0,0.128404870629,1188.69677734,7.01442861557,570,2034,1666.2833252,11847.9111328,2353.04052734,1170,1692.01062012,1
"1626",897255,7958565,0,0.118244193494,1302.49755859,7.80418491364,593,2034,1812.20861816,11834.0400391,2495.05517578,1310,1813.94592285,1
"1627",897405,7958565,0,0.107282340527,1423.02490234,9.5662355423,617,2034,1954.37963867,11822.0556641,2637.95385742,1452,1939.81958008,1
"1628",897555,7958565,0,0.102971807122,1548.70910645,14.9383802414,657,2034,2097.64160156,11811.9638672,2781.6003418,1595,2068.9128418,1
"1629",897705,7958565,0,0.100529178977,1678.39208984,31.4454917908,720,2034,2241.78491211,11803.7705078,2925.88452148,1739,2172.04980469,1
"1630",897855,7958565,0,0.0962684378028,1811.21508789,6.52698659897,778,2034,2386.65039063,11773.0029297,3070.71655273,1885,2047.26647949,1
"1631",898005,7958565,0,0.0959833189845,1946.53540039,8.54372596741,772,2034,2532.11376953,11736.4433594,3216.02246094,1926,1926.08410645,1
"1632",898155,7958565,0,0.0929133743048,2083.86669922,11.7637119293,758,2032,2678.07763672,11700.1923828,3361.74072266,1809,1809.22631836,1
"1633",898305,7958565,0,0.089624658227,2222.8359375,7.89622497559,734,2032,2824.46459961,11665.71875,3507.81982422,1698,1697.58654785,1
"1634",898455,7958565,0,0.0888937190175,2363.15478516,8.64667034149,735,2032,2971.21191406,11633.078125,3654.21679688,1591,1591.13171387,1
"1635",898605,7958565,0,0.0913885831833,2504.59570313,10.2193775177,724,2032,3118.26879883,11602.2841797,3512.56323242,1490,1490.36914063,1
"1636",898755,7958565,0,0.0906531512737,2646.97949219,10.3520421982,746,2032,3265.59326172,11573.3525391,3365.3527832,1398,1398.46350098,1
"1637",898905,7958565,0,0.0920305773616,2790.16137695,10.4776821136,771,2032,3413.15112305,11546.2978516,3218.40014648,1317,1317.26989746,1
"1638",899055,7958565,0,0.0908401980996,2934.0246582,7.97323322296,779,2020,3560.9128418,11521.1328125,3071.7421875,1249,1248.8795166,1
"1639",899205,7958565,0,0.0899300649762,3078.47363281,7.66031646729,786,2020,3708.85424805,11497.8691406,2925.4230957,1195,1195.49157715,1
"1640",899355,7958565,0,0.0902408137918,3223.42993164,2.78188633919,774,2020,3856.95483398,11476.5195313,2779.49633789,1159,1159.18078613,1
"1641",899505,7958565,0,0.0893842428923,3368.82763672,8.69130134583,795,2020,4005.1965332,11457.09375,2634.02734375,1142,1141.57788086,1
"1642",899655,7958565,0,0.0940135195851,3514.61230469,7.54314994812,824,2020,4122.35351563,11439.6025391,2489.09619141,1140,1140.39465332,1
"1643",899805,7958565,0,0.0932390019298,3660.73754883,18.0676898956,840,2020,4212.51708984,11424.0537109,2343.07495117,1154,1154.12304688,1
"1644",899955,7958565,0,0.0946686342359,3807.16430664,15.1967687607,880,2020,4306.01904297,11410.4560547,2197.38476563,1187,1186.80236816,1
"1645",900105,7958565,0,0.0978124216199,3953.85888672,15.0561704636,911,1934,4402.64697266,11398.8154297,2052.31567383,1237,1236.93164063,1
"1646",900255,7958565,0,0.101669125259,4100.79248047,20.387670517,962,1934,4502.19921875,11389.1396484,1906.82983398,1302,1302.49755859,1
"1647",900405,7958565,0,0.101626850665,4247.94091797,8.29380512238,971,1934,4604.48681641,11381.4326172,1760.82373047,1381,1381.30371094,1
"1648",900555,7958565,0,0.103934206069,4395.28173828,13.6557855606,947,1941,4709.33105469,11375.6982422,1615.54943848,1471,1471.22399902,1
"1649",900705,7958565,0,0.104812629521,4542.79638672,16.7599468231,913,1941,4815.81787109,11371.9394531,1470.91809082,1570,1570.35021973,1
"1650",900855,7958565,0,0.103327326477,4690.46923828,8.73569107056,872,1941,4924.38818359,11370.1582031,1324.42443848,1677,1677.05102539,1
"1651",901005,7958565,0,0.104837790132,4838.28466797,15.4299449921,849,1941,5035.08691406,11370.0400391,1178.81298828,1761,1789.9720459,1
"1652",901155,7958565,0,0.103932142258,4792.86962891,11.2041759491,822,1941,5147.77636719,11371.4248047,1034.4564209,1708,1908.00939941,1
"1653",901305,7958565,0,0.102357551455,4669.70019531,11.1993427277,788,1941,5262.32861328,11374.7880859,888.425598145,1666,1972.02941895,1
"1654",901455,7958565,0,0.10342079401,4548.14257813,9.74803256989,782,1941,5378.62451172,11380.1269531,742.158996582,1638,2011.56652832,1
"1655",901605,7958565,0,0.101721212268,4428.32910156,13.0854043961,747,2032,5496.55322266,11387.4404297,597.745788574,1622,2061.28588867,1
"1656",901755,7958565,0,0.101443849504,4310.40625,6.06376504898,724,2032,5616.01269531,11396.7236328,453.982391357,1620,2120.47167969,1
"1657",901905,7958565,0,0.100560292602,4194.53222656,8.32714271545,719,2032,5736.20068359,11407.9707031,305.941162109,1624,2188.35546875,1
"1658",902055,7958565,0,0.100856170058,4080.88232422,9.7367773056,699,2032,5850.61523438,11421.1777344,161.554946899,1642,2220,1
"1659",902205,7958565,0,0.102257490158,3969.64746094,12.6255464554,696,2032,5874.02734375,11436.3369141,30,1674,2220,1
"1660",902355,7958565,0,0.102511189878,3861.03613281,10.6835079193,675,2032,5901.16113281,11453.4404297,108.166542053,1717,2225.06176758,1
"1661",902505,7958565,0,0.101358607411,3755.27636719,8.79241371155,664,2062,5931.96435547,11472.4804688,247.38633728,1773,2240.1784668,1
"1662",902655,7958565,0,0.10195928067,3652.61547852,4.58231496811,649,2062,5966.38085938,11493.4462891,394.588378906,1839,2265.14892578,1
"1663",902805,7958565,0,0.0642964020371,3553.32250977,6.42315101624,656,2062,6004.34863281,11516.3271484,540.832702637,1914,2299.65209961,1
"1664",902955,7958565,0,0.0658313855529,3457.68701172,11.694817543,672,2062,6045.80029297,11541.1132813,684.105224609,1998,2343.2668457,1
"1665",903105,7958565,0,0.0648832023144,3366.02148438,8.6146402359,690,2062,6090.66503906,11567.7910156,829.758972168,2090,2395.49584961,1
"1666",903255,7958565,0,0.0656984224916,3278.65820313,1.509526968,699,2062,6138.86816406,11596.3486328,976.729248047,2148,2455.7890625,1
"1667",903405,7958565,0,0.0668338760734,3195.95068359,10.6068344116,689,2062,6190.33105469,11626.7705078,1120.89245605,2064,2334.80200195,1
"1668",903555,7958565,0,0.0660668984056,3118.26879883,9.0460319519,683,2081,6244.97412109,11659.0439453,1266.05688477,1987,2202.90722656,1
"1669",903705,7958565,0,0.0662252530456,3045.99731445,11.2764015198,667,2081,6302.71386719,11693.1513672,1412.2322998,1919,2073.4753418,1
"1670",903855,7958565,0,0.0646780952811,2979.53027344,11.3719148636,644,2081,6363.46582031,11729.0791016,1559.13439941,1861,1946.99768066,1
"1671",904005,7958565,5,0.0648336708546,2919.26367188,16.466053009,621,2151,6427.14550781,11766.8095703,1706.57556152,1762,1824.08886719,1
"1672",904155,7958565,5,0.0632966905832,2865.58886719,6.60375547409,591,2151,6493.59667969,11763.0986328,1854.42712402,1655,1705.52050781,1
"1673",904305,7958565,5,0.0628023818135,2818.8828125,15.1967687607,584,2151,6561.50146484,11760.6123047,2002.5982666,1549,1592.26257324,1
"1674",904455,7958565,0,0.0632071271539,2779.49633789,15.84516716,603,2151,6632.10351563,11760,2151.02294922,1448,1485.53015137,1
"1675",904605,7958565,10,0.0612808354199,2747.74462891,22.0100898743,582,2151,6696.92480469,11760,2299.65209961,1357,1386.83093262,1
"1676",904755,7958565,0,0.0617597065866,2723.89428711,2.71992325783,549,2151,6756.13037109,11760.0380859,2448.44848633,1276,1297.99841309,1
"1677",904905,7958565,0,0.0615304931998,2708.15429688,8.10443592072,568,2151,6818.12304688,11761.3779297,2597.38330078,1199,1221.18798828,1
"1678",905055,7958565,0,0.0595488138497,2700.66650391,4.26269292831,586,2131,6882.82666016,11764.6289063,2746.43408203,1127,1158.79248047,1
"1679",905205,7958565,4,0.0593471899629,2701.49951172,5.98921823502,588,2131,6843.28857422,11769.7919922,2895.58276367,1072,1113.23852539,1
"1680",905355,7958565,0,0.0583425424993,2710.64575195,9.69727230072,639,2131,6768.90673828,11776.8632813,3044.81518555,1036,1086.64624023,1
"1681",905505,7958565,0,0.0583260729909,2728.02124023,16.9195098877,633,2131,6671.88134766,11785.8388672,3194.11962891,1020,1080.41662598,1
"1682",905655,7958565,0,0.0582732595503,2753.47045898,11.3719148636,613,2131,6573.01318359,11796.7158203,3343.48608398,959,1094.8972168,1
"1683",905805,7958565,0,0.0582589991391,2786.7722168,9.42741107941,577,2131,6476.10986328,11809.4873047,3492.90698242,816,1006.23059082,1
"1684",905955,7958565,0,0.0570518895984,2781.6003418,12.6466693878,573,2158,6381.26171875,11824.1494141,3642.37548828,674,874.64276123,1
"1685",896355,7958415,0,0.172307491302,670.820373535,21.1086406708,558,2067,1020,11797.2880859,1705.78430176,443,1302.49755859,1
"1686",896505,7958415,0,0.173836663365,713.09185791,10.724155426,605,2067,1154.12304688,11773.8056641,1843.96313477,566,1381.30371094,1
"1687",896655,7958415,0,0.167345479131,782.304260254,5.42764282227,613,2067,1288.60388184,11752.1914063,1983.85986328,698,1471.22399902,1
"1688",896805,7958415,0,0.162964791059,872.06652832,15.5632066727,590,2067,1426.18371582,11732.4550781,2123.22875977,836,1570.35021973,1
"1689",896955,7958415,0,0.142347365618,976.729248047,9.65191173553,557,2067,1566.04602051,11714.6064453,2261.76928711,977,1675.97729492,1
"1690",897105,7958415,0,0.13229995966,1092.01647949,10.6987705231,554,2034,1707.62988281,11698.6533203,2401.68701172,1121,1786.44897461,1
"1691",897255,7958415,0,0.120704039931,1214.90734863,10.7797718048,582,2034,1850.54040527,11684.6054688,2542.75439453,1266,1902.34069824,1
"1692",897405,7958415,0,0.105429880321,1343.31677246,21.2714748383,618,2034,1994.49243164,11672.4677734,2684.79052734,1412,2022.72094727,1
"1693",897555,7958415,0,0.100423768163,1475.80480957,23.5250301361,676,2034,2139.27563477,11662.2470703,2827.33081055,1559,2146.83496094,1
"1694",897705,7958415,0,0.0997283682227,1611.36584473,21.1108837128,732,2034,2284.73193359,11653.9482422,2969.39379883,1707,2256.39086914,1
"1695",897855,7958415,0,0.0956550389528,1749.28552246,6.72136926651,770,2034,2428.70336914,11627.8154297,3112.2019043,1854,2136.53930664,1
"1696",898005,7958415,0,0.0945806130767,1889.04736328,8.40658378601,750,2034,2571.78930664,11590.7978516,3255.65649414,2003,2020.71765137,1
"1697",898155,7958415,0,0.0932677909732,2030.27087402,10.724155426,743,2032,2715.62158203,11554.4794922,3399.67651367,1910,1909.65966797,1
"1698",898305,7958415,0,0.0912475883961,2172.67114258,7.17964553833,726,2032,2860.08740234,11519.5703125,3544.19238281,1803,1803.24707031,1
"1699",898455,7958415,0,0.0906349048018,2316.03100586,5.64122009277,716,2032,3005.09570313,11486.5136719,3623.5480957,1702,1701.82250977,1
"1700",898605,7958415,0,0.0900975912809,2460.18286133,9.13694572449,705,2032,3150.57128906,11455.3261719,3478.44799805,1608,1608.01123047,1
"1701",898755,7958415,0,0.0902111083269,2604.99511719,14.9105043411,724,2032,3296.45263672,11426.0224609,3332.56665039,1523,1523.22021484,1
"1702",898905,7958415,0,0.0890970006585,2750.36352539,12.0527391434,756,2032,3442.68798828,11398.6181641,3186.92651367,1449,1449.03417969,1
"1703",899055,7958415,0,0.0894410014153,2896.2043457,12.0482826233,753,2020,3589.23388672,11373.1259766,3041.70996094,1387,1387.15539551,1
"1704",899205,7958415,0,0.0899080485106,3042.44970703,10.865111351,751,2020,3736.05395508,11349.5595703,2895.27197266,1339,1339.29089355,1
"1705",899355,7958415,0,0.0883475169539,3189.04370117,8.79241371155,778,2020,3827.44042969,11327.9296875,2747.74462891,1307,1306.98120117,1
"1706",899505,7958415,0,0.0881000831723,3335.94067383,11.1993427277,792,2020,3912.90185547,11308.2490234,2600.5,1291,1291.39465332,1
"1707",899655,7958415,0,0.0954622104764,3483.10205078,6.89389324188,795,2020,4002.16186523,11290.5273438,2453.58911133,1290,1290.34875488,1
"1708",899805,7958415,0,0.0943425521255,3630.49584961,19.1168575287,827,2020,4094.97241211,11274.7724609,2307.07617188,1302,1302.49755859,1
"1709",899955,7958415,0,0.0940493047237,3778.09472656,18.6084690094,866,2020,4191.09765625,11260.9941406,2161.04150391,1332,1331.54040527,1
"1710",900105,7958415,0,0.0975034609437,3925.87573242,24.4758205414,911,1934,4290.31445313,11249.2001953,2015.5892334,1376,1376.4083252,1
"1711",900255,7958415,0,0.102633915842,4073.81884766,17.035741806,992,1934,4392.4140625,11239.3945313,1870.85546875,1436,1435.61828613,1
"1712",900405,7958415,0,0.100679807365,4221.90722656,17.3931179047,966,1934,4497.19921875,11231.5849609,1724.67382813,1507,1507.48132324,1
"1713",900555,7958415,0,0.100967593491,4370.12597656,16.7296295166,923,1941,4603.70507813,11225.7734375,1578.92370605,1590,1590.28295898,1
"1714",900705,7958415,0,0.105004139245,4518.46191406,15.48341465,893,1941,4712.38769531,11221.9648438,1434.0501709,1682,1682.40893555,1
"1715",900855,7958415,0,0.105753831565,4666.90478516,10.6222171783,860,1941,4823.28710938,11220.1601563,1288.60388184,1693,1770,1
"1716",901005,7958415,0,0.104437932372,4815.44384766,10.0249881744,833,1941,4936.25341797,11220.0400391,1142.3659668,1624,1776.34460449,1
"1717",901155,7958415,0,0.103474639356,4878.94433594,10.9991579056,806,1941,5051.1484375,11221.4433594,997.24621582,1566,1795.24377441,1
"1718",901305,7958415,0,0.101486757398,4758.00390625,11.79570961,786,1941,5167.84277344,11224.8515625,853.287780762,1521,1826.30773926,1
"1719",901455,7958415,0,0.0988986492157,4638.76074219,10.0304431915,754,1941,5286.21777344,11230.2626953,706.116149902,1489,1868.93017578,1
"1720",901605,7958415,0,0.0990690141916,4521.34912109,15.0423698425,740,2032,5406.16308594,11237.6728516,560.446228027,1473,1922.34228516,1
"1721",901755,7958415,0,0.100127011538,4405.91650391,10.1010656357,714,2032,5526.02929688,11247.0800781,417.851654053,1470,1985.67370605,1
"1722",901905,7958415,0,0.100749254227,4292.62158203,6.91817474365,693,2032,5646.45898438,11258.4765625,271.661560059,1475,2058.00878906,1
"1723",902055,7958415,0,0.100970469415,4181.63867188,9.70292663574,684,2032,5766.01269531,11271.8583984,123.69316864,1495,2070,1
"1724",902205,7958415,0,0.101949132979,4073.15600586,7.54314994812,672,2032,5886.88378906,11287.21875,0,1529,2070,1
"1725",902355,7958415,0,0.100185997784,3967.37939453,8.40658378601,658,2032,6009.06835938,11304.5478516,150,1577,2075.42773438,1
"1726",902505,7958415,0,0.0988481938839,3864.53100586,8.91708946228,649,2062,6078.46191406,11323.8378906,284.604980469,1637,2091.6262207,1
"1727",902655,7958415,0,0.0978615656495,3764.85058594,8.79241371155,649,2062,6112.05371094,11345.078125,429.534637451,1708,2118.34838867,1
"1728",902805,7958415,0,0.0988740995526,3668.59643555,9.13694572449,637,2062,6149.12207031,11368.2587891,577.061523438,1789,2155.203125,1
"1729",902955,7958415,0,0.0653967857361,3576.04541016,11.5041599274,666,2062,6189.60400391,11393.3662109,721.248901367,1879,2201.68115234,1
"1730",903105,7958415,0,0.0646837949753,3487.49194336,9.10674953461,695,2062,6233.43408203,11420.3896484,865.852172852,1976,2257.18847656,1
"1731",903255,7958415,0,0.0652921795845,3403.24853516,12.7725782394,680,2062,6280.54150391,11449.3144531,1012.02764893,2079,2321.07739258,1
"1732",903405,7958415,0,0.0668233335018,3323.64257813,7.08572721481,664,2062,6330.85302734,11480.1259766,1158.01550293,2188,2392.67626953,1
"1733",903555,7958415,0,0.0674362406135,3249.01513672,11.7682886124,656,2081,6384.29345703,11512.8105469,1302.49755859,2120,2280.19726563,1
"1734",903705,7958415,0,0.0650920718908,3179.71704102,9.93726921082,669,2081,6440.78417969,11547.3505859,1448.10217285,2056,2155.41186523,1
"1735",903855,7958415,0,0.0644235908985,3116.10327148,11.8185062408,656,2081,6500.24609375,11583.7294922,1594.52185059,1974,2034.03540039,1
"1736",904005,7958415,0,0.0649880170822,3058.52905273,16.7235584259,641,2151,6562.59863281,11617.5947266,1739.22399902,1867,1916.71594238,1
"1737",904155,7958415,0,0.0623851828277,3007.34106445,23.2986774445,614,2151,6627.75976563,11613.1386719,1884.51586914,1761,1804.24499512,1
"1738",904305,7958415,0,0.0627647638321,2962.87011719,23.1164226532,583,2151,6694.90869141,11610.6201172,2030.49255371,1660,1697.58654785,1
"1739",904455,7958415,0,0.0629577711225,2925.4230957,21.9592437744,590,2151,6764.11865234,11610,2177.01635742,1566,1597.90490723,1
"1740",904605,7958415,0,0.0613404512405,2895.27197266,25.2532081604,574,2151,6835.59082031,11610,2323.98364258,1482,1506.58557129,1
"1741",904755,7958415,0,0.0613893903792,2872.64697266,9.23286819458,546,2151,6893.60595703,11610.0390625,2471.31542969,1406,1425.23681641,1
"1742",904905,7958415,0,0.061074052006,2857.72631836,14.6639108658,574,2151,6873.14355469,11611.3955078,2618.95019531,1329,1355.65478516,1
"1743",905055,7958415,0,0.0606044344604,2850.6315918,15.7703552246,602,2131,6792.46630859,11614.6894531,2766.83935547,1265,1299.73071289,1
"1744",905205,7958415,0,0.0601184889674,2851.4206543,17.6623191833,636,2131,6714.17138672,11619.9179688,2914.94433594,1216,1259.28552246,1
"1745",905355,7958415,0,0.0606985539198,2860.08740234,9.7198677063,640,2131,6638.34326172,11627.0800781,3063.23364258,1184,1235.83984375,1
"1746",905505,7958415,0,0.0593686550856,2876.56054688,15.4399871826,632,2131,6560.67822266,11636.171875,3211.68188477,1148,1230.36584473,1
"1747",905655,7958415,0,0.0590025372803,2900.70678711,1.21711814404,604,2131,6460.10839844,11647.1884766,3360.26782227,1006,1209.33862305,1
"1748",905805,7958415,0,0.0595716014504,2932.33691406,3.37228679657,605,2131,6361.48583984,11660.1240234,3508.97412109,859,1081.66540527,1
"1749",905955,7958415,0,0.0583146326244,2827.33081055,11.0826444626,589,2158,6264.90234375,11674.9736328,3657.78613281,713,960.46862793,1
"1750",906105,7958415,0,0.057374779135,2686.13110352,2.16078901291,559,2158,6170.45361328,11691.7275391,3690,569,848.528137207,1
"1751",896205,7958265,0,0.175973370671,510.881591797,28.4585399628,517,2067,973.498840332,11674.9736328,1622.49804688,234,1376.4083252,1
"1752",896355,7958265,0,0.172280535102,523.927490234,24.3467884064,568,2067,1098.58996582,11649.3134766,1760.82373047,362,1435.61828613,1
"1753",896505,7958265,0,0.169624820352,577.061523438,10.6987705231,620,2067,1224.49987793,11625.5322266,1899.73681641,503,1507.48132324,1
"1754",896655,7958265,0,0.166525632143,660.68145752,12.2994165421,591,2067,1355.32287598,11603.6416016,2040.22058105,648,1590.28295898,1
"1755",896805,7958265,0,0.163947016001,764.852905273,11.3481197357,569,2067,1489.4630127,11583.6523438,2178.46264648,794,1682.40893555,1
"1756",896955,7958265,0,0.14248470962,882.326477051,10.7696828842,547,2067,1623.88427734,11565.5742188,2317.58496094,942,1782.4140625,1
"1757",897105,7958265,0,0.131563454866,1008.46417236,16.5185661316,540,2034,1760.82373047,11549.4160156,2457.98706055,1090,1888.09423828,1
"1758",897255,7958265,0,0.116958551109,1140.39465332,22.7837753296,606,2034,1899.73681641,11535.1855469,2596.17016602,1239,1998.09912109,1
"1759",897405,7958265,0,0.106424532831,1276.32287598,18.6084690094,653,2034,2040.22058105,11522.890625,2735.43408203,1388,2113.03100586,1
"1760",897555,7958265,0,0.0998679548502,1415.09716797,19.694601059,711,2034,2181.97167969,11512.5371094,2875.77807617,1537,2232.12915039,1
"1761",897705,7958265,0,0.0975321084261,1555.95629883,6.39691972733,743,2034,2324.75805664,11504.1298828,3017.05151367,1687,2250,1
"1762",897855,7958265,0,0.0977398306131,1698.3815918,13.535326004,744,2034,2468.40039063,11482.7519531,3159.12963867,1836,2163.33081055,1
"1763",898005,7958265,0,0.0931699872017,1842.00976563,9.87647438049,732,2034,2612.75708008,11445.265625,3301.63598633,1936,2083.86669922,1
"1764",898155,7958265,0,0.0924315080047,1986.57995605,9.42157936096,724,2032,2757.71655273,11408.8779297,3443.73339844,1900,2012.46118164,1
"1765",898305,7958265,0,0.0924928933382,2131.90063477,12.9259519577,701,2032,2903.03295898,11373.5214844,3586.47460938,1875,1913.42626953,1
"1766",898455,7958265,0,0.0909100025892,2277.82788086,9.01550960541,693,2032,3045.99731445,11340.0400391,3587.10180664,1818,1818.15844727,1
"1767",898605,7958265,0,0.0883575454354,2424.25244141,9.69727230072,683,2032,3189.6081543,11308.4482422,3441.77270508,1731,1730.66467285,1
"1768",898755,7958265,0,0.0910387933254,2571.08935547,18.253862381,707,2032,3333.78173828,11278.7636719,3296.45263672,1652,1652.18041992,1
"1769",898905,7958265,0,0.0896956622601,2718.27148438,7.41653680801,747,2032,3450,11251,3150.57128906,1584,1584.04541016,1
"1770",899055,7958265,0,0.0894410014153,2865.74609375,11.2764015198,728,2020,3536.56616211,11225.1728516,3005.09570313,1528,1527.64526367,1
"1771",899205,7958265,0,0.0886053144932,3013.46972656,13.121887207,740,2020,3619.57177734,11201.2949219,2860.08740234,1484,1484.31799316,1
"1772",899355,7958265,0,0.0897581130266,3161.40795898,10.3678379059,760,2020,3703.75488281,11179.3779297,2714.12963867,1455,1455.23193359,1
"1773",899505,7958265,0,0.0902246013284,3309.53173828,11.0483522415,758,2020,3792.00463867,11159.4355469,2568.46264648,1441,1441.24951172,1
"1774",899655,7958265,0,0.0951192826033,3457.81713867,11.9046878815,786,1934,3884.04418945,11141.4765625,2423.32421875,1440,1440.3125,1
"1775",899805,7958265,0,0.0962052643299,3606.24462891,10.6017017365,816,1934,3979.6105957,11125.5107422,2277.82788086,1451,1451.2064209,1
"1776",899955,7958265,0,0.0956445336342,3754.796875,12.2645177841,836,1934,4078.45556641,11111.5478516,2130.63378906,1477,1477.32861328,1
"1777",900105,7958265,0,0.0984260439873,3903.45996094,17.7753162384,881,1934,4180.34667969,11099.5947266,1982.95239258,1518,1517.89331055,1
"1778",900255,7958265,0,0.100676357746,4052.22167969,24.9783401489,961,1934,4285.06689453,11089.6572266,1835.64697266,1572,1571.7824707,1
"1779",900405,7958265,0,0.100634284317,4201.07128906,18.5313110352,934,1934,4391.59423828,11081.7421875,1688.81616211,1638,1637.68127441,1
"1780",900555,7958265,0,0.103162392974,4350,11.1799860001,903,1988,4500.39990234,11075.8525391,1542.59521484,1642,1642.3458252,1
"1781",900705,7958265,0,0.10619109869,4499,11.7270240784,880,1988,4611.51806641,11071.9912109,1397.17578125,1624,1624.43835449,1
"1782",900855,7958265,0,0.107966922224,4648.06396484,9.42741107941,860,1988,4724.78564453,11070.1630859,1252.83679199,1565,1620,1
"1783",901005,7958265,0,0.104844942689,4797.18652344,12.2601480484,831,1988,4840.05175781,11070.0410156,1106.34533691,1489,1626.92956543,1
"1784",901155,7958265,0,0.103342175484,4946.36230469,9.58343696594,793,1988,4957.17675781,11071.4628906,960.46862793,1426,1647.5435791,1
"1785",901305,7958265,0,0.102430567145,4849.34033203,10.6835079193,764,1988,5076.03173828,11074.9179688,816.088256836,1376,1681.33874512,1
"1786",901455,7958265,0,0.0993768572807,4732.39892578,11.3719148636,741,1988,5196.49902344,11080.4013672,670.820373535,1342,1727.54162598,1
"1787",901605,7958265,0,0.0989351198077,4617.36914063,10.0304431915,713,2094,5316.01367188,11087.9121094,523.927490234,1323,1785.18908691,1
"1788",901755,7958265,0,0.0994079038501,4504.39794922,11.9046878815,701,2094,5436.21191406,11097.4453125,379.473327637,1320,1853.21337891,1
"1789",901905,7958265,0,0.100124612451,4393.64306641,9.93726921082,686,2094,5556.15869141,11108.9960938,240,1325,1913.66137695,1
"1790",902055,7958265,0,0.0998488888144,4285.27734375,6.37937021255,668,2094,5677.53466797,11122.5585938,90,1347,1920,1
"1791",902205,7958265,0,0.101108416915,4179.48583984,7.74697399139,658,2094,5800.25,11138.1240234,30,1385,1920,1
"1792",902355,7958265,0,0.099476441741,4076.46899414,7.54314994812,635,2094,5924.22167969,11155.6845703,180,1438,1925.85046387,1
"1793",902505,7958265,0,0.0992262884974,3976.44311523,11.0826444626,629,2122,6049.37207031,11175.2314453,323.109893799,1504,1943.29614258,1
"1794",902655,7958265,0,0.0989438071847,3879.63916016,9.19103336334,620,2122,6175.62939453,11196.7539063,465.725250244,1581,1972.02941895,1
"1795",902805,7958265,0,0.0994961708784,3786.30419922,8.21995925903,630,2122,6294.14013672,11220.2402344,611.882324219,1668,2011.56652832,1
"1796",902955,7958265,0,0.0640594288707,3696.70117188,10.0522298813,658,2122,6333.69580078,11245.6787109,758.946655273,1764,2061.28588867,1
"1797",903105,7958265,0,0.0646518915892,3611.10791016,11.3338165283,669,2122,6376.53515625,11273.0566406,902.496520996,1867,2120.47167969,1
"1798",903255,7958265,0,0.0649034529924,3529.81591797,10.3573102951,668,2122,6422.59277344,11302.3583984,1047.85498047,1976,2188.35546875,1
"1799",903405,7958265,0,0.0653156191111,3453.12890625,10.6987705231,646,2122,6471.80029297,11333.5693359,1194.36169434,2090,2264.15551758,1
"1800",903555,7958265,0,0.0655048117042,3381.3605957,5.06230688095,631,2133,6524.0859375,11366.6748047,1339.29089355,2208,2343.07495117,1
"1801",903705,7958265,0,0.0653877854347,3314.83032227,11.329044342,659,2133,6579.37695313,11401.6582031,1484.31799316,2186,2244.39306641,1
"1802",903855,7958265,0,0.0649411156774,3253.85913086,14.4919509888,659,2133,6637.59765625,11438.5009766,1630.24536133,2079,2128.09765625,1
"1803",904005,7958265,0,0.0661019086838,3198.76538086,12.6466693878,672,2170,6698.67138672,11467.6933594,1776.09118652,1973,2016.25891113,1
"1804",904155,7958265,0,0.062876328826,3149.85717773,25.3649463654,641,2170,6762.52148438,11463.1806641,1920.93725586,1871,1909.65966797,1
"1805",904305,7958265,0,0.0626576468349,3107.42651367,17.4939613342,589,2170,6829.00439453,11460.6279297,2066.51879883,1776,1809.22631836,1
"1806",904455,7958265,0,0.0623973086476,3071.7421875,7.17964553833,551,2170,6896.86865234,11460,2212.69067383,1689,1716.04199219,1
"1807",904605,7958265,10,0.0605989508331,3043.04125977,10.6835079193,538,2170,6906.0625,11460,2357.62597656,1611,1631.34912109,1
"1808",904755,7958265,0,0.0611962787807,3021.52270508,14.2441577911,560,2170,6824.45605469,11460.0390625,2502.97827148,1530,1556.53466797,1
"1809",904905,7958265,0,0.0609891265631,3007.34106445,12.4422101974,600,2170,6745.19824219,11461.4130859,2648.84887695,1434,1493.08410645,1
"1810",905055,7958265,0,0.0611232668161,3000.59985352,22.6239337921,600,2152,6665.74072266,11464.75,2795.15649414,1348,1442.49780273,1
"1811",905205,7958265,0,0.0614210292697,3001.34960938,15.0561704636,637,2152,6585.93945313,11470.0478516,2941.83618164,1275,1406.16503906,1
"1812",905355,7958265,0,0.0617809221148,3009.5847168,17.355474472,634,2152,6508.6171875,11477.3037109,3088.8347168,1207,1385.20751953,1
"1813",905505,7958265,0,0.0611087940633,3025.24389648,7.37130689621,614,2152,6433.86376953,11486.5136719,3236.10888672,1148,1380.3260498,1
"1814",905655,7958265,0,0.0612681098282,3048.21264648,11.4853715897,608,2152,6348.74023438,11497.6738281,3383.62231445,1044,1290.34875488,1
"1815",905805,7958265,0,0.0593417398632,3019.73510742,11.7270240784,575,2152,6248.35986328,11510.7773438,3531.34545898,902,1171.53747559,1
"1816",905955,7958265,0,0.0585275143385,2880.15625,13.0080003738,573,2171,6150,11525.8183594,3540,765,1060.66015625,1
"1817",896205,7958115,0,0.174854412675,361.247833252,12.9465198517,584,2067,1064.04882813,11527.3808594,1650,180,1517.89331055,1
"1818",896355,7958115,0,0.17022818327,379.473327637,24.691576004,610,2067,1182.24365234,11501.3916016,1800,330,1571.7824707,1
"1819",896505,7958115,0,0.167668104172,450,9.46812725067,636,2067,1306.98120117,11477.3037109,1950,480,1637.68127441,1
"1820",896655,7958115,0,0.168236330152,553.172668457,13.5937662125,604,2067,1431.2232666,11455.1298828,2095.70996094,630,1714.20532227,1
"1821",896805,7958115,0,0.158213332295,674.166137695,12.1943836212,566,2067,1559.13439941,11434.8808594,2233.94262695,780,1800,1
"1822",896955,7958115,0,0.142289713025,804.98449707,14.5063724518,536,2067,1690.68029785,11416.5673828,2373.60473633,930,1893.80566406,1
"1823",897105,7958115,0,0.128809392452,941.541259766,9.28043079376,523,2034,1824.82873535,11400.1972656,2513.20507813,1080,1994.49243164,1
"1824",897255,7958115,0,0.109895095229,1081.66540527,13.3264703751,566,2034,1959.20898438,11385.7802734,2651.73535156,1230,2100.21435547,1
"1825",897405,7958115,0,0.104275673628,1224.13232422,33.410861969,623,2034,2095.70996094,11373.3242188,2791.45117188,1380,2209.84155273,1
"1826",897555,7958115,0,0.0995940640569,1368.21044922,28.7230834961,697,2034,2233.94262695,11362.8339844,2930.80200195,1530,2229.91040039,1
"1827",897705,7958115,0,0.0992866680026,1513.43981934,17.3467731476,704,2034,2373.60473633,11354.3164063,3069.54394531,1680,2131.90063477,1
"1828",897855,7958115,0,0.0937472432852,1659.51794434,12.4077634811,714,2034,2514.45825195,11337.8173828,3209.29907227,1813,2040.22058105,1
"1829",898005,7958115,0,0.0914548039436,1806.23913574,8.69130134583,714,2034,2656.31323242,11299.8496094,3349.94018555,1790,1955.76074219,1
"1830",898155,7958115,0,0.0895533338189,1953.45849609,14.8265047073,708,2032,2799.01757813,11263.3916016,3491.36083984,1754,1879.49462891,1
"1831",898305,7958115,0,0.0896444544196,2101.07104492,11.1799860001,674,2032,2942.44799805,11227.578125,3633.46948242,1727,1812.45690918,1
"1832",898455,7958115,0,0.0893443003297,2248.99975586,10.1010656357,670,2032,3054.70141602,11193.6591797,3550.78857422,1712,1755.70495605,1
"1833",898605,7958115,0,0.0896376892924,2397.18579102,8.54372596741,673,2032,3153.56933594,11161.6533203,3405.23120117,1699,1699.44104004,1
"1834",898755,7958115,0,0.0911937728524,2545.58447266,14.3650360107,698,2032,3240.13891602,11131.5771484,3260.07666016,1652,1652.45275879,1
"1835",898905,7958115,0,0.089614264667,2694.16040039,22.9440021515,706,2032,3328.24267578,11103.4453125,3114.36987305,1618,1618.05444336,1
"1836",899055,7958115,0,0.0911987870932,2842.88574219,9.89862823486,697,2020,3411.56860352,11077.2744141,2968.63598633,1597,1597.05981445,1
"1837",899205,7958115,0,0.0897064954042,2991.73852539,13.2065668106,719,2020,3494.96777344,11053.0761719,2823.34912109,1590,1590,1
"1838",899355,7958115,0,0.0903529673815,3140.70043945,11.5463113785,728,2020,3582.08032227,11030.8662109,2678.07763672,1595,1594.52185059,1
"1839",899505,7958115,0,0.0920337513089,3289.75683594,11.7086324692,748,2020,3673.25463867,11010.6542969,2532.11376953,1591,1591.13171387,1
"1840",899655,7958115,0,0.0921067595482,3438.89526367,16.8022785187,777,1934,3768.19580078,10992.4521484,2386.65039063,1590,1590.28295898,1
"1841",899805,7958115,0,0.0962014049292,3588.10546875,12.2075681686,804,1934,3866.62646484,10976.2695313,2241.78491211,1600,1600.15625,1
"1842",899955,7958115,0,0.098370693624,3737.37866211,13.3423643112,844,1934,3968.28686523,10962.1162109,2095.70996094,1624,1623.88427734,1
"1843",900105,7958115,0,0.10120934993,3886.70800781,11.9272518158,881,1934,4072.93505859,10950,1950,1637,1636.85668945,1
"1844",900255,7958115,0,0.101146183908,4036.0871582,15.81919384,908,1934,4179.48583984,10939.9267578,1804.99304199,1577,1576.64196777,1
"1845",900405,7958115,0,0.10125413537,4185.51074219,15.84516716,893,1934,4288.42626953,10931.9033203,1659.51794434,1529,1528.82312012,1
"1846",900555,7958115,0,0.102655738592,4334.97412109,5.39642429352,906,1988,4399.78417969,10925.9326172,1513.43981934,1495,1494.59020996,1
"1847",900705,7958115,0,0.106710784137,4484.47314453,13.0365781784,877,1988,4513.37988281,10922.0195313,1366.23571777,1475,1474.88977051,1
"1848",900855,7958115,0,0.107041880488,4634.00488281,11.3481197357,841,1988,4629.04980469,10920.1650391,1218.2364502,1440,1470,1
"1849",901005,7958115,0,0.105088181794,4783.56542969,12.7265758514,817,1988,4746.64111328,10920.0410156,1070.79406738,1358,1477.63330078,1
"1850",901155,7958115,0,0.10529268533,4933.15332031,8.6146402359,792,1988,4866.01464844,10921.4833984,924.175292969,1289,1500.29992676,1
"1851",901305,7958115,0,0.101616494358,4943.54101563,10.8900718689,768,1988,4986.23095703,10924.9853516,778.845275879,1233,1537.33532715,1
"1852",901455,7958115,0,0.102836102247,4828.88183594,11.6301050186,741,1988,5106.17285156,10930.5439453,635.688598633,1194,1587.73425293,1
"1853",901605,7958115,0,0.101398974657,4716.20605469,8.48523807526,711,2094,5226.03076172,10938.1582031,488.364624023,1173,1650.27270508,1
"1854",901755,7958115,0,0.100754544139,4605.65966797,10.6835079193,683,2094,5346.48486328,10947.8212891,342.052612305,1170,1723.62988281,1
"1855",901905,7958115,0,0.100269891322,4497.39941406,8.39999389648,665,2094,5468.39990234,10959.5302734,201.246124268,1176,1768.21948242,1
"1856",902055,7958115,0,0.0991100370884,4391.59423828,6.28194284439,658,2094,5591.68115234,10973.2763672,60,1201,1770,1
"1857",902205,7958115,0,0.0974987223744,4288.42626953,7.08572721481,644,2094,5716.24023438,10989.0537109,67.0820388794,1243,1770,1
"1858",902355,7958115,0,0.0984548181295,4188.09033203,3.03572368622,629,2094,5841.99462891,11006.8525391,212.132034302,1301,1776.34460449,1
"1859",902505,7958115,0,0.0990851670504,4090.79443359,7.23384475708,615,2122,5968.86914063,11026.6630859,361.247833252,1374,1795.24377441,1
"1860",902655,7958115,0,0.099552243948,3996.76123047,1.96786379814,610,2122,6096.79443359,11048.4746094,502.89163208,1458,1826.30773926,1
"1861",902805,7958115,0,0.100920990109,3906.22583008,11.5463113785,634,2122,6225.70458984,11072.2763672,647.611022949,1552,1868.93017578,1
"1862",902955,7958115,0,0.101264983416,3819.43701172,7.11717653275,658,2122,6355.54101563,11098.0537109,794.292114258,1655,1922.34228516,1
"1863",903105,7958115,0,0.0641864314675,3736.65625,8.54372596741,669,2122,6486.24707031,11125.7939453,939.627563477,1764,1985.67370605,1
"1864",903255,7958115,0,0.0641413703561,3658.15527344,11.2041759491,652,2122,6564.99804688,11155.4833984,1084.15869141,1879,2058.00878906,1
"1865",903405,7958115,0,0.0640906393528,3584.21533203,7.17964553833,636,2122,6613.14599609,11187.1044922,1230,1998,2138.43408203,1
"1866",903555,7958115,0,0.064447760582,3515.12451172,6.09147787094,613,2133,6664.32275391,11220.6416016,1376.4083252,2122,2193.28515625,1
"1867",903705,7958115,0,0.0648327618837,3451.17382813,7.06204414368,632,2133,6718.45947266,11256.078125,1520.85498047,2201,2206.58105469,1
"1868",903855,7958115,0,0.0642700046301,3392.65380859,5.73025560379,624,2133,6775.48535156,11293.3964844,1666.2833252,2135,2178.46264648,1
"1869",904005,7958115,0,0.0639561116695,3339.8503418,5.96101617813,646,2170,6835.32714844,11317.7958984,1812.45690918,2028,2121.74462891,1
"1870",904155,7958115,0,0.0615989230573,3293.03808594,16.7538890839,625,2170,6897.91259766,11313.2226563,1957.60058594,1899,2020.71765137,1
"1871",904305,7958115,19,0.0622616186738,3252.47607422,11.5463113785,571,2170,6954.4375,11310.6367188,2102.78393555,1772,1926.08410645,1
"1872",904455,7958115,0,0.0616503320634,3218.40014648,9.13694572449,543,2170,6866.85498047,11310,2248.59960938,1650,1838.83117676,1
"1873",904605,7958115,0,0.0631118267775,3191.01855469,4.04469108582,533,2170,6781.45996094,11310,2394.3684082,1533,1760.0567627,1
"1874",904755,7958115,0,0.0606374815106,3170.50463867,15.8775615692,559,2170,6698.33544922,11310.0400391,2539.38964844,1421,1690.9465332,1
"1875",904905,7958115,9,0.0608634762466,3156.9921875,6.06376504898,568,2170,6617.56738281,11311.4326172,2684.95800781,1318,1632.7277832,1
"1876",905055,7958115,0,0.0623983368278,3150.57128906,21.5528869629,600,2152,6539.24316406,11314.8134766,2830.98925781,1224,1586.60009766,1
"1877",905205,7958115,0,0.0624045170844,3151.28540039,15.9098758698,631,2152,6458.64550781,11320.1806641,2976.05444336,1142,1553.64086914,1
"1878",905355,7958115,0,0.0615722350776,3159.12963867,6.72136926651,647,2152,6379.78076172,11327.5332031,3121.44189453,1073,1534.6986084,1
"1879",905505,7958115,0,0.0619613006711,3174.05102539,19.3557281494,620,2152,6303.49902344,11336.8642578,3267.24658203,1008,1500,1
"1880",905655,7958115,0,0.0609341114759,3195.95068359,9.25668239594,594,2152,6229.89550781,11348.171875,3368.82763672,960,1382.93164063,1
"1881",905805,7958115,0,0.0605283454061,3076.57275391,10.5553808212,575,2152,6136.81494141,11361.4482422,3390,934,1272.79223633,1
"1882",905955,7958115,0,0.0612697154284,2939.69384766,5.95158433914,553,2171,6036.63818359,11376.6865234,3390,841,1171.53747559,1
"1883",896205,7957965,0,0.172576397657,212.132034302,22.2597789764,571,2067,1158.01550293,11379.8505859,1650,201,1660.87329102,1
"1884",896355,7957965,0,0.172547221184,241.867736816,20.4627361298,622,2067,1275.61755371,11353.5234375,1800,342,1710.26318359,1
"1885",896505,7957965,0,0.168002098799,342.052612305,16.8955440521,620,2067,1392.01293945,11329.1220703,1950,488,1771.01660156,1
"1886",896655,7957965,0,0.165332823992,469.574279785,11.7637119293,595,2067,1514.33154297,11306.6572266,2100,636,1842.00976563,1
"1887",896805,7957965,0,0.153053045273,607.453674316,16.1180076599,554,2067,1639.32910156,11286.1416016,2250,785,1922.10827637,1
"1888",896955,7957965,0,0.141051828861,750,13.202548027,515,2067,1764.90795898,11267.5859375,2400,934,2010.22387695,1
"1889",897105,7957965,0,0.126944169402,894.986022949,11.6301050186,505,2034,1894.04333496,11251,2550,1084,2105.3503418,1
"1890",897255,7957965,0,0.108187116683,1041.39331055,16.0415420532,525,2034,2026.05529785,11236.3916016,2700,1233,2206.58105469,1
"1891",897405,7957965,0,0.101983308792,1188.69677734,24.3467884064,573,2034,2160.20825195,11223.7695313,2847.63061523,1379,2227.48730469,1
"1892",897555,7957965,0,0.100974656641,1336.60021973,30.8094425201,638,2034,2294.55883789,11213.1396484,2986.16821289,1487,2121.3203125,1
"1893",897705,7957965,0,0.0995819568634,1484.92419434,17.9903144836,671,2034,2418.30517578,11204.5078125,3125.33203125,1602,2018.0435791,1
"1894",897855,7957965,0,0.0986067429185,1633.55444336,14.0736341476,680,2034,2524.46044922,11193.015625,3265.45556641,1689,1920.93725586,1
"1895",898005,7957965,0,0.0966534018517,1782.4140625,11.5603237152,702,2034,2630.43725586,11154.5546875,3403.90942383,1645,1830.98339844,1
"1896",898155,7957965,0,0.0935592502356,1931.45019531,19.1807689667,690,2032,2736.58544922,11117.9853516,3543.17651367,1608,1749.28552246,1
"1897",898305,7957965,0,0.0920276492834,2080.625,9.89862823486,647,2032,2842.56933594,11081.7421875,3660.12304688,1578,1677.05102539,1
"1898",898455,7957965,0,0.0892663523555,2229.91040039,8.99714374542,642,2032,2945.50512695,11047.375,3514.61230469,1563,1615.54943848,1
"1899",898605,7957965,0,0.0882610455155,2379.28564453,10.2193775177,650,2032,3030.59399414,11014.9443359,3368.82763672,1560,1560,1
"1900",898755,7957965,0,0.0883963704109,2528.73486328,15.2681865692,676,2032,3120.28833008,10984.4658203,3223.42993164,1509,1508.67492676,1
"1901",898905,7957965,0,0.0892631262541,2678.24560547,10.7444162369,664,2032,3203.40454102,10955.9570313,3078.32739258,1471,1470.91809082,1
"1902",899055,7957965,0,0.0913385152817,2827.80834961,11.4476909637,676,2020,3286.60913086,10929.4326172,2932.33691406,1448,1447.79138184,1
"1903",899205,7957965,0,0.0903035327792,2977.41503906,10.39935112,687,2020,3372.43237305,10904.9072266,2786.7722168,1440,1440,1
"1904",899355,7957965,0,0.0909907370806,3127.05932617,9.93726921082,707,2020,3462.62915039,10882.3935547,2641.70410156,1445,1444.99133301,1
"1905",899505,7957965,0,0.0927990451455,3276.73608398,8.54372596741,725,2020,3556.86669922,10861.90625,2495.95678711,1465,1465.09387207,1
"1906",899655,7957965,0,0.0927841514349,3426.44140625,17.0387096405,756,1934,3654.83251953,10843.4541016,2350.17016602,1500,1500,1
"1907",899805,7957965,0,0.0933164581656,3576.17114258,13.617061615,790,1934,3756.23486328,10827.0498047,2204.94897461,1549,1548.70910645,1
"1908",899955,7957965,0,0.094223216176,3725.92260742,16.1845569611,818,1934,3860.80297852,10812.7011719,2059.75732422,1581,1580.91748047,1
"1909",900105,7957965,0,0.101730979979,3875.69360352,17.4162330627,867,1934,3967.37939453,10800.4169922,1913.66137695,1504,1503.59570313,1
"1910",900255,7957965,0,0.0985986441374,4025.48144531,23.3453731537,859,1934,4076.46899414,10790.2041016,1768.21948242,1438,1437.81079102,1
"1911",900405,7957965,0,0.0987341627479,4175.28417969,23.23620224,849,1934,4188.09033203,10782.0683594,1623.60705566,1385,1385.20751953,1
"1912",900555,7957965,0,0.100508354604,4325.10107422,19.6526641846,872,1988,4302.04589844,10776.0146484,1477.32861328,1347,1347.33068848,1
"1913",900705,7957965,0,0.103591434658,4474.93017578,14.738401413,867,1988,4418.15576172,10772.046875,1331.54040527,1325,1325.44335938,1
"1914",900855,7957965,0,0.103187143803,4624.77050781,12.0215044022,847,1988,4536.25390625,10770.1669922,1186.80236816,1320,1320,1
"1915",901005,7957965,0,0.105035640299,4774.62060547,10.6835079193,815,1988,4656.18945313,10770.0419922,1041.39331055,1231,1328.49536133,1
"1916",901155,7957965,0,0.104698903859,4924.47949219,12.9588422775,791,1988,4776.03369141,10771.5039063,894.986022949,1154,1353.66174316,1
"1917",901305,7957965,0,0.104483388364,5040.44628906,13.6789588928,753,1988,4896.52929688,10775.0546875,750,1092,1394.59667969,1
"1918",901455,7957965,0,0.101438693702,4928.04199219,8.38019180298,729,1988,5016.01416016,10780.6914063,602.992553711,1048,1449.96557617,1
"1919",901605,7957965,0,0.102490209043,4817.68603516,10.4516429901,701,2094,5137.01269531,10788.4101563,453.982391357,1024,1518.18969727,1
"1920",901755,7957965,0,0.0982449650764,4709.52246094,12.7725782394,676,2094,5259.50585938,10798.2080078,305.941162109,1020,1588.58422852,1
"1921",901905,7957965,0,0.0977377668023,4603.70507813,10.2885951996,644,2094,5383.39111328,10810.0791016,161.554946899,1027,1622.49804688,1
"1922",902055,7957965,0,0.0964166522026,4500.39990234,14.3029146194,635,2094,5508.57519531,10824.0146484,30,1055,1620,1
"1923",902205,7957965,0,0.097047790885,4399.78417969,4.8575334549,632,2094,5634.97119141,10840.0087891,108.166542053,1103,1620,1
"1924",902355,7957965,0,0.0965473130345,4302.04589844,7.95230865479,623,2094,5762.49951172,10858.0527344,247.38633728,1168,1626.92956543,1
"1925",902505,7957965,0,0.0983010828495,4207.38623047,7.83262586594,600,2122,5891.08642578,10878.1337891,394.588378906,1249,1647.5435791,1
"1926",902655,7957965,0,0.0984200015664,4116.01757813,10.197977066,611,2122,6020.66455078,10900.2431641,540.832702637,1341,1681.33874512,1
"1927",902805,7957965,0,0.100526981056,4028.16333008,10.9398050308,631,2122,6151.17041016,10924.3671875,684.105224609,1442,1727.54162598,1
"1928",902955,7957965,0,0.101506583393,3944.05883789,10.16040802,660,2122,6282.54736328,10950.4931641,829.758972168,1552,1785.18908691,1
"1929",903105,7957965,0,0.0999341830611,3863.94873047,15.3829755783,662,2122,6414.74072266,10978.6064453,976.729248047,1668,1853.21337891,1
"1930",903255,7957965,0,0.0993086472154,3788.08666992,13.617061615,642,2122,6547.70166016,11008.6923828,1120.89245605,1789,1930.51806641,1
"1931",903405,7957965,0,0.0648311823606,3716.73242188,18.2728900909,630,2122,6681.38476563,11040.7333984,1266.05688477,1914,2016.0357666,1
"1932",903555,7957965,0,0.0649378150702,3650.15063477,1.90915250778,604,2133,6804.97607422,11074.7148438,1412.2322998,2043,2043.52636719,1
"1933",903705,7957965,0,0.0643100365996,3588.60693359,5.12871170044,631,2133,6858.00244141,11110.6162109,1557.69055176,2058,2057.79003906,1
"1934",903855,7957965,0,0.0643921270967,3532.36474609,12.2075681686,611,2133,6913.87744141,11148.421875,1702.61560059,1999,2040.88220215,1
"1935",904005,7957965,0,0.0644516646862,3481.68066406,16.5647315979,606,2170,6972.53173828,11167.9003906,1848.35058594,1939,1983.85986328,1
"1936",904155,7957965,0,0.0642824843526,3436.80078125,6.76286077499,623,2170,6925.25830078,11163.265625,1994.49243164,1825,1936.80151367,1
"1937",904305,7957965,0,0.0628825947642,3397.95532227,18.6323299408,588,2170,6834.01074219,11160.6455078,2139.27563477,1693,1900.44726563,1
"1938",904455,7957965,10,0.062102470547,3365.3527832,19.0500907898,553,2170,6744.86474609,11160,2284.73193359,1565,1875.41992188,1
"1939",904605,7957965,0,0.0623326711357,3339.17651367,10.7444162369,533,2170,6657.90527344,11160,2430.74072266,1440,1862.17614746,1
"1940",904755,7957965,0,0.0623972080648,3319.57836914,12.5065097809,584,2170,6573.21826172,11160.0400391,2575.98535156,1321,1827.78552246,1
"1941",904905,7957965,0,0.06200883165,3306.67504883,16.7508583069,611,2170,6490.89355469,11161.4511719,2721.24975586,1209,1774.06311035,1
"1942",905055,7957965,9,0.062442086637,3300.54541016,13.362200737,634,2152,6411.02197266,11164.8779297,2867.00195313,1106,1731.7043457,1
"1943",905205,7957965,0,0.0633612573147,3301.22705078,20.2435302734,637,2152,6332.34570313,11170.3173828,3012.72290039,1015,1701.55810547,1
"1944",905355,7957965,0,0.0613527819514,3308.71582031,9.32183551788,603,2152,6251.88769531,11177.7685547,3157.84741211,939,1684.28027344,1
"1945",905505,7957965,0,0.0612475350499,3322.96557617,7.83262586594,586,2152,6174.02636719,11187.2246094,3195.38720703,872,1594.52185059,1
"1946",905655,7957965,0,0.0624164380133,3274.95043945,6.85322475433,589,2152,6098.86035156,11198.6826172,3220.63647461,816,1484.92419434,1
"1947",905805,7957965,0,0.061933375895,3139.55419922,10.8900718689,570,2152,6026.49169922,11212.1367188,3240,785,1382.93164063,1
"1948",905955,7957965,0,0.0618418753147,3005.54492188,5.05115270615,581,2171,5924.90527344,11227.578125,3240,780,1290.34875488,1
"1949",906105,7957965,0,0.0605770871043,2873.11669922,13.3264703751,562,2171,5824.94628906,11244.9990234,3240,789,1209.33862305,1
"1950",896205,7957815,0,0.173088282347,67.0820388794,13.429394722,563,2133,1176.13769531,11232.3857422,1650,300,1804.99304199,1
"1951",896355,7957815,0,0.172741010785,134.164077759,22.9897670746,589,2133,1294.17932129,11205.7128906,1800,408,1850.54040527,1
"1952",896505,7957815,0,0.168439507484,276.586334229,11.981212616,599,2133,1402.64038086,11180.9882813,1950,537,1906.82983398,1
"1953",896655,7957815,0,0.164279311895,424.264068604,15.6128282547,561,2133,1518.18969727,11158.2255859,2100,674,1972.9420166,1
"1954",896805,7957815,0,0.152460113168,573.149169922,11.9946594238,535,2133,1636.85668945,11137.4365234,2250,816,2047.92578125,1
"1955",896955,7957815,0,0.138388112187,722.495666504,11.7270240784,510,2133,1752.36987305,11118.6328125,2400,960,2130.8449707,1
"1956",897105,7957815,0,0.124179162085,872.06652832,6.09147787094,484,2120,1872.77868652,11101.8242188,2550,1062,2220.81054688,1
"1957",897255,7957815,0,0.110177591443,1021.76318359,12.0883245468,501,2120,1994.49243164,11087.0195313,2700,1167,2235.55371094,1
"1958",897405,7957815,0,0.105857849121,1171.53747559,21.0929355621,546,2120,2100.21435547,11074.2265625,2850,1276,2123.01660156,1
"1959",897555,7957815,0,0.101232454181,1321.36291504,19.6328887939,608,2120,2206.1730957,11063.453125,3000,1392,2015.3659668,1
"1960",897705,7957815,0,0.0990919172764,1471.22399902,17.5712585449,621,2120,2312.33642578,11054.7050781,3150,1514,1909.18835449,1
"1961",897855,7957815,0,0.0982431322336,1621.11071777,15.9517660141,649,2120,2418.30517578,11047.9863281,3267.10888672,1549,1806.23913574,1
"1962",898005,7957815,0,0.0996802970767,1771.01660156,9.8375749588,682,2120,2524.46044922,11009.3867188,3372.96606445,1500,1710.26318359,1
"1963",898155,7957815,0,0.0949987322092,1920.93725586,14.7242469788,679,2115,2630.43725586,10972.3330078,3478.96533203,1463,1622.49804688,1
"1964",898305,7957815,0,0.093940474093,2070.86938477,13.4096717834,638,2115,2738.06494141,10936.0185547,3585.09423828,1430,1544.34448242,1
"1965",898455,7957815,0,0.0905516967177,2220.81054688,7.45400953293,620,2115,2821.43579102,10901.1923828,3478.44799805,1413,1477.32861328,1
"1966",898605,7957815,0,0.0902378037572,2370.75927734,14.7807683945,623,2115,2910.15454102,10868.3251953,3332.56665039,1411,1422.70874023,1
"1967",898755,7957815,0,0.0895773172379,2520.71411133,12.5746860504,624,2115,2995.79711914,10837.4355469,3186.92651367,1366,1366.23571777,1
"1968",898905,7957815,0,0.0919624865055,2670.67407227,9.23286819458,632,2115,3078.76586914,10808.5380859,3041.70996094,1324,1324.42443848,1
"1969",899055,7957815,0,0.0900518894196,2820.63818359,11.5836362839,657,2106,3163.11547852,10781.6513672,2896.2043457,1299,1298.69165039,1
"1970",899205,7957815,0,0.0896197035909,2970.60595703,10.3730974197,670,2106,3252.19921875,10756.7880859,2750.36352539,1290,1290,1
"1971",899355,7957815,0,0.0932959467173,3120.5769043,11.2041759491,694,2106,3345.63891602,10733.9648438,2604.99511719,1296,1295.56933594,1
"1972",899505,7957815,0,0.0929488688707,3270.55029297,11.5836362839,716,2106,3443.08007813,10713.1923828,2460,1318,1317.95300293,1
"1973",899655,7957815,0,0.0931132137775,3420.52636719,12.7265758514,734,2067,3544.19238281,10694.484375,2313.89282227,1357,1356.65026855,1
"1974",899805,7957815,0,0.0941246598959,3570.50415039,15.48341465,765,2067,3648.67089844,10677.8505859,2168.31738281,1410,1410.3190918,1
"1975",899955,7957815,0,0.094915419817,3720.48388672,18.2864646912,804,2067,3755.27636719,10663.3017578,2023.38830566,1458,1458.0123291,1
"1976",900105,7957815,0,0.0978403314948,3870.46508789,23.9234008789,833,2067,3864.53100586,10650.8447266,1877.57824707,1374,1373.79040527,1
"1977",900255,7957815,0,0.0984951257706,4020.44775391,28.2530040741,809,2067,3976.44311523,10640.4882813,1731.7043457,1301,1301.46069336,1
"1978",900405,7957815,0,0.0983499065042,4170.43164063,21.2114505768,788,2067,4090.79443359,10632.2382813,1586.60009766,1243,1243.10095215,1
"1979",900555,7957815,0,0.101564608514,4320.41650391,18.6508617401,809,2019,4207.38623047,10626.0996094,1441.56164551,1201,1200.74975586,1
"1980",900705,7957815,0,0.10080871731,4470.40283203,20.821149826,826,2019,4326.03759766,10622.0761719,1295.2220459,1176,1176.13769531,1
"1981",900855,7957815,0,0.103052616119,4620.38964844,10.3520421982,820,2019,4446.58300781,10620.1699219,1149.8260498,1170,1170,1
"1982",901005,7957815,0,0.104892656207,4770.37744141,13.535326004,807,2019,4566.015625,10620.0419922,1005.78326416,1110,1179.57617188,1
"1983",901155,7957815,0,0.104430049658,4920.36572266,16.9941310883,789,2019,4686.24560547,10621.5253906,859.069274902,1024,1207.84936523,1
"1984",901305,7957815,0,0.10301271826,5070.35498047,8.30048370361,739,2019,4806.18359375,10625.1259766,713.09185791,953,1253.55493164,1
"1985",901455,7957815,0,0.101286932826,5029.72167969,6.18292999268,724,2019,4927.76806641,10630.8417969,569.209960938,902,1314.87646484,1
"1986",901605,7957815,0,0.101328827441,4921.64599609,11.3719148636,694,2108,5050.88134766,10638.6699219,424.264068604,875,1389.74816895,1
"1987",901755,7957815,0,0.0991665199399,4815.81787109,12.4077634811,665,2108,5175.41308594,10648.6054688,276.586334229,870,1441.56164551,1
"1988",901905,7957815,0,0.097022742033,4712.38769531,10.6478023529,646,2108,5301.26416016,10660.6425781,134.164077759,878,1472.75256348,1
"1989",902055,7957815,7,0.097338154912,4611.51806641,9.51443099976,616,2108,5428.34228516,10674.7744141,0,911,1470,1
"1990",902205,7957815,0,0.0963266938925,4513.37988281,10.0249881744,605,2108,5556.56347656,10690.9912109,150,966,1470,1
"1991",902355,7957815,0,0.0969502776861,4418.15576172,4.22268724442,610,2108,5685.85107422,10709.2861328,284.604980469,1040,1477.63330078,1
"1992",902505,7957815,0,0.0966496020555,4326.03759766,3.37228679657,592,2142,5816.1328125,10729.6455078,429.534637451,1129,1500.29992676,1
"1993",902655,7957815,0,0.0990971550345,4237.22802734,8.76725196838,608,2142,5947.34375,10752.0605469,577.061523438,1230,1537.33532715,1
"1994",902805,7957815,0,0.101511277258,4151.93945313,13.1421051025,638,2142,6079.42431641,10776.5166016,721.248901367,1341,1587.73425293,1
"1995",902955,7957815,0,0.10159021616,4070.39306641,5.42764282227,659,2142,6212.31835938,10803,865.852172852,1458,1650.27270508,1
"1996",903105,7957815,0,0.100619360805,3992.81860352,12.4077634811,631,2122,6345.97509766,10831.4960938,1012.02764893,1581,1723.62988281,1
"1997",903255,7957815,9,0.100108541548,3919.45141602,15.48341465,620,2122,6480.34716797,10861.9882813,1158.01550293,1708,1806.48828125,1
"1998",903405,7957815,0,0.0645172670484,3850.5324707,12.3385448456,597,2122,6615.39111328,10894.4619141,1302.49755859,1839,1890,1
"1999",903555,7957815,0,0.0641218051314,3786.30419922,12.0482826233,596,2133,6751.06640625,10928.8974609,1448.10217285,1894,1893.80566406,1
"2000",903705,7957815,0,0.0655409470201,3727.00952148,15.42324543,601,2133,6887.33642578,10965.2773438,1594.52185059,1909,1909.18835449,1
"2001",903855,7957815,4,0.0660703852773,3672.88720703,10.0304431915,577,2133,6999.26416016,11003.5810547,1739.22399902,1865,1905.17712402,1
"2002",904005,7957815,0,0.0652345344424,3624.16894531,17.8258705139,595,2170,6902.47802734,11018.0078125,1884.51586914,1800,1843.96313477,1
"2003",904155,7957815,0,0.0644051879644,3581.07519531,19.809928894,605,2170,6807.62060547,11013.3105469,2030.49255371,1746,1793.23730469,1
"2004",904305,7957815,0,0.0629436895251,3543.81152344,9.83200359344,586,2170,6714.77490234,11010.6542969,2175.98242188,1624,1753.90991211,1
"2005",904455,7957815,10,0.0620211623609,3512.56323242,19.7339630127,551,2170,6624.02441406,11010,2321.07739258,1489,1726.76000977,1
"2006",904605,7957815,0,0.0623596422374,3487.49194336,5.60118198395,533,2170,6535.45703125,11010,2466.7590332,1358,1712.36682129,1
"2007",904755,7957815,0,0.0620779022574,3468.73168945,15.7180576324,564,2170,6449.16259766,11010.0410156,2612.75708008,1231,1710,1
"2008",904905,7957815,0,0.0614046342671,3456.38549805,21.6657581329,569,2170,6365.23388672,11011.4716797,2757.71655273,1110,1710.26318359,1
"2009",905055,7957815,2,0.0627921149135,3450.52172852,5.39642429352,585,2152,6283.76464844,11014.9443359,2903.18798828,997,1719.44763184,1
"2010",905205,7957815,7,0.0635072365403,3451.17382813,14.7525396347,608,2152,6204.85302734,11020.4580078,2989.18041992,895,1741.55102539,1
"2011",905355,7957815,0,0.0644352734089,3458.33764648,4.90379238129,631,2152,6124.99804688,11028.0097656,3018.69165039,808,1776.09118652,1
"2012",905505,7957815,0,0.0617434643209,3471.97338867,17.7217559814,603,2152,6045.50244141,11037.5947266,3048.21264648,738,1697.05627441,1
"2013",905655,7957815,17,0.0615566335618,3340.92797852,12.0170354843,581,2152,5968.71826172,11049.2080078,3072.62109375,674,1594.52185059,1
"2014",905805,7957815,0,0.0612701624632,3208.31738281,14.97660923,565,2152,5894.75195313,11062.8427734,3090,636,1500,1
"2015",905955,7957815,0,0.0619716607034,3077.30395508,9.7367773056,557,2171,5814.89453125,11078.4931641,3090,630,1415.09716797,1
"2016",906105,7957815,0,0.0615630373359,2948.10107422,5.42764282227,575,2171,5713.01123047,11096.1484375,3090,641,1341.64074707,1
"2017",906255,7957815,0,0.0614357031882,2820.95727539,3.47174119949,540,2171,5613.28759766,11115.7998047,3090,671,1281.60058594,1
"2018",896355,7957665,0,0.171531900764,150,17.9013633728,554,2133,1190.96594238,11057.9609375,1800.99975586,426,1992.23498535,1
"2019",896505,7957665,0,0.167696580291,284.604980469,6.06376504898,585,2133,1308.01379395,11032.9052734,1950.92285156,551,2044.6270752,1
"2020",896655,7957665,0,0.166993409395,429.534637451,11.1799860001,555,2133,1425.23681641,11009.8369141,2100.85693359,685,2106.41870117,1
"2021",896805,7957665,0,0.159344881773,577.061523438,12.7265758514,530,2133,1542.01171875,10988.7666016,2250.79980469,757,2176.80957031,1
"2022",896955,7957665,0,0.132572025061,725.603210449,11.0973062515,501,2133,1664.12133789,10969.7080078,2400.75,850,2254.99438477,1
"2023",897105,7957665,0,0.129774883389,874.64276123,9.28043079376,473,2120,1782.4140625,10952.6708984,2550.70581055,955,2263.55908203,1
"2024",897255,7957665,0,0.117221951485,1023.96289063,11.0385322571,475,2120,1888.09423828,10937.6640625,2700.66650391,1064,2142.00830078,1
"2025",897405,7957665,0,0.107038661838,1173.4564209,23.6169681549,522,2120,1994.0411377,10924.6972656,2850.6315918,1182,2024.27770996,1
"2026",897555,7957665,0,0.105968348682,1323.0645752,17.4393081665,578,2120,2100.21435547,10913.7753906,2952.37182617,1307,1911.07299805,1
"2027",897705,7957665,0,0.101586893201,1472.75256348,14.3650360107,580,2120,2206.1730957,10904.9072266,3054.99584961,1406,1803.24707031,1
"2028",897855,7957665,0,0.0986575484276,1622.49804688,15.649096489,630,2120,2312.33642578,10898.0957031,3160.83837891,1410,1697.05627441,1
"2029",898005,7957665,0,0.098663598299,1772.28662109,9.44488430023,655,2120,2418.30517578,10864.3496094,3266.83325195,1357,1594.52185059,1
"2030",898155,7957665,0,0.0979965552688,1922.10827637,16.7750797272,641,2115,2526.59838867,10826.7998047,3372.96606445,1318,1500,1
"2031",898305,7957665,0,0.0962504670024,2071.95556641,14.5674772263,616,2115,2612.75708008,10790.4121094,3478.96533203,1283,1415.09716797,1
"2032",898455,7957665,0,0.092486821115,2221.82348633,10.0522298813,600,2115,2700,10755.1152344,3442.68798828,1263,1341.64074707,1
"2033",898605,7957665,0,0.0911164209247,2371.70825195,12.6466693878,603,2115,2787.41821289,10721.7998047,3296.45263672,1261,1281.60058594,1
"2034",898755,7957665,0,0.0913067907095,2521.60668945,13.9611129761,606,2115,2870.76635742,10690.4863281,3150.57128906,1226,1225.60192871,1
"2035",898905,7957665,0,0.090809956193,2671.51635742,12.4163856506,607,2115,2954.20043945,10661.1914063,3005.09570313,1179,1178.81298828,1
"2036",899055,7957665,0,0.0901711657643,2821.43579102,11.0826444626,629,2106,3042.00585938,10633.9316406,2860.08740234,1150,1149.8260498,1
"2037",899205,7957665,0,0.0891713425517,2971.36328125,14.1295032501,655,2106,3134.53344727,10608.7226563,2714.12963867,1140,1140,1
"2038",899355,7957665,0,0.0903557389975,3121.29785156,11.1751413345,683,2106,3231.37744141,10585.5800781,2568.46264648,1146,1146.29833984,1
"2039",899505,7957665,0,0.0909085646272,3271.23828125,12.9259519577,688,2106,3332.16137695,10564.515625,2423.32421875,1172,1171.53747559,1
"2040",899655,7957665,0,0.0915806367993,3421.18408203,21.0929355621,701,2067,3436.5390625,10545.5439453,2277.82788086,1215,1214.90734863,1
"2041",899805,7957665,0,0.0920903161168,3571.13427734,18.6084690094,745,2067,3543.17651367,10528.6748047,2131.90063477,1275,1274.55871582,1
"2042",899955,7957665,0,0.0935508906841,3721.08862305,26.762796402,774,2067,3652.61547852,10513.9189453,1986.57995605,1341,1340.63415527,1
"2043",900105,7957665,0,0.0976435765624,3871.04638672,25.844335556,755,2067,3764.85058594,10501.2851563,1841.76550293,1249,1248.51916504,1
"2044",900255,7957665,0,0.0986820310354,4021.00732422,23.23620224,745,2067,3879.63916016,10490.78125,1695.46447754,1168,1168.46057129,1
"2045",900405,7957665,0,0.09996625036,4170.97119141,10.0304431915,742,2067,3996.76123047,10482.4140625,1549.87097168,1103,1103.08654785,1
"2046",900555,7957665,0,0.103232190013,4320.9375,12.2601480484,761,2019,4116.01757813,10476.1875,1405.20458984,1055,1055.13037109,1
"2047",900705,7957665,0,0.104251876473,4470.90576172,13.6557855606,782,2019,4236.27197266,10472.1054688,1259.28552246,1027,1027.0345459,1
"2048",900855,7957665,0,0.101097665727,4620.87646484,8.07700061798,805,2019,4356.20263672,10470.171875,1113.23852539,1020,1020,1
"2049",901005,7957665,0,0.10336317122,4767.07470703,13.8323030472,784,2019,4476.03613281,10470.0429688,968.400756836,997,1030.97045898,1
"2050",901155,7957665,0,0.101466096938,4865.64501953,11.4051351547,759,2019,4596.56396484,10471.546875,823.771789551,900,1063.20275879,1
"2051",901305,7957665,0,0.103156879544,4966.78955078,15.48341465,739,2019,4718.78173828,10475.1992188,676.830871582,819,1114.85424805,1
"2052",901455,7957665,0,0.102989658713,5070.35498047,12.1943836212,712,2019,4842.56152344,10480.9970703,531.601379395,759,1183.38500977,1
"2053",901605,7957665,0,0.101457603276,5027.93212891,10.197977066,691,2108,4967.78613281,10488.9375,390,726,1266.05688477,1
"2054",901755,7957665,9,0.101868316531,4924.38818359,8.91708946228,668,2108,5094.34960938,10499.0146484,241.867736816,720,1295.2220459,1
"2055",901905,7957665,0,0.0972344204783,4823.28710938,9.01550960541,642,2108,5222.15478516,10511.2226563,94.8683319092,730,1323.0645752,1
"2056",902055,7957665,7,0.0979472324252,4724.78564453,8.10443592072,619,2108,5351.11181641,10525.5546875,30,769,1320,1
"2057",902205,7957665,10,0.0966058596969,4629.04980469,10.2193775177,600,2108,5481.140625,10542.0019531,174.92855835,834,1320,1
"2058",902355,7957665,10,0.097107604146,4536.25390625,8.0010433197,587,2108,5612.16552734,10560.5537109,313.209197998,918,1328.49536133,1
"2059",902505,7957665,0,0.0981323570013,4446.58300781,7.11717653275,587,2142,5744.11865234,10581.2001953,458.911743164,1018,1353.66174316,1
"2060",902655,7957665,0,0.101712793112,4360.22949219,16.3447990417,618,2142,5876.93798828,10603.9287109,606.712463379,1129,1394.59667969,1
"2061",902805,7957665,0,0.101319991052,4277.39404297,10.5553808212,644,2142,6010.56591797,10628.7255859,755.38067627,1249,1449.96557617,1
"2062",902955,7957665,0,0.102672174573,4198.28515625,1.68760490417,657,2142,6144.94921875,10655.5761719,902.496520996,1374,1518.18969727,1
"2063",903105,7957665,10,0.100302264094,4123.11767578,12.2601480484,636,2122,6280.04003906,10684.4658203,1047.85498047,1504,1597.62329102,1
"2064",903255,7957665,10,0.103161938488,4052.1105957,18.0979709625,614,2122,6415.79296875,10715.3769531,1194.36169434,1637,1686.68310547,1
"2065",903405,7957665,0,0.0637715980411,3985.48608398,24.0130786896,598,2122,6552.16748047,10748.2929688,1339.29089355,1740,1740,1
"2066",903555,7957665,4,0.0653863251209,3923.46777344,5.52021312714,569,2133,6689.12548828,10783.1953125,1484.31799316,1744,1744.13305664,1
"2067",903705,7957665,4,0.0645381510258,3866.27734375,6.52698659897,565,2133,6826.63183594,10820.0644531,1630.24536133,1761,1760.82373047,1
"2068",903855,7957665,0,0.0646441504359,3814.1315918,16.1687412262,574,2133,6886.16015625,10857.0576172,1776.09118652,1734,1771.77880859,1
"2069",904005,7957665,0,0.0656089931726,3767.24047852,3.01696133614,603,2170,6787.76123047,10868.1181641,1920.93725586,1664,1705.78430176,1
"2070",904155,7957665,0,0.064074754715,3725.80200195,18.0539035797,559,2170,6691.27783203,10863.3554688,2066.51879883,1605,1650.81799316,1
"2071",904305,7957665,0,0.0639107301831,3690,18.2728900909,559,2170,6596.79443359,10860.6630859,2212.69067383,1557,1608.01123047,1
"2072",904455,7957665,0,0.0634244456887,3660,6.92624902725,531,2170,6504.3984375,10860,2357.62597656,1422,1578.35351563,1
"2073",904605,7957665,0,0.0622965209186,3635.94555664,22.0164337158,548,2170,6414.1796875,10860,2502.97827148,1288,1562.59399414,1
"2074",904755,7957665,7,0.0624078884721,3617.95532227,16.466053009,549,2170,6326.23095703,10860.0410156,2648.84887695,1154,1560,1
"2075",904905,7957665,0,0.0626862347126,3606.11987305,20.5327720642,565,2170,6240.64892578,10861.4912109,2788.87084961,1024,1560.28845215,1
"2076",905055,7957665,0,0.0631607994437,3600.5,15.3594264984,620,2152,6157.53173828,10865.0126953,2817.1262207,900,1570.35021973,1
"2077",905205,7957665,0,0.0638162270188,3601.12475586,19.1705608368,625,2152,6076.98095703,10870.6025391,2841.77758789,785,1594.52185059,1
"2078",905355,7957665,0,0.0637465789914,3607.99121094,7.72540521622,615,2152,5999.10009766,10878.2578125,2871.23657227,684,1632.17651367,1
"2079",905505,7957665,0,0.063300922513,3543.55761719,14.2220506668,571,2152,5917.98974609,10887.9746094,2900.70678711,604,1682.40893555,1
"2080",905655,7957665,0,0.063156850636,3412.22802734,3.64697051048,554,2152,5839.52929688,10899.7480469,2924.80761719,537,1710.26318359,1
"2081",905805,7957665,0,0.0630217343569,3282.49902344,9.29819965363,546,2152,5763.90478516,10913.5693359,2940,488,1622.49804688,1
"2082",905955,7957665,0,0.0614648200572,3154.56811523,5.64122009277,546,2171,5691.22998047,10929.4326172,2940,480,1544.34448242,1
"2083",906105,7957665,0,0.0621420815587,3028.66308594,5.73025560379,570,2171,5602.85644531,10947.328125,2940,495,1477.32861328,1
"2084",906255,7957665,0,0.0621906854212,2905.04736328,15.3594264984,565,2171,5501.13623047,10967.2470703,2940,524,1423.02490234,1
"2085",896355,7957515,0,0.178160965443,268.328155518,14.1295032501,533,2133,1098.58996582,10910.2705078,1812.20861816,351,1944.45361328,1
"2086",896505,7957515,0,0.17480251193,361.247833252,14.2772436142,568,2133,1213.7956543,10884.875,1961.27514648,495,2064.55810547,1
"2087",896655,7957515,0,0.168330878019,483.735473633,16.2664890289,543,2133,1332.21618652,10861.4912109,2110.47387695,551,2188.35546875,1
"2088",896805,7957515,0,0.158145383,618.465820313,13.121887207,506,2133,1456.46838379,10840.1337891,2259.77880859,638,2308.24609375,1
"2089",896955,7957515,0,0.140208616853,758.946655273,11.3147134781,487,2133,1570.35021973,10820.8134766,2409.16992188,743,2310.77905273,1
"2090",897105,7957515,0,0.134215682745,902.496520996,11.3719148636,461,2120,1675.97729492,10803.5410156,2545.58447266,853,2181.55908203,1
"2091",897255,7957515,0,0.119513459504,1047.85498047,11.3956546783,449,2120,1781.90905762,10788.3271484,2642.72583008,973,2055.16430664,1
"2092",897405,7957515,0,0.111916311085,1194.36169434,27.8060703278,514,2120,1888.09423828,10775.1796875,2740.52905273,1101,1932.14904785,1
"2093",897555,7957515,0,0.109188579023,1341.64074707,12.1060733795,533,2120,1994.0411377,10764.1074219,2842.88574219,1195,1813.20153809,1
"2094",897705,7957515,0,0.10636343807,1489.4630127,17.0979232788,558,2120,2100.21435547,10755.1152344,2948.71166992,1266,1699.17626953,1
"2095",897855,7957515,0,0.103599138558,1637.68127441,15.2681865692,608,2120,2206.1730957,10748.2089844,3054.70141602,1275,1591.13171387,1
"2096",898005,7957515,0,0.101204484701,1786.19702148,15.1967687607,631,2120,2314.6706543,10719.4492188,3160.83837891,1215,1484.92419434,1
"2097",898155,7957515,0,0.100943371654,1934.94189453,11.4994659424,616,2115,2404.68286133,10681.390625,3266.83325195,1172,1382.93164063,1
"2098",898305,7957515,0,0.0989638268948,2083.86669922,13.362200737,586,2115,2490.18066406,10644.9287109,3372.96606445,1136,1290.34875488,1
"2099",898455,7957515,0,0.0970059931278,2232.93530273,9.28043079376,575,2115,2579.47680664,10609.1474609,3413.15112305,1114,1209.33862305,1
"2100",898605,7957515,0,0.0964923426509,2382.12084961,12.1943836212,577,2115,2662.57397461,10575.3720703,3265.59326172,1112,1142.3659668,1
"2101",898755,7957515,0,0.0953097119927,2531.40283203,11.6301050186,581,2115,2745.77856445,10543.6240234,3118.26879883,1087,1087.47412109,1
"2102",898905,7957515,0,0.0947744473815,2680.76489258,14.7100763321,582,2115,2832.10180664,10513.9189453,2971.21191406,1034,1034.4564209,1
"2103",899055,7957515,0,0.0959674045444,2830.19433594,11.0826444626,616,2106,2923.57666016,10486.2763672,2824.46459961,1001,1001.2991333,1
"2104",899205,7957515,0,0.0954764857888,2979.68115234,12.1060733795,636,2106,3019.73510742,10460.7119141,2678.07763672,990,990,1
"2105",899355,7957515,0,0.0924265608191,3129.21704102,15.3695240021,644,2106,3120.14428711,10437.2412109,2532.11376953,997,997.24621582,1
"2106",899505,7957515,0,0.0925975963473,3278.79541016,10.1818943024,648,2106,3224.40698242,10415.8769531,2386.65039063,1026,1026.15783691,1
"2107",899655,7957515,0,0.0908407345414,3428.41064453,19.3153438568,681,2067,3331.08081055,10396.6337891,2241.78491211,1075,1075.40686035,1
"2108",899805,7957515,0,0.0920323356986,3578.05810547,21.2114505768,701,2067,3440.7265625,10379.5234375,2095.70996094,1142,1142.3659668,1
"2109",899955,7957515,0,0.0936742722988,3727.73388672,20.7753753662,696,2067,3553.32250977,10364.5546875,1950,1224,1224.13232422,1
"2110",900105,7957515,0,0.0958433449268,3877.43481445,24.2791347504,696,2067,3668.59643555,10351.7392578,1804.99304199,1129,1129.29187012,1
"2111",900255,7957515,0,0.0974041596055,4027.15771484,14.9209651947,699,2067,3786.30419922,10341.0830078,1659.51794434,1040,1040.09619141,1
"2112",900405,7957515,0,0.0975442156196,4176.90087891,17.1568813324,719,2067,3906.22583008,10332.59375,1513.43981934,966,966.074523926,1
"2113",900555,7957515,0,0.103286504745,4326.66162109,12.7767505646,749,2019,4026.0402832,10326.2773438,1368.21044922,911,910.93359375,1
"2114",900705,7957515,0,0.103665411472,4460.32519531,10.3573102951,777,2019,4146.625,10322.1367188,1223.76464844,878,878.236877441,1
"2115",900855,7957515,0,0.101886279881,4555.65576172,8.05635929108,799,2019,4266.01708984,10320.1748047,1077.0793457,870,870,1
"2116",901005,7957515,0,0.105198033154,4653.86914063,13.5821018219,782,2019,4387.18603516,10320.0439453,931.450500488,883,882.836364746,1
"2117",901155,7957515,0,0.103595726192,4754.78710938,11.0826444626,758,2019,4510.08886719,10321.5693359,787.464294434,785,920.271728516,1
"2118",901305,7957515,0,0.105443678796,4858.24023438,7.26462650299,739,2019,4634.58740234,10325.2744141,641.326721191,691,979.489685059,1
"2119",901455,7957515,10,0.104673355818,4964.07080078,12.7139968872,705,2019,4760.55664063,10331.1572266,494.772674561,618,1056.83483887,1
"2120",901605,7957515,10,0.103732161224,5072.12988281,9.37478256226,686,2108,4887.8828125,10339.2119141,351.140991211,577,1120.0892334,1
"2121",901755,7957515,0,0.100992515683,5035.08691406,10.1118831635,665,2108,5016.46289063,10349.4345703,210,570,1149.8260498,1
"2122",901905,7957515,0,0.0990512743592,4936.25341797,10.3573102951,636,2108,5146.20263672,10361.8193359,60,582,1173.4564209,1
"2123",902055,7957515,0,0.0983827263117,4840.05175781,7.45400953293,618,2108,5277.01611328,10376.3574219,60,631,1170,1
"2124",902205,7957515,7,0.0967050343752,4746.64111328,8.45910644531,590,2108,5408.82617188,10393.0410156,210,708,1170,1
"2125",902355,7957515,0,0.09742269665,4656.18945313,2.69895100594,577,2108,5541.56103516,10411.8583984,351.140991211,806,1179.57617188,1
"2126",902505,7957515,0,0.0980510786176,4568.87304688,8.69130134583,588,2142,5675.15625,10432.7988281,494.772674561,918,1207.84936523,1
"2127",902655,7957515,0,0.100088387728,4484.87451172,11.6532621384,619,2142,5809.55224609,10455.8496094,641.326721191,1040,1253.55493164,1
"2128",902805,7957515,0,0.100215956569,4404.38427734,12.6213169098,645,2142,5944.6953125,10480.9970703,787.464294434,1168,1314.87646484,1
"2129",902955,7957515,0,0.101894214749,4327.59765625,11.3338165283,637,2142,6080.53466797,10508.2255859,931.450500488,1301,1389.74816895,1
"2130",903105,7957515,0,0.102022632957,4254.71484375,14.9070158005,641,2122,6217.02490234,10537.5185547,1077.0793457,1438,1476.10974121,1
"2131",903255,7957515,0,0.102151595056,4185.94091797,8.84250831604,642,2122,6354.12451172,10568.8603516,1223.76464844,1572,1572.06872559,1
"2132",903405,7957515,0,0.101794250309,4121.48046875,8.58892536163,636,2122,6491.79492188,10602.2304688,1371.1673584,1590,1590,1
"2133",903555,7957515,4,0.0655741393566,4061.5390625,21.9061012268,590,2133,6630,10637.6123047,1519.07861328,1595,1594.52185059,1
"2134",903705,7957515,4,0.0657149627805,4006.32006836,10.197977066,556,2133,6768.70751953,10674.984375,1666.2833252,1613,1612.76159668,1
"2135",903855,7957515,0,0.0659588649869,3956.02075195,8.04946708679,562,2133,6774.48876953,10708.6972656,1812.45690918,1606,1641.24951172,1
"2136",904005,7957515,0,0.0651323273778,3910.83105469,15.3695240021,561,2170,6674.44384766,10718.2324219,1957.60058594,1530,1569.77709961,1
"2137",904155,7957515,0,0.0651123076677,3870.93017578,7.54314994812,530,2170,6576.29833984,10713.4023438,2102.78393555,1465,1509.86755371,1
"2138",904305,7957515,0,0.0641915276647,3836.48266602,9.5662355423,534,2170,6480.13867188,10710.671875,2248.59960938,1414,1462.94226074,1
"2139",904455,7957515,0,0.0634446814656,3807.63696289,13.121887207,566,2170,6386.05517578,10710,2394.3684082,1359,1430.27966309,1
"2140",904605,7957515,0,0.0637740194798,3784.52099609,17.6878223419,559,2170,6294.14013672,10710,2539.38964844,1222,1412.86938477,1
"2141",904755,7957515,0,0.06482950598,3767.24047852,19.8587341309,574,2170,6204.49023438,10710.0419922,2613.96240234,1087,1410,1
"2142",904905,7957515,0,0.06496668607,3755.87548828,10.482881546,566,2170,6117.20507813,10711.5126953,2642.21508789,953,1410.3190918,1
"2143",905055,7957515,0,0.0638863742352,3750.47998047,20.1792869568,594,2152,6032.38769531,10715.0830078,2668.65136719,819,1421.44287109,1
"2144",905205,7957515,0,0.0640024840832,3751.07983398,18.8844299316,612,2152,5950.14306641,10720.7509766,2694.66137695,691,1448.10217285,1
"2145",905355,7957515,0,0.0639418587089,3747.23901367,4.7159819603,575,2152,5870.57910156,10728.5136719,2724.05957031,573,1489.4630127,1
"2146",905505,7957515,0,0.0649045109749,3617.08447266,8.24689292908,568,2152,5791.55419922,10738.3662109,2753.47045898,474,1544.34448242,1
"2147",905655,7957515,0,0.0644970536232,3488.52392578,9.76488876343,562,2152,5711.35693359,10750.3027344,2777.22875977,402,1611.36584473,1
"2148",905805,7957515,0,0.0640185847878,3361.74072266,7.08572721481,565,2152,5634.01269531,10764.3164063,2790,342,1689.0826416,1
"2149",905955,7957515,0,0.0632525607944,3236.94311523,5.96101617813,543,2171,5559.64013672,10780.3984375,2790,330,1677.05102539,1
"2150",906105,7957515,0,0.0616990625858,3114.36987305,13.7826824188,555,2171,5488.36035156,10798.5419922,2790,351,1615.54943848,1
"2151",906255,7957515,0,0.062147397548,2994.29467773,16.7599468231,568,2171,5390.82568359,10818.7333984,2790,379,1566.04602051,1
"2152",896355,7957365,0,0.179390400648,408.044128418,16.4443702698,519,2133,1002.64648438,10762.6435547,1835.64697266,295,1855.64001465,1
"2153",896505,7957365,0,0.170647278428,474.341644287,14.5135765076,527,2133,1123.29870605,10736.8994141,1982.95239258,351,1981.13598633,1
"2154",896655,7957365,0,0.167558923364,573.149169922,16.1845569611,527,2133,1250.31994629,10713.1923828,2121.3203125,426,2109.83422852,1
"2155",896805,7957365,0,0.157003164291,690.651855469,16.1180076599,487,2133,1358.30773926,10691.5390625,2227.48730469,531,2241.18261719,1
"2156",896955,7957365,0,0.140646651387,818.840637207,14.667468071,460,2133,1463.86474609,10671.9492188,2333.45239258,642,2240.58032227,1
"2157",897105,7957365,0,0.131862550974,953.414916992,14.6567935944,438,2120,1569.77709961,10654.4355469,2431.66601563,767,2107.05957031,1
"2158",897255,7957365,0,0.12144625932,1092.01647949,15.6392154694,437,2120,1675.97729492,10639.0087891,2528.73486328,891,1975.90490723,1
"2159",897405,7957365,0,0.118848703802,1233.28833008,22.8660945892,492,2120,1781.90905762,10625.6767578,2630.77929688,984,1847.62011719,1
"2160",897555,7957365,0,0.114927910268,1376.4083252,13.3264703751,508,2120,1888.09423828,10614.4472656,2736.58544922,1082,1722.84643555,1
"2161",897705,7957365,0,0.108863666654,1520.85498047,19.1398983002,549,2120,1994.0411377,10605.3291016,2842.56933594,1116,1602.40441895,1
"2162",897855,7957365,0,0.106639392674,1666.2833252,13.4215087891,605,2120,2102.78393555,10598.3251953,2948.71166992,1142,1487.34667969,1
"2163",898005,7957365,0,0.103915221989,1812.45690918,16.6657409668,611,2120,2197.17993164,10574.6914063,3054.70141602,1075,1379.0213623,1
"2164",898155,7957365,0,0.104356840253,1959.20898438,9.32183551788,586,2115,2280.78930664,10536.109375,3160.83837891,1026,1272.79223633,1
"2165",898305,7957365,0,0.100606881082,2106.41870117,11.6301050186,565,2115,2370.75927734,10499.5283203,3265.59326172,990,1171.53747559,1
"2166",898455,7957365,0,0.100256994367,2253.99633789,10.31508255,555,2115,2455.0559082,10463.2929688,3361.33911133,964,1081.66540527,1
"2167",898605,7957365,0,0.100155450404,2401.87426758,10.0522298813,549,2115,2537.97167969,10429.0458984,3241.38867188,962,1006.23059082,1
"2168",898755,7957365,0,0.0999087095261,2550,15.1318073273,550,2115,2622.5559082,10396.8505859,3092.91113281,949,948.683288574,1
"2169",898905,7957365,0,0.0976476818323,2698.33276367,19.2215251923,570,2115,2712.80297852,10366.7255859,2944.58813477,892,891.964111328,1
"2170",899055,7957365,0,0.0948441699147,2846.84033203,6.6963467598,602,2106,2808.16674805,10338.6894531,2796.4440918,853,853.287780762,1
"2171",899205,7957365,0,0.0979060083628,2995.49658203,12.4551000595,605,2106,2908.14379883,10312.7587891,2648.5090332,840,840,1
"2172",899355,7957365,0,0.0937539115548,3144.28051758,11.1799860001,622,2106,3012.27490234,10288.9501953,2500.81982422,849,848.528137207,1
"2173",899505,7957365,0,0.0933419913054,3293.17480469,3.33847045898,627,2106,3118.99023438,10267.2783203,2353.4230957,882,882.326477051,1
"2174",899655,7957365,0,0.0917245075107,3442.16503906,16.874540329,648,2067,3228.86987305,10247.7558594,2206.37719727,939,939.14855957,1
"2175",899805,7957365,0,0.0921546965837,3591.23925781,13.1421051025,652,2067,3341.87084961,10230.3955078,2059.75732422,1015,1015.13543701,1
"2176",899955,7957365,0,0.0933731421828,3740.38769531,16.466053009,654,2067,3457.68701172,10215.2089844,1913.66137695,1106,1106.34533691,1
"2177",900105,7957365,0,0.0965657755733,3889.6015625,20.1554222107,637,2067,3576.04541016,10202.2060547,1768.21948242,1018,1018.23376465,1
"2178",900255,7957365,0,0.0995194613934,4038.87353516,14.1295032501,658,2067,3696.70117188,10191.3935547,1623.60705566,918,918.313659668,1
"2179",900405,7957365,0,0.0985084548593,4158.00439453,17.367067337,704,2067,3816.01879883,10182.7792969,1477.32861328,834,833.546630859,1
"2180",900555,7957365,0,0.102028660476,4249.52929688,10.2885951996,741,2019,3936.29272461,10176.3701172,1331.54040527,769,768.960327148,1
"2181",900705,7957365,0,0.105259120464,4344.30664063,6.92624902725,760,2019,4056.2175293,10172.1679688,1186.80236816,730,729.931518555,1
"2182",900855,7957365,0,0.103959687054,4442.12792969,6.62914037704,776,2019,4178.08544922,10170.1767578,1041.39331055,720,720,1
"2183",901005,7957365,0,0.105544403195,4542.79638672,8.11127948761,769,2019,4301.73242188,10170.0439453,894.986022949,735,735.45904541,1
"2184",901155,7957365,0,0.103037901223,4646.12744141,8.48523807526,746,2019,4427.0078125,10171.5927734,750,680,780,1
"2185",901305,7957365,0,0.105440348387,4751.94677734,12.3342046738,743,2019,4553.77880859,10175.3525391,606.712463379,573,849.058288574,1
"2186",901455,7957365,10,0.103574618697,4860.09277344,23.132183075,729,2019,4681.92285156,10181.3212891,458.911743164,484,937.229980469,1
"2187",901605,7957365,0,0.104257814586,4970.41259766,11.009016037,693,2108,4811.33056641,10189.4941406,313.209197998,430,971.648071289,1
"2188",901755,7957365,10,0.100465968251,5082.76513672,9.10674953461,670,2108,4941.90234375,10199.8671875,174.92855835,420,1005.78326416,1
"2189",901905,7957365,10,0.0992994755507,5051.1484375,6.91817474365,641,2108,5073.54882813,10212.4335938,30,437,1023.96289063,1
"2190",902055,7957365,10,0.0992961227894,4957.17675781,10.0249881744,618,2108,5206.18847656,10227.1845703,94.8683319092,499,1020,1
"2191",902205,7957365,0,0.0976653322577,4866.01464844,15.649096489,593,2108,5339.74707031,10244.1103516,241.867736816,594,1020,1
"2192",902355,7957365,0,0.0988259911537,4777.82373047,1.06752026081,573,2108,5474.15722656,10263.2011719,390,708,1030.97045898,1
"2193",902505,7957365,0,0.0981998443604,4692.77099609,11.6532621384,596,2142,5609.35839844,10284.4443359,531.601379395,834,1063.20275879,1
"2194",902655,7957365,0,0.099812425673,4611.03027344,6.18292999268,618,2142,5745.29394531,10307.8271484,676.830871582,966,1114.85424805,1
"2195",902805,7957365,0,0.101112112403,4532.78076172,7.60928869247,628,2142,5881.91308594,10333.3339844,823.771789551,1103,1183.38500977,1
"2196",902955,7957365,0,0.102479688823,4458.20605469,8.54372596741,627,2142,6019.16943359,10360.9511719,968.400756836,1243,1266.05688477,1
"2197",903105,7957365,0,0.102650955319,4387.49365234,6.60375547409,608,2142,6157.02050781,10390.6591797,1113.23852539,1360,1360.29406738,1
"2198",903255,7957365,0,0.102554626763,4320.83349609,7.21066856384,624,2142,6295.42675781,10422.4423828,1259.28552246,1440,1442.80981445,1
"2199",903405,7957365,10,0.101799480617,4258.41503906,17.2827949524,588,2142,6434.35302734,10456.2802734,1405.20458984,1440,1440,1
"2200",903555,7957365,0,0.0642245858908,4200.42871094,18.568611145,560,2166,6573.76611328,10492.1542969,1549.87097168,1445,1444.99133301,1
"2201",903705,7957365,4,0.0647132992744,4147.05908203,12.3645534515,540,2166,6713.63525391,10530.0429688,1695.46447754,1465,1465.09387207,1
"2202",903855,7957365,0,0.0653703957796,4098.48730469,15.6392154694,544,2166,6664.32275391,10560.3837891,1841.76550293,1482,1500,1
"2203",904005,7957365,11,0.0653928294778,4054.88598633,9.7198677063,533,2191,6562.59863281,10568.3486328,1988.61755371,1399,1436.55834961,1
"2204",904155,7957365,0,0.065060429275,4016.41625977,9.39236068726,549,2191,6462.75488281,10563.4511719,2135.90722656,1328,1370.83911133,1
"2205",904305,7957365,0,0.0645098388195,3983.22729492,22.1154899597,531,2191,6364.88037109,10560.6816406,2283.54980469,1271,1318.97692871,1
"2206",904455,7957365,0,0.0632825121284,3955.4519043,13.2506752014,522,2191,6269.06689453,10560,2412.34326172,1230,1282.65344238,1
"2207",904605,7957365,0,0.0646963119507,3933.20483398,20.368844986,546,2191,6175.41113281,10560,2441.82299805,1167,1263.21020508,1
"2208",904755,7957365,0,0.0641890391707,3916.58007813,1.96786379814,573,2191,6084.01171875,10560.0429688,2466.02929688,1025,1260,1
"2209",904905,7957365,0,0.0641574859619,3905.6496582,13.9498033524,581,2191,5994.97265625,10561.5341797,2495.59619141,886,1260.35705566,1
"2210",905055,7957365,0,0.0650775879622,3900.46142578,19.21134758,598,2177,5908.40087891,10565.1552734,2520.35717773,752,1272.79223633,1
"2211",905205,7957365,0,0.0647216588259,3901.03833008,21.2092227936,604,2177,5824.40576172,10570.9033203,2547.8815918,618,1302.49755859,1
"2212",905355,7957365,0,0.0647074580193,3822.73461914,14.8650741577,590,2177,5743.10009766,10578.7763672,2577.20776367,484,1348.33227539,1
"2213",905505,7957365,0,0.0643753483891,3695.24023438,9.10674953461,577,2177,5664.60058594,10588.7675781,2604.99511719,361,1408.72277832,1
"2214",905655,7957365,0,0.0652743428946,3569.49584961,10.0467882156,578,2177,5584.27246094,10600.8730469,2629.92407227,268,1481.890625,1
"2215",905805,7957365,0,0.0643453001976,3445.69287109,7.06204414368,574,2177,5505.14306641,10615.0839844,2640,201,1566.04602051,1
"2216",905955,7957365,0,0.0628153532743,3324.04882813,17.6906547546,575,2197,5429.00537109,10631.3925781,2640,180,1659.51794434,1
"2217",906105,7957365,0,0.063334569335,3204.80883789,9.51443099976,535,2197,5355.98730469,10649.7890625,2640,210,1755.70495605,1
"2218",906255,7957365,0,0.0634678378701,3088.25195313,1.509526968,573,2197,5282.47119141,10670.2626953,2640,242,1710.26318359,1
"2219",906405,7957365,0,0.0642525106668,2974.69335938,4.6919670105,539,2197,5178.80273438,10692.8017578,2640,342,1651.09057617,1
"2220",906555,7957365,0,0.0644395723939,2864.48950195,7.72540521622,545,2197,5077.45019531,10717.3925781,2640,470,1501.19946289,1
"2221",896505,7957215,0,0.171340048313,603.738342285,13.262676239,489,2133,1046.5657959,10588.9804688,1909.18835449,216,1905.88562012,1
"2222",896655,7957215,0,0.165935948491,684.105224609,13.91959095,498,2133,1146.29833984,10564.9423828,2015.3659668,319,2039.33813477,1
"2223",896805,7957215,0,0.151016846299,785.175109863,16.8022785187,458,2133,1251.75878906,10542.9833984,2121.3203125,433,2174.94824219,1
"2224",896955,7957215,0,0.143777027726,900,12.3385448456,431,2133,1357.64501953,10523.1171875,2220.81054688,564,2174.94824219,1
"2225",897105,7957215,0,0.135755315423,1023.96289063,17.3438720703,422,2120,1463.86474609,10505.3554688,2317.00244141,679,2039.33813477,1
"2226",897255,7957215,0,0.126388207078,1154.12304688,15.7964248657,441,2120,1569.77709961,10489.7089844,2418.67724609,774,1905.17712402,1
"2227",897405,7957215,0,0.122881785035,1288.60388184,13.8284931183,469,2120,1675.97729492,10476.1875,2524.46044922,870,1771.77880859,1
"2228",897555,7957215,0,0.121485538781,1426.18371582,14.0549535751,489,2120,1781.90905762,10464.7978516,2630.43725586,960,1641.24951172,1
"2229",897705,7957215,0,0.116190008819,1566.04602051,29.9547119141,536,2120,1890.95214844,10455.5488281,2736.58544922,967,1514.33154297,1
"2230",897855,7957215,0,0.109739415348,1707.62988281,10.8601112366,610,2120,1988.61755371,10448.4453125,2842.56933594,992,1392.01293945,1
"2231",898005,7957215,0,0.109718039632,1850.54040527,18.5765914917,602,2120,2071.95556641,10430.0810547,2948.71166992,939,1275.61755371,1
"2232",898155,7957215,0,0.107238173485,1994.49243164,12.2075681686,570,2115,2160.20825195,10390.9628906,3054.70141602,882,1166.91906738,1
"2233",898305,7957215,0,0.105422839522,2139.27563477,9.64622497559,544,2115,2246.59741211,10353.8691406,3149.85717773,845,1060.66015625,1
"2234",898455,7957215,0,0.102568425238,2284.73193359,8.71035480499,538,2115,2329.97851563,10317.5576172,3249.01513672,815,960.46862793,1
"2235",898605,7957215,0,0.102759696543,2430.74072266,6.60375547409,530,2115,2413.4621582,10282.8251953,3223.98828125,812,874.64276123,1
"2236",898755,7957215,0,0.10554934293,2577.20776367,11.8185062408,516,2115,2502.2590332,10250.1708984,3074.6706543,808,807.774719238,1
"2237",898905,7957215,0,0.0992833301425,2724.05957031,17.9653530121,560,2115,2596.69018555,10219.6132813,2925.4230957,752,752.396179199,1
"2238",899055,7957215,0,0.100152350962,2871.23657227,11.541636467,574,2106,2696.1640625,10191.1728516,2776.2565918,706,706.116149902,1
"2239",899205,7957215,0,0.0986773297191,3018.69165039,11.4476909637,581,2106,2800.14282227,10164.8662109,2627.18481445,690,690,1
"2240",899355,7957215,0,0.0983186513186,3166.38598633,9.7198677063,596,2106,2906.90551758,10140.7099609,2478.22509766,700,700.357055664,1
"2241",899505,7957215,0,0.0981293767691,3314.28735352,12.7139968872,599,2106,3017.05151367,10118.7207031,2329.39916992,741,740.9453125,1
"2242",899655,7957215,0,0.0954341590405,3462.36914063,12.1943836212,623,2067,3130.51123047,10098.9111328,2180.73388672,808,807.774719238,1
"2243",899805,7957215,0,0.09518956393,3610.609375,9.69727230072,624,2067,3246.93701172,10081.2949219,2032.26477051,895,894.986022949,1
"2244",899955,7957215,0,0.0939784348011,3758.98925781,16.1180076599,613,2067,3366.02148438,10065.8828125,1884.03820801,997,997.24621582,1
"2245",900105,7957215,0,0.0969565808773,3861.15258789,18.2020893097,614,2067,3486.33056641,10052.6865234,1736.11633301,918,918.313659668,1
"2246",900255,7957215,0,0.0963751748204,3948.1640625,14.2220506668,663,2067,3606.24462891,10041.7128906,1588.58422852,806,806.101745605,1
"2247",900405,7957215,0,0.099626287818,4038.87353516,13.6557855606,707,2067,3726.04345703,10032.9707031,1441.56164551,708,708.02545166,1
"2248",900555,7957215,0,0.102969035506,4133.03759766,10.4568567276,740,2019,3846.67382813,10026.4648438,1295.2220459,631,630.713867188,1
"2249",900705,7957215,0,0.103272438049,4230.42529297,8.91708946228,767,2019,3969.30712891,10022.2001953,1149.8260498,582,582.494628906,1
"2250",900855,7957215,0,0.105828985572,4330.81982422,11.6486349106,764,2019,4093.76342773,10020.1796875,1005.78326416,570,570,1
"2251",901005,7957215,0,0.103890903294,4434.01611328,8.47871303558,741,2019,4219.88134766,10020.0449219,859.069274902,589,589.406494141,1
"2252",901155,7957215,0,0.103969417512,4539.82373047,14.9383802414,734,2019,4347.51660156,10021.6162109,713.09185791,592,644.127319336,1
"2253",901305,7957215,0,0.102481409907,4648.06396484,17.6054763794,724,2019,4476.5390625,10025.4326172,569.209960938,469,726.223083496,1
"2254",901455,7957215,0,0.103105515242,4758.57128906,13.7788572311,744,2019,4606.83203125,10031.4902344,424.264068604,361,810,1
"2255",901605,7957215,0,0.100900195539,4871.19091797,12.7265758514,700,2108,4738.29101563,10039.7861328,276.586334229,285,823.771789551,1
"2256",901755,7957215,10,0.102878332138,4985.77978516,12.3645534515,676,2108,4870.82128906,10050.3134766,134.164077759,270,863.770812988,1
"2257",901905,7957215,0,0.0993292927742,5102.20556641,8.64667034149,646,2108,5004.33789063,10063.0664063,0,295,874.64276123,1
"2258",902055,7957215,0,0.100389972329,5076.03173828,8.79241371155,628,2108,5138.76464844,10078.0351563,134.164077759,382,870,1
"2259",902205,7957215,0,0.0983405932784,4987.04296875,16.3104000092,600,2108,5274.03076172,10095.2119141,276.586334229,499,870,1
"2260",902355,7957215,0,0.0986583530903,4901.03027344,2.71992325783,569,2108,5410.07373047,10114.5839844,424.264068604,631,882.836364746,1
"2261",902505,7957215,0,0.0982851684093,4818.15332031,8.45910644531,581,2142,5546.83691406,10136.1386719,569.209960938,769,920.271728516,1
"2262",902655,7957215,0,0.0991887077689,4738.57568359,8.76725196838,614,2142,5684.26757813,10159.8623047,713.09185791,911,979.489685059,1
"2263",902805,7957215,0,0.0993820428848,4662.46728516,12.7098007202,623,2142,5822.31933594,10185.7402344,859.069274902,1055,1056.83483887,1
"2264",902955,7957215,10,0.100293911994,4590,3.05436992645,617,2142,5960.94775391,10213.7558594,1005.78326416,1149,1148.65136719,1
"2265",903105,7957215,0,0.103640384972,4521.34912109,16.7235584259,616,2142,6100.11474609,10243.890625,1149.8260498,1252,1251.75878906,1
"2266",903255,7957215,10,0.103373289108,4456.69140625,19.7142944336,613,2142,6239.78369141,10276.1279297,1295.2220459,1290,1293.13574219,1
"2267",903405,7957215,2,0.103257246315,4396.203125,13.4569501877,577,2142,6379.92138672,10310.4462891,1441.56164551,1290,1290,1
"2268",903555,7957215,0,0.101468198001,4340.05761719,6.17384767532,546,2166,6520.49853516,10346.8251953,1586.60009766,1296,1295.56933594,1
"2269",903705,7957215,0,0.0646139159799,4288.42626953,5.25895309448,527,2166,6660.94580078,10385.2441406,1731.7043457,1318,1317.95300293,1
"2270",903855,7957215,0,0.0653049275279,4241.47363281,14.0437307358,541,2166,6555.73779297,10412.1181641,1877.57824707,1357,1356.65026855,1
"2271",904005,7957215,0,0.0653093531728,4199.35693359,17.5712585449,534,2191,6452.30175781,10418.46875,2023.38830566,1273,1306.98120117,1
"2272",904155,7957215,0,0.0660425201058,4162.22314453,2.36199140549,520,2191,6350.72460938,10413.5009766,2168.31738281,1195,1234.38244629,1
"2273",904305,7957215,0,0.0661972463131,4130.20556641,8.69765758514,521,2191,6251.09570313,10410.6914063,2235.75488281,1131,1176.52026367,1
"2274",904455,7957215,0,0.0653926208615,4103.42529297,13.3423643112,511,2191,6153.51123047,10410,2265.14892578,1084,1135.64953613,1
"2275",904605,7957215,0,0.064861163497,4081.98486328,14.9209651947,542,2191,6058.06884766,10410,2294.55883789,1057,1113.6427002,1
"2276",904755,7957215,3,0.0668106526136,4065.96850586,5.52021312714,528,2191,5964.87207031,10410.0429688,2318.36157227,977,1110,1
"2277",904905,7957215,3,0.0674787014723,4055.44067383,7.50614261627,541,2191,5874.02734375,10411.5556641,2347.87133789,836,1110.40527344,1
"2278",905055,7957215,0,0.0669106692076,4050.44433594,8.38019180298,550,2177,5785.64599609,10415.2294922,2372.27734375,693,1124.49987793,1
"2279",905205,7957215,4,0.0665436461568,4029.05688477,5.12871170044,557,2177,5699.84228516,10421.0605469,2401.49951172,552,1158.01550293,1
"2280",905355,7957215,0,0.0644814148545,3902.53759766,13.8284931183,576,2177,5616.73388672,10429.0458984,2430.74072266,417,1209.33862305,1
"2281",905505,7957215,0,0.0666665136814,3777.73730469,8.71035480499,572,2177,5536.44287109,10439.1806641,2456.52197266,283,1276.32287598,1
"2282",905655,7957215,0,0.0646221116185,3654.83251953,9.70292663574,564,2177,5458.3515625,10451.4589844,2482.94189453,150,1356.65026855,1
"2283",905805,7957215,0,0.0646035149693,3534.02026367,3.18181276321,577,2177,5377.36914063,10465.8730469,2490,67,1448.10217285,1
"2284",905955,7957215,0,0.0635802894831,3415.5234375,4.10029363632,562,2197,5299.39599609,10482.4140625,2490,30,1548.70910645,1
"2285",906105,7957215,0,0.063110485673,3299.59082031,5.32285261154,530,2197,5224.56689453,10501.0712891,2490,60,1623.60705566,1
"2286",906255,7957215,0,0.0633882582188,3186.50268555,16.7871742249,554,2197,5153.01855469,10521.8339844,2490,134,1671.40661621,1
"2287",906405,7957215,0,0.0638261437416,3076.57275391,16.0798301697,564,2197,5070.35498047,10544.6904297,2490,277,1663.30993652,1
"2288",906555,7957215,0,0.0637060329318,2970.15161133,12.3385448456,530,2197,4966.78955078,10569.6259766,2490,424,1514.62866211,1
"2289",896505,7957065,0,0.176821395755,740.9453125,13.8930921555,459,2133,934.344665527,10441.1210938,1803.24707031,108,1839.80981445,1
"2290",896655,7957065,0,0.169782370329,807.774719238,20.1195545197,448,2133,1039.66345215,10416.7412109,1909.18835449,228,1977.72595215,1
"2291",896805,7957065,0,0.155393898487,894.986022949,23.1498947144,420,2133,1145.51293945,10394.4697266,2010.22387695,366,2117.28588867,1
"2292",896955,7957065,0,0.142261266708,997.24621582,16.5647315979,406,2133,1251.75878906,10374.3193359,2105.3503418,467,2117.28588867,1
"2293",897105,7957065,0,0.140061020851,1110.40527344,8.48523807526,397,2120,1357.64501953,10356.3027344,2206.58105469,566,1977.72595215,1
"2294",897255,7957065,0,0.137301653624,1231.46252441,10.4568567276,426,2120,1463.86474609,10340.4306641,2312.33642578,658,1839.80981445,1
"2295",897405,7957065,0,0.135306149721,1358.30773926,15.6392154694,448,2120,1569.77709961,10326.7128906,2418.30517578,768,1703.93664551,1
"2296",897555,7957065,0,0.127353042364,1489.4630127,14.962720871,483,2120,1679.19628906,10315.1591797,2524.46044922,810,1569.77709961,1
"2297",897705,7957065,0,0.1194697842,1623.88427734,27.5592575073,535,2120,1780.89868164,10305.7753906,2630.43725586,819,1436.55834961,1
"2298",897855,7957065,0,0.117637269199,1760.82373047,11.9272518158,588,2120,1863.86694336,10298.5673828,2736.58544922,842,1306.98120117,1
"2299",898005,7957065,0,0.114866815507,1899.73681641,11.6578874588,571,2120,1950,10285.6259766,2842.56933594,808,1182.24365234,1
"2300",898155,7957065,0,0.110689632595,2040.22058105,12.5065097809,552,2115,2038.67602539,10245.9550781,2938.46899414,741,1064.04882813,1
"2301",898305,7957065,0,0.110043123364,2181.97167969,11.7682886124,528,2115,2121.74462891,10208.3349609,3037.12036133,700,954.829833984,1
"2302",898455,7957065,0,0.110897511244,2324.75805664,12.2645177841,511,2115,2204.94897461,10171.9462891,3139.84082031,666,848.528137207,1
"2303",898605,7957065,0,0.106234841049,2468.40039063,12.2075681686,509,2115,2292.0078125,10136.7158203,3213.50268555,663,750,1
"2304",898755,7957065,0,0.106500960886,2612.75708008,14.628282547,495,2115,2385.33007813,10103.5888672,3063.67431641,671,670.820373535,1
"2305",898905,7957065,0,0.104384310544,2757.71655273,11.2427597046,530,2115,2484.21020508,10072.5869141,2913.86352539,618,617.737792969,1
"2306",899055,7957065,0,0.106171399355,2903.18798828,14.0362434387,544,2106,2588.01074219,10043.7294922,2764.07299805,560,560.446228027,1
"2307",899205,7957065,0,0.10427839309,3049.09814453,16.0798301697,559,2106,2694.82836914,10017.0351563,2614.30688477,540,540,1
"2308",899355,7957065,0,0.10165476799,3195.38720703,15.8743257523,560,2106,2805.28076172,9992.52246094,2464.56884766,553,553.172668457,1
"2309",899505,7957065,0,0.100549399853,3342.00537109,12.5107831955,576,2106,2919.26367188,9970.20605469,2314.86499023,604,603.738342285,1
"2310",899655,7957065,0,0.0981365814805,3488.91088867,12.4722633362,585,2067,3036.37939453,9950.10058594,2165.20214844,684,684.105224609,1
"2311",899805,7957065,0,0.0962551981211,3571.13427734,18.8688011169,594,2067,3156.27954102,9932.22070313,2015.5892334,785,785.175109863,1
"2312",899955,7957065,0,0.0956527739763,3652.73876953,2.71992325783,581,2067,3276.04956055,9916.57714844,1866.03857422,900,900,1
"2313",900105,7957065,0,0.095635548234,3738.58251953,14.4919509888,622,2067,3396.76318359,9903.18164063,1716.56628418,834,833.546630859,1
"2314",900255,7957065,0,0.0997718647122,3828.38085938,15.8775615692,664,2067,3516.02050781,9892.04199219,1567.19494629,708,708.02545166,1
"2315",900405,7957065,0,0.100150227547,3921.86181641,12.7558717728,694,2067,3637.43041992,9883.16796875,1417.95629883,594,593.969726563,1
"2316",900555,7957065,0,0.10193811357,4018.76855469,11.0826444626,729,2019,3760.90405273,9876.56347656,1268.8972168,499,499.299499512,1
"2317",900705,7957065,0,0.104007937014,4118.85888672,13.0894632339,750,2019,3886.24487305,9872.23339844,1120.0892334,437,436.80657959,1
"2318",900855,7957065,0,0.102290570736,4221.90722656,10.2193775177,762,2019,4013.27807617,9870.18261719,971.648071289,420,420,1
"2319",901005,7957065,0,0.105446301401,4327.70166016,8.69130134583,740,2019,4141.84765625,9870.04589844,823.771789551,446,445.982055664,1
"2320",901155,7957065,0,0.104791708291,4436.04541016,11.0826444626,720,2019,4271.81445313,9871.64160156,676.830871582,516,516.139526367,1
"2321",901305,7957065,0,0.10302323848,4546.75732422,8.58248329163,723,2019,4403.05566406,9875.515625,531.601379395,390,615.548522949,1
"2322",901455,7957065,0,0.103791199625,4659.66748047,5.7596206665,759,2019,4535.46044922,9881.66503906,390,258,660,1
"2323",901605,7957065,0,0.100156091154,4774.62060547,24.0093517303,713,2108,4668.92919922,9890.0859375,241.867736816,150,676.830871582,1
"2324",901755,7957065,9,0.102697819471,4891.47216797,10.16040802,672,2108,4803.37402344,9900.77246094,94.8683319092,120,724.982788086,1
"2325",901905,7957065,0,0.101252995431,5010.08984375,10.9991579056,646,2108,4938.71435547,9913.71777344,30,170,725.603210449,1
"2326",902055,7957065,0,0.100494354963,5130.35107422,14.5243759155,624,2108,5074.87939453,9928.91210938,174.92855835,295,720,1
"2327",902205,7957065,1,0.0971195325255,5109.60839844,16.1180076599,595,2108,5211.80371094,9946.34570313,313.209197998,437,720,1
"2328",902355,7957065,0,0.0983549058437,5025.69384766,4.0586643219,565,2108,5349.4296875,9966.00683594,458.911743164,582,735.45904541,1
"2329",902505,7957065,0,0.0960882231593,4944.90625,13.362200737,586,2142,5487.70458984,9987.8828125,606.712463379,730,780,1
"2330",902655,7957065,4,0.0971780642867,4867.40185547,10.4568567276,596,2142,5626.57958984,10011.9580078,750,849,849.058288574,1
"2331",902805,7957065,9,0.0989492461085,4793.33935547,9.46812725067,591,2142,5766.01269531,10038.2167969,894.986022949,937,937.229980469,1
"2332",902955,7957065,0,0.097180865705,4722.88037109,13.535326004,593,2142,5905.96289063,10066.6425781,1041.39331055,1040,1039.66345215,1
"2333",903105,7957065,0,0.101806201041,4656.18945313,20.141084671,598,2142,6046.39550781,10097.2177734,1186.80236816,1132,1148.65136719,1
"2334",903255,7957065,0,0.103152006865,4593.43017578,15.8256921768,631,2142,6187.27734375,10129.9208984,1331.54040527,1140,1143.54711914,1
"2335",903405,7957065,0,0.104078412056,4534.765625,16.0319519043,603,2142,6328.50683594,10164.7333984,1477.32861328,1140,1140,1
"2336",903555,7957065,0,0.101164422929,4480.35693359,14.9383802414,581,2166,6468.11425781,10201.6318359,1623.60705566,1146,1146.29833984,1
"2337",903705,7957065,0,0.102218709886,4430.36132813,13.0569477081,551,2166,6555.18896484,10240.5957031,1768.21948242,1172,1171.53747559,1
"2338",903855,7957065,0,0.0656636506319,4384.92871094,12.9135932922,572,2166,6448.81396484,10263.9023438,1913.66137695,1215,1214.90734863,1
"2339",904005,7957065,0,0.0653724744916,4344.203125,12.303771019,564,2191,6343.63476563,10268.5927734,2001.92407227,1153,1182.24365234,1
"2340",904155,7957065,0,0.0656928643584,4308.31738281,9.87092685699,551,2191,6240.28857422,10263.5517578,2056.25878906,1065,1101.45361328,1
"2341",904305,7957065,0,0.0662270560861,4277.39404297,20.0979919434,536,2191,6138.86816406,10260.7021484,2089.04272461,993,1036.19494629,1
"2342",904455,7957065,3,0.0670073851943,4251.54101563,4.0586643219,508,2191,6039.47021484,10260,2118.34838867,940,989.545349121,1
"2343",904605,7957065,0,0.0664335414767,4230.85107422,9.7198677063,533,2191,5942.19677734,10260,2147.04443359,908,964.209533691,1
"2344",904755,7957065,0,0.0670619159937,4215.40039063,11.6717510223,560,2191,5847.15332031,10260.0439453,2171.01367188,900,960,1
"2345",904905,7957065,0,0.0662513673306,4205.24658203,11.3338165283,565,2191,5754.45068359,10261.5791016,2200.45458984,794,960.46862793,1
"2346",905055,7957065,0,0.0677168443799,4200.42871094,13.7788572311,584,2177,5664.20361328,10265.3056641,2224.45507813,648,976.729248047,1
"2347",905205,7957065,0,0.0675538107753,4110.32861328,10.3730974197,594,2177,5576.53125,10271.2216797,2253.99633789,503,1015.13543701,1
"2348",905355,7957065,0,0.0675489529967,3986.3894043,14.9070158005,598,2177,5491.55712891,10279.3242188,2283.54980469,362,1073.31262207,1
"2349",905505,7957065,0,0.0657515898347,3864.2980957,14.2220506668,586,2177,5409.40869141,10289.6064453,2308.24609375,218,1148.25952148,1
"2350",905655,7957065,0,0.0665818974376,3744.2355957,3.18181276321,563,2177,5330.21582031,10302.0625,2336.34326172,85,1236.93164063,1
"2351",906255,7957065,0,0.0639124140143,3288.66235352,12.6887960434,536,2197,5020.76708984,10373.4521484,2340,120,1532.35107422,1
"2352",906405,7957065,0,0.0639246627688,3182.26342773,5.96101617813,558,2197,4950.81787109,10396.6337891,2340,256,1597.05981445,1
"2353",906555,7957065,0,0.064904242754,3079.49682617,11.9946594238,530,2197,4858.24023438,10421.9238281,2340,400,1542.59521484,1
"2354",896505,7956915,0,0.178571492434,882.326477051,20.0788002014,427,2133,827.586853027,10293.3232422,1697.05627441,60,1783.92822266,1
"2355",896655,7956915,0,0.166125804186,939.14855957,18.5046081543,406,2133,933.380981445,10268.5927734,1800,162,1925.85046387,1
"2356",896805,7956915,0,0.163936674595,1015.13543701,17.3699645996,371,2133,1039.66345215,10245.9990234,1893.80566406,255,2068.9128418,1
"2357",896955,7956915,0,0.150080651045,1106.34533691,8.98487663269,372,2133,1145.51293945,10225.5566406,1994.49243164,362,2068.9128418,1
"2358",897105,7956915,0,0.141118466854,1209.33862305,7.66031646729,392,2120,1251.75878906,10207.2763672,2100.21435547,446,1925.85046387,1
"2359",897255,7956915,0,0.140752628446,1321.36291504,12.4722633362,419,2120,1357.64501953,10191.1728516,2206.1730957,558,1783.92822266,1
"2360",897405,7956915,0,0.139931604266,1440.3125,16.4846096039,447,2120,1467.5489502,10177.2539063,2312.33642578,677,1643.44152832,1
"2361",897555,7956915,0,0.133183315396,1564.60852051,16.8504943848,481,2120,1572.92724609,10165.5302734,2418.30517578,660,1504.7923584,1
"2362",897705,7956915,0,0.122988164425,1693.07409668,17.4393081665,519,2120,1656.5324707,10156.0078125,2524.46044922,671,1368.53930664,1
"2363",897855,7956915,0,0.120370104909,1824.82873535,11.2764015198,560,2120,1740.25854492,10148.6943359,2630.43725586,693,1234.38244629,1
"2364",898005,7956915,0,0.12051166594,1959.20898438,11.1265649796,548,2120,1830.98339844,10141.3310547,2727.19628906,684,1101.45361328,1
"2365",898155,7956915,0,0.113374277949,2095.70996094,12.7725782394,525,2115,1914.36669922,10101.09375,2825.26098633,604,973.498840332,1
"2366",898305,7956915,0,0.11032024771,2233.94262695,14.5063724518,502,2115,1997.19799805,10062.9316406,2927.72949219,553,852.760253906,1
"2367",898455,7956915,0,0.112287037075,2373.60473633,14.4340953827,489,2115,2082.13842773,10026.4648438,3033.56225586,518,742.765075684,1
"2368",898605,7956915,0,0.110103428364,2514.45825195,16.7599468231,472,2115,2174.12060547,9990.72070313,3139.55419922,514,636.396118164,1
"2369",898755,7956915,0,0.106500960886,2656.31323242,18.3054485321,472,2115,2272.28955078,9957.10839844,3060,541,540.832702637,1
"2370",898905,7956915,0,0.105065830052,2799.01757813,14.763133049,493,2115,2375.87890625,9925.6484375,2910,474,474.341644287,1
"2371",899055,7956915,0,0.107875466347,2942.44799805,11.0826444626,530,2106,2482.76049805,9896.36328125,2760,418,417.851654053,1
"2372",899205,7956915,0,0.106784135103,3086.50292969,17.6054763794,524,2106,2593.56884766,9869.27050781,2610,390,390,1
"2373",899355,7956915,0,0.104119643569,3219.93798828,11.0826444626,530,2106,2708.15429688,9844.38964844,2460,408,408.044128418,1
"2374",899505,7956915,0,0.103492595255,3289.75683594,13.314535141,557,2106,2826.05737305,9821.73632813,2310,474,474.341644287,1
"2375",899655,7956915,0,0.100080624223,3364.81787109,10.4516429901,578,2067,2946.87963867,9801.32617188,2160,573,573.149169922,1
"2376",899805,7956915,0,0.0996980816126,3444.77856445,13.2986030579,549,2067,3066.0234375,9783.17480469,2010,691,690.651855469,1
"2377",899955,7956915,0,0.0986648276448,3529.3059082,15.7311515808,584,2067,3186.36157227,9767.29199219,1860,808,818.840637207,1
"2378",900105,7956915,0,0.0984097793698,3618.07958984,15.5333423615,608,2067,3306.2668457,9753.69140625,1710,738,757.165771484,1
"2379",900255,7956915,0,0.0959156900644,3710.79516602,13.3463335037,633,2067,3428.54199219,9742.38183594,1560,631,630.713867188,1
"2380",900405,7956915,0,0.0992687195539,3807.16430664,15.5333423615,678,2067,3552.94238281,9733.37011719,1410,499,499.299499512,1
"2381",900555,7956915,0,0.102666720748,3906.91699219,12.7725782394,705,2019,3679.25268555,9726.6640625,1260,382,381.837677002,1
"2382",900705,7956915,0,0.104243040085,4009.80053711,10.0522298813,735,2019,3807.2824707,9722.26855469,1110,295,295.46572876,1
"2383",900855,7956915,0,0.103684313595,4115.58007813,5.05115270615,745,2019,3936.86425781,9720.18554688,960,270,270,1
"2384",901005,7956915,0,0.105637982488,4224.03857422,7.18741416931,728,2019,4067.84960938,9720.04589844,810,309,308.868896484,1
"2385",901155,7956915,0,0.105578795075,4334.97412109,10.4516429901,707,2019,4200.10693359,9721.66699219,660,404,403.608734131,1
"2386",901305,7956915,0,0.105375856161,4448.20166016,15.5333423615,716,2019,4333.52050781,9725.60058594,510,351,510.881591797,1
"2387",901455,7956915,0,0.10426684469,4563.55126953,9.52020263672,754,2019,4467.98632813,9731.84472656,360,210,510,1
"2388",901605,7956915,0,0.0999659970403,4680.86523438,29.2397918701,708,2108,4603.41162109,9740.39550781,210,60,531.601379395,1
"2389",901905,7956915,0,0.100813306868,4920.82324219,13.121887207,643,2108,4876.82275391,9764.38964844,60,120,577.061523438,1
"2390",902055,7956915,0,0.0999896675348,5043.21337891,10.6068344116,616,2108,5014.66845703,9779.81640625,210,270,570,1
"2391",902205,7956915,0,0.0987352058291,5167.05908203,15.1694574356,584,2108,5153.19335938,9797.51464844,351.140991211,420,570,1
"2392",902355,7956915,0,0.0981648042798,5151.70849609,1.81752204895,560,2108,5292.34375,9817.47460938,494.772674561,570,589.406494141,1
"2393",902505,7956915,0,0.0967323333025,5072.92822266,13.5937662125,583,2142,5432.07128906,9839.6796875,641.326721191,644,644.127319336,1
"2394",902655,7956915,4,0.0977737680078,4997.40917969,13.7826824188,576,2142,5572.33349609,9864.1171875,787.464294434,726,726.223083496,1
"2395",902805,7956915,10,0.0979171991348,4925.30224609,13.1542196274,561,2142,5713.09033203,9890.76855469,931.450500488,828,827.586853027,1
"2396",902955,7956915,0,0.0975356772542,4856.75830078,14.9383802414,558,2142,5854.30615234,9919.6171875,1077.0793457,927,937.229980469,1
"2397",903105,7956915,0,0.0988758802414,4791.93066406,19.5111808777,583,2142,5994.37255859,9950.64355469,1223.76464844,1006,1018.67559814,1
"2398",903255,7956915,0,0.102111905813,4730.97265625,15.1557788849,582,2142,6134.24804688,9983.82714844,1368.21044922,990,994.082519531,1
"2399",903405,7956915,0,0.103342726827,4674.03466797,9.14297294617,614,2142,6274.59179688,10019.1464844,1513.43981934,990,990,1
"2400",903555,7956915,0,0.104444801807,4621.26611328,9.74803256989,618,2166,6415.37207031,10056.5800781,1659.51794434,997,997.24621582,1
"2401",903705,7956915,0,0.104301087558,4572.81103516,8.84250831604,591,2166,6451.04638672,10093.25,1755.70495605,1026,1026.15783691,1
"2402",903855,7956915,9,0.0651338621974,4528.80761719,14.4919509888,583,2166,6343.06689453,10115.7402344,1812.20861816,1075,1075.40686035,1
"2403",904005,7956915,10,0.0657540634274,4489.38769531,6.1373796463,549,2191,6236.68164063,10118.7207031,1860.9675293,1040,1064.04882813,1
"2404",904155,7956915,0,0.0659258514643,4454.671875,18.2320861816,544,2191,6131.53320313,10113.6044922,1913.66137695,942,973.498840332,1
"2405",904305,7956915,0,0.0658659785986,4424.77099609,17.0979232788,535,2191,6028.28320313,10110.7119141,1942.83300781,860,898.999450684,1
"2406",904455,7956915,0,0.0656593888998,4399.78417969,5.73025560379,515,2191,5927.03125,10110,1972.02941895,797,844.807678223,1
"2407",904605,7956915,0,0.0661438107491,4379.79443359,12.6593236923,522,2191,5827.88134766,10110,1998.32434082,760,814.984680176,1
"2408",904755,7956915,4,0.0668736025691,4364.87109375,10.8601112366,522,2191,5730.94238281,10110.0449219,2024.05529785,750,810,1
"2409",904905,7956915,0,0.066829636693,4355.06591797,6.52698659897,528,2191,5636.32861328,10111.6025391,2053.41186523,752,810.555358887,1
"2410",905055,7956915,4,0.0671407431364,4318.54150391,15.4667291641,543,2177,5544.15917969,10115.3847656,2076.94482422,630,829.758972168,1
"2411",905205,7956915,4,0.0673100724816,4195.39013672,19.5136737823,554,2177,5454.55761719,10121.3886719,2106.41870117,480,874.64276123,1
"2412",905355,7956915,0,0.0672332495451,4074.03979492,16.8595161438,565,2177,5367.65332031,10129.6103516,2135.90722656,330,941.541259766,1
"2413",905505,7956915,0,0.066091991961,3954.65551758,9.51443099976,573,2177,5283.578125,10140.0439453,2160.20825195,180,1026.15783691,1
"2414",905655,7956915,0,0.0658048689365,3837.42089844,2.78188633919,583,2177,5202.47070313,10152.6845703,2190,30,1124.49987793,1
"2415",906255,7956915,0,0.0660570114851,3394.37768555,1.72100615501,523,2197,4889.54003906,10225.1162109,2190,95,1395.56445313,1
"2416",906405,7956915,0,0.065271422267,3291.39794922,6.76286077499,541,2197,4817.68603516,10248.6337891,2190,242,1466.32189941,1
"2417",896655,7956765,0,0.177035331726,952.942810059,6.09147787094,396,2224,827.586853027,10120.4990234,1682.40893555,42,1884.51586914,1
"2418",896805,7956765,13,0.160439804196,1032.27905273,12.7725782394,348,2224,933.380981445,10097.5742188,1782.4140625,180,2030.49255371,1
"2419",896955,7956765,0,0.163294032216,1126.0994873,15.9131031036,360,2224,1039.66345215,10076.8300781,1888.09423828,234,2030.49255371,1
"2420",897105,7956765,0,0.15894511342,1231.0970459,9.13694572449,384,2176,1145.51293945,10058.2802734,1994.0411377,350,1884.51586914,1
"2421",897255,7956765,0,0.151831164956,1344.65612793,10.6784152985,403,2176,1256.06530762,10041.9375,2100.21435547,484,1739.22399902,1
"2422",897405,7956765,0,0.141529098153,1464.78662109,15.81919384,425,2176,1364.58789063,10027.8115234,2206.1730957,532,1594.80407715,1
"2423",897555,7956765,0,0.140644907951,1590,15.1865339279,488,2176,1447.79138184,10015.9121094,2312.33642578,510,1451.51647949,1
"2424",897705,7956765,0,0.136678382754,1719.18591309,12.6593236923,513,2176,1531.17602539,10006.2480469,2418.30517578,524,1309.73278809,1
"2425",897855,7956765,0,0.124242961407,1851.51293945,14.1554880142,523,2176,1621.11071777,9998.82519531,2516.06835938,543,1170,1
"2426",898005,7956765,0,0.124004401267,1986.35339355,8.84874916077,524,2176,1705.78430176,9993.6484375,2613.44604492,547,1033.1505127,1
"2427",898155,7956765,0,0.117833890021,2123.22875977,9.83200359344,511,2188,1789.21765137,9956.38476563,2715.62158203,474,898.999450684,1
"2428",898305,7956765,0,0.117972634733,2261.76928711,12.5363883972,487,2188,1872.77868652,9917.66601563,2821.43579102,408,766.615966797,1
"2429",898455,7956765,0,0.119855523109,2401.68701172,12.6803836823,463,2188,1963.10974121,9881.07324219,2927.42211914,371,642.028015137,1
"2430",898605,7956765,0,0.114551350474,2542.75439453,10.0522298813,436,2188,2060.41259766,9844.84667969,3033.56225586,365,530.754150391,1
"2431",898755,7956765,0,0.109304599464,2684.79052734,11.5603237152,440,2188,2163.74682617,9810.734375,3060,417,424.264068604,1
"2432",898905,7956765,0,0.106861762702,2827.64916992,17.2506923676,469,2188,2270.70483398,9778.80371094,2910,335,335.410186768,1
"2433",899055,7956765,0,0.108018189669,2958.46240234,12.888835907,500,2195,2381.93188477,9749.07714844,2760,283,283.019439697,1
"2434",899205,7956765,0,0.105992943048,3019.43701172,5.95158433914,493,2195,2497.21850586,9721.57421875,2610,240,240,1
"2435",899355,7956765,0,0.10871334374,3086.50292969,12.9094705582,526,2195,2616.02758789,9696.31347656,2460,268,268.328155518,1
"2436",899505,7956765,0,0.10695040226,3159.27197266,8.24689292908,560,2195,2736.42089844,9673.31347656,2310,361,361.247833252,1
"2437",899655,7956765,4,0.104922398925,3237.36010742,15.288517952,563,2082,2856.30883789,9652.58984375,2160,484,483.735473633,1
"2438",899805,7956765,0,0.103744320571,3320.39160156,12.1943836212,526,2082,2976.05444336,9634.15820313,2010,600,618.465820313,1
"2439",899955,7956765,0,0.0999013707042,3408.00537109,9.13694572449,568,2082,3096.8371582,9618.03027344,1860,684,742.765075684,1
"2440",900105,7956765,0,0.0990301445127,3499.85717773,14.2220506668,599,2082,3220.07763672,9604.21777344,1710,607,674.166137695,1
"2441",900255,7956765,0,0.0987530574203,3595.62231445,21.5463504791,630,2082,3345.50439453,9592.73144531,1560,541,550.726806641,1
"2442",900405,7956765,0,0.09870570153,3694.99658203,13.314535141,662,2082,3472.88061523,9583.58007813,1410,426,426.380126953,1
"2443",900555,7956765,6,0.101236999035,3797.69677734,12.3688821793,703,2073,3601.99951172,9576.76855469,1260,295,295.46572876,1
"2444",900705,7956765,0,0.104547560215,3903.45996094,11.6301050186,730,2073,3732.67993164,9572.30371094,1110,170,169.705627441,1
"2445",900855,7956765,0,0.107641495764,4012.04443359,8.84250831604,742,2073,3864.76391602,9570.18847656,960,120,120,1
"2446",901005,7956765,0,0.106960974634,4123.22705078,2.71992325783,749,2073,3998.11206055,9570.046875,810,192,192.093734741,1
"2447",901155,7956765,0,0.105972588062,4236.80322266,13.7366952896,729,2073,4132.60205078,9571.69238281,660,300,300,1
"2448",901305,7956765,0,0.10370259732,4352.58544922,5.42764282227,686,2073,4268.12597656,9575.6875,510,331,364.965759277,1
"2449",901455,7956765,0,0.100351467729,4470.40283203,21.5005130768,732,2073,4404.58837891,9582.03027344,360,182,360,1
"2450",901605,7956765,0,0.100772880018,4590.09814453,21.5463504791,703,2133,4541.90478516,9590.71386719,210,42,390,1
"2451",901755,7956765,2,0.1011595577,4711.52832031,15.6392154694,664,2133,4680,9601.734375,60,42,468.614990234,1
"2452",901905,7956765,0,0.101277239621,4834.56298828,10.6835079193,631,2133,4818.80712891,9615.08203125,90,134,429.534637451,1
"2453",902055,7956765,0,0.0995918959379,4959.08251953,10.5553808212,604,2133,4958.265625,9630.74804688,240,277,420,1
"2454",902205,7956765,10,0.097849920392,5084.97802734,11.8048343658,581,2133,5098.32324219,9648.71972656,390,420,420,1
"2455",902355,7956765,0,0.0977965891361,5212.14941406,4.04469108582,557,2133,5238.93115234,9668.98632813,531.601379395,446,445.982055664,1
"2456",902505,7956765,0,0.0983408093452,5202.12451172,9.10674953461,577,2156,5380.04638672,9691.53222656,676.830871582,516,516.139526367,1
"2457",902655,7956765,0,0.096915461123,5128.50878906,19.2621688843,557,2156,5520.73388672,9716.34179688,823.771789551,616,615.548522949,1
"2458",902805,7956765,0,0.0974594578147,5058.27050781,1.81752204895,539,2156,5660.38867188,9743.39746094,968.400756836,725,726.223083496,1
"2459",902955,7956765,0,0.0986791551113,4991.55273438,4.11407518387,542,2156,5800.56054688,9772.68164063,1113.23852539,799,849.058288574,1
"2460",903105,7956765,0,0.099035218358,4928.49853516,13.5821018219,546,2156,5941.21191406,9804.17285156,1259.28552246,859,873.61315918,1
"2461",903255,7956765,1,0.101978577673,4869.25048828,16.3072681427,565,2156,6082.31054688,9837.85058594,1405.20458984,841,844.807678223,1
"2462",903405,7956765,0,0.101363062859,4813.94824219,6.46662521362,595,2156,6223.82519531,9873.69238281,1509.86755371,840,840,1
"2463",903555,7956765,0,0.102473400533,4762.73046875,13.6557855606,593,2196,6365.72851563,9911.67480469,1566.04602051,849,848.528137207,1
"2464",903705,7956765,9,0.101868063211,4715.72900391,15.6392154694,575,2196,6348.74023438,9944.80761719,1615.54943848,882,882.326477051,1
"2465",903855,7956765,0,0.102636069059,4673.07177734,17.2944488525,559,2196,6238.99023438,9967.6328125,1669.79040527,939,939.14855957,1
"2466",904005,7956765,0,0.102521173656,4634.87841797,14.8825674057,556,2213,6130.94628906,9968.8515625,1721.54003906,934,954.829833984,1
"2467",904155,7956765,0,0.0660438984632,4601.26074219,9.14297294617,575,2213,6024.54980469,9963.65917969,1765.67272949,828,852.760253906,1
"2468",904305,7956765,0,0.0665922164917,4572.31884766,5.25895309448,577,2213,5919.43408203,9960.72265625,1795.24377441,732,766.615966797,1
"2469",904455,7956765,0,0.0662795454264,4548.14257813,15.5034093857,548,2213,5816.28759766,9960,1824.82873535,658,702.281982422,1
"2470",904605,7956765,0,0.0661500170827,4528.80761719,15.4800796509,520,2213,5715.21630859,9960,1849.81079102,612,666.108093262,1
"2471",904755,7956765,0,0.0673430487514,4514.37695313,12.5065097809,527,2213,5616.33349609,9960.04492188,1877.57824707,600,660,1
"2472",904905,7956765,0,0.0673444122076,4504.89746094,12.0170354843,550,2213,5519.75537109,9961.62597656,1905.17712402,603,660.68145752,1
"2473",905055,7956765,0,0.0676611661911,4404.69091797,16.4846096039,561,2194,5425.60595703,9965.46582031,1929.81860352,636,684.105224609,1
"2474",905205,7956765,0,0.0671611130238,4284.01660156,16.2287368774,570,2194,5334.01367188,9971.55957031,1959.20898438,503,737.902404785,1
"2475",905355,7956765,0,0.0678908899426,4165.24902344,21.0006198883,585,2194,5245.11181641,9979.90527344,1988.61755371,362,816.088256836,1
"2476",905505,7956765,0,0.067261070013,4048.55541992,9.23286819458,591,2194,5159.04052734,9990.49511719,2012.46118164,234,912.414367676,1
"2477",905655,7956765,0,0.0677121058106,3934.11987305,7.65304899216,575,2194,5075.94335938,10003.3242188,2040,108,1018.23376465,1
"2478",906105,7956765,0,0.0655610710382,3606.49414063,7.36374044418,547,2197,4836.79638672,10055.1474609,2040,90,1197.7479248,1
"2479",906255,7956765,0,0.0647496879101,3503.3269043,20.001783371,538,2197,4759.42236328,10076.8300781,2040,192,1261.78442383,1
"2480",906405,7956765,0,0.0671915858984,3403.64501953,14.1406459808,521,2197,4685.57373047,10100.6933594,2040,300,1339.62683105,1
"2481",896805,7956615,0,0.165999040008,914.385009766,18.5233058929,340,2224,827.586853027,9949.19628906,1675.97729492,30,2002.5982666,1
"2482",896955,7956615,0,0.165898784995,1019.11724854,12.9094705582,344,2224,933.380981445,9928.14160156,1781.90905762,150,2002.5982666,1
"2483",897105,7956615,0,0.161253497005,1134.06347656,13.8246822357,364,2176,1044.84448242,9909.31347656,1888.09423828,285,1854.42712402,1
"2484",897255,7956615,0,0.15875415504,1256.42346191,5.26965808868,386,2176,1157.62683105,9892.72460938,1994.0411377,426,1706.57556152,1
"2485",897405,7956615,0,0.152131229639,1384.23266602,15.6161298752,409,2176,1240.20153809,9878.38574219,2100.21435547,390,1559.13439941,1
"2486",897555,7956615,0,0.148881584406,1516.11340332,15.6392154694,456,2176,1323.0645752,9866.30664063,2206.1730957,360,1412.2322998,1
"2487",897705,7956615,0,0.142067998648,1651.09057617,12.8100776672,481,2176,1410.3190918,9856.49511719,2305.12475586,379,1266.05688477,1
"2488",897855,7956615,0,0.127137839794,1788.4630127,20.0979919434,478,2176,1497.89855957,9848.95898438,2401.68701172,395,1120.89245605,1
"2489",898005,7956615,0,0.128606125712,1927.71887207,10.850104332,493,2176,1580.91748047,9843.703125,2503.51757813,400,977.189819336,1
"2490",898155,7956615,0,0.122264310718,2068.4777832,15.1283788681,485,2188,1664.12133789,9811.83496094,2609.31030273,361,835.703308105,1
"2491",898305,7956615,0,0.119822494686,2210.45239258,11.4618368149,475,2188,1752.36987305,9772.54296875,2715.29003906,268,697.782226563,1
"2492",898455,7956615,0,0.117695085704,2353.4230957,12.6255464554,435,2188,1848.59411621,9735.40429688,2821.43579102,228,563.648803711,1
"2493",898605,7956615,0,0.114551350474,2497.21850586,17.890203476,422,2188,1951.61474609,9699.09765625,2927.42211914,218,432.666168213,1
"2494",898755,7956615,0,0.111667633057,2641.70410156,11.7270240784,412,2188,2058.66455078,9664.47070313,3033.56225586,297,318.904388428,1
"2495",898905,7956615,0,0.112210460007,2763.421875,4.67991256714,461,2188,2170.39160156,9632.05566406,2910,212,212.132034302,1
"2496",899055,7956615,0,0.109831906855,2820.63818359,13.5976524353,465,2195,2286.50390625,9601.875,2760,150,150,1
"2497",899205,7956615,0,0.110113754869,2884.52758789,19.3229236603,462,2195,2406.36645508,9573.94921875,2610,90,90,1
"2498",899355,7956615,0,0.108453974128,2954.65722656,28.4982089996,528,2195,2526.06420898,9548.29785156,2460,150,150,1
"2499",899505,7956615,0,0.109795279801,3030.59399414,16.1180076599,535,2195,2646.97949219,9524.94140625,2310,285,284.604980469,1
"2500",899655,7956615,0,0.106493219733,3111.91259766,16.5555114746,520,2082,2766.02612305,9503.89355469,2160,391,426.380126953,1
"2501",899805,7956615,0,0.105097450316,3198.20263672,23.0472831726,523,2082,2887.80200195,9485.17285156,2010,474,530.754150391,1
"2502",899955,7956615,0,0.102025941014,3289.07275391,15.5433044434,575,2082,3012.12548828,9468.79101563,1860,573,648.999206543,1
"2503",900105,7956615,0,0.0989298075438,3384.15429688,15.2919034958,611,2082,3138.6940918,9454.76074219,1710,488,553.172668457,1
"2504",900255,7956615,0,0.0983460396528,3483.10205078,9.36891555786,656,2082,3267.24658203,9443.09277344,1560,402,469.574279785,1
"2505",900405,7956615,0,0.0992445722222,3585.59619141,13.7826824188,685,2082,3397.55786133,9433.79589844,1410,351,351.140991211,1
"2506",900555,7956615,0,0.102501012385,3691.34130859,11.3956546783,719,2073,3529.43334961,9426.87695313,1260,216,216.333084106,1
"2507",900705,7956615,5,0.103510603309,3800.06567383,3.1096329689,738,2073,3662.70385742,9422.34082031,1110,95,94.8683319092,1
"2508",901005,7956615,9,0.105453975499,4025.48144531,19.1526813507,711,2073,3932.86157227,9420.04785156,810,95,94.8683319092,1
"2509",901155,7956615,0,0.104498594999,4141.73876953,11.4712572098,704,2073,4069.50854492,9421.71972656,660,201,201.246124268,1
"2510",901305,7956615,0,0.102914854884,4260.10546875,19.6106090546,694,2073,4207.06542969,9425.77832031,510,218,218.403289795,1
"2511",901455,7956615,0,0.101147286594,4380.41113281,23.5250301361,681,2073,4345.44580078,9432.22167969,360,210,210,1
"2512",901605,7956615,0,0.101454824209,4502.49951172,16.3072681427,660,2133,4484.57373047,9441.04296875,210,182,258.069763184,1
"2513",901755,7956615,4,0.101937398314,4626.22949219,8.21995925903,648,2133,4624.38085938,9452.23828125,60,182,361.247833252,1
"2514",901905,7956615,0,0.10040563345,4751.47363281,5.13969373703,613,2133,4764.80859375,9465.79589844,90,242,284.604980469,1
"2515",902055,7956615,0,0.0997069329023,4878.11425781,9.97026157379,604,2133,4905.80273438,9481.70898438,240,270,270,1
"2516",902205,7956615,0,0.0989654511213,5006.04638672,9.19103336334,584,2133,5047.22705078,9499.96289063,379.473327637,270,270,1
"2517",902355,7956615,0,0.0985236391425,5135.17285156,13.7366952896,574,2133,5186.6171875,9520.54589844,523.927490234,309,308.868896484,1
"2518",902505,7956615,0,0.0969756543636,5265.40576172,4.72794246674,547,2156,5326.58447266,9543.44238281,670.820373535,404,403.608734131,1
"2519",902655,7956615,10,0.0971566662192,5260.61767578,7.72540521622,539,2156,5467.08349609,9568.63671875,818.840637207,516,516.139526367,1
"2520",902805,7956615,7,0.0981002897024,5192.16699219,10.0140686035,542,2156,5608.07470703,9596.10839844,967.470947266,592,644.127319336,1
"2521",902955,7956615,0,0.0991279706359,5127.19238281,1.68760490417,536,2156,5749.52148438,9625.83984375,1116.46765137,680,780,1
"2522",903105,7956615,2,0.0989226773381,5065.82666016,17.0831432343,552,2156,5891.39208984,9657.81054688,1264.63427734,713,730.547729492,1
"2523",903255,7956615,0,0.10008815676,5008.203125,9.33362960815,576,2156,6033.65576172,9691.99707031,1318.97692871,691,695.844787598,1
"2524",903405,7956615,0,0.101465530694,4954.45263672,8.76725196838,602,2156,6175.99365234,9728.37597656,1370.83911133,690,690,1
"2525",903555,7956615,0,0.10212393105,4904.70166016,17.7753162384,585,2196,6318.25927734,9766.92382813,1423.02490234,700,700.357055664,1
"2526",903705,7956615,0,0.1006148085,4859.07421875,11.0826444626,538,2196,6248.35986328,9796.41308594,1477.32861328,741,740.9453125,1
"2527",903855,7956615,0,0.10110321641,4817.68603516,7.45400953293,526,2196,6136.81494141,9819.58203125,1527.64526367,808,807.774719238,1
"2528",904005,7956615,0,0.101899221539,4780.6484375,14.1406459808,536,2213,6026.93945313,9818.98632813,1584.04541016,841,858.020996094,1
"2529",904155,7956615,0,0.0661859586835,4748.06298828,5.05115270615,566,2213,5918.82568359,9813.71484375,1618.05444336,722,742.765075684,1
"2530",904305,7956615,0,0.0662899017334,4720.02099609,6.76286077499,549,2213,5812.41796875,9810.734375,1647.5435791,616,642.028015137,1
"2531",904455,7956615,0,0.067165389657,4696.60498047,16.4164409637,555,2213,5707.33740234,9810,1677.05102539,525,563.648803711,1
"2532",904605,7956615,4,0.0665551200509,4677.88427734,17.8426818848,522,2213,5604.30175781,9810,1701.55810547,466,517.880310059,1
"2533",904755,7956615,0,0.0662511363626,4663.91455078,6.80409002304,517,2213,5503.42626953,9810.04589844,1731.18457031,450,510,1
"2534",904905,7956615,0,0.0672770142555,4614.24951172,14.0736341476,532,2213,5404.83105469,9811.65136719,1756.47375488,454,510.881591797,1
"2535",905055,7956615,0,0.0673135221004,4494.19628906,17.8426818848,543,2194,5308.64404297,9815.54882813,1783.17138672,495,540.832702637,1
"2536",905205,7956615,0,0.0687242373824,4375.99121094,17.8678607941,565,2194,5214.99755859,9821.73632813,1812.45690918,551,607.453674316,1
"2537",905355,7956615,0,0.0674882531166,4259.78857422,18.5473079681,574,2194,5124.03173828,9830.20898438,1841.76550293,443,700.357055664,1
"2538",905505,7956615,0,0.0691698417068,4145.75683594,7.71820163727,572,2194,5035.89111328,9840.95996094,1865.07373047,319,806.101745605,1
"2539",905655,7956615,0,0.0680894553661,4034.07983398,9.03993606567,577,2194,4950.72705078,9853.984375,1890,212,914.385009766,1
"2540",905805,7956615,0,0.0672085806727,3924.95849609,11.8048343658,569,2194,4868.69580078,9869.27050781,1890,150,971.648071289,1
"2541",905955,7956615,0,0.06592489779,3818.61230469,13.262676239,563,2197,4789.95800781,9886.80957031,1890,124,1005.78326416,1
"2542",906105,7956615,0,0.0662248656154,3715.27929688,5.95158433914,571,2197,4710,9906.58886719,1890,175,1060.23583984,1
"2543",906255,7956615,0,0.0658026263118,3615.21777344,10.482881546,538,2197,4630.50732422,9928.59472656,1890,283,1132.07775879,1
"2544",906405,7956615,0,0.0670001059771,3518.70703125,15.6161298752,532,2197,4554.56933594,9952.81347656,1890,216,1218.2364502,1
"2545",906555,7956615,0,0.0682844743133,3426.04736328,7.08572721481,506,2197,4482.36523438,9979.22851563,1890,180,1315.90270996,1
"2546",896655,7956465,0,0.191534116864,702.922485352,9.42157936096,341,2224,615.548522949,9824.484375,1463.86474609,30,1835.64697266,1
"2547",896955,7956465,0,0.178913459182,924.175292969,8.38019180298,330,2224,834.086303711,9779.49414063,1675.97729492,124,1985.67370605,1
"2548",897105,7956465,0,0.178511410952,1049.57128906,15.3829755783,370,2176,948.683288574,9760.37890625,1781.90905762,216,1836.13720703,1
"2549",897255,7956465,0,0.166061788797,1180.72009277,14.5925502777,404,2176,1032.27905273,9743.53613281,1888.09423828,300,1686.68310547,1
"2550",897405,7956465,0,0.158464595675,1315.90270996,16.5185661316,428,2176,1116.0645752,9728.97753906,1994.0411377,242,1537.33532715,1
"2551",897555,7956465,0,0.160536885262,1453.99450684,14.549536705,423,2176,1200,9716.71289063,2094.42114258,210,1388.1282959,1
"2552",897705,7956465,0,0.152874678373,1594.23962402,17.800617218,437,2176,1290.34875488,9706.75,2190,242,1239.11254883,1
"2553",897855,7956465,0,0.140996709466,1736.11633301,17.0890579224,445,2176,1373.79040527,9699.09765625,2291.41870117,247,1090.36694336,1
"2554",898005,7956465,0,0.140639930964,1879.25512695,18.2864646912,465,2176,1456.46838379,9693.76074219,2397.18579102,256,942.019104004,1
"2555",898155,7956465,0,0.134968727827,2023.38830566,12.4551000595,446,2188,1542.01171875,9667.45019531,2503.15795898,283,794.292114258,1
"2556",898305,7956465,0,0.133368745446,2168.31738281,8.84250831604,460,2188,1636.85668945,9627.56933594,2609.31030273,150,647.611022949,1
"2557",898455,7956465,0,0.120346419513,2313.89282227,13.314535141,425,2188,1739.48266602,9589.87011719,2715.29003906,90,502.89163208,1
"2558",898605,7956465,0,0.116750590503,2460,9.52020263672,396,2188,1846.64562988,9553.48144531,2821.43579102,85,362.491394043,1
"2559",898755,7956465,0,0.116862460971,2571.08935547,22.8721008301,401,2188,1958.97937012,9518.32421875,2927.42211914,218,228.473190308,1
"2560",898905,7956465,0,0.11181371659,2623.9284668,12.6887960434,424,2188,2076.078125,9485.41015625,2910.15454102,108,108.166542053,1
"2561",899355,7956465,0,0.107472024858,2824.6237793,19.1807689667,478,2195,2436.47290039,9400.34570313,2460.18286133,108,108.166542053,1
"2562",899505,7956465,0,0.107019618154,2903.96289063,21.1355266571,476,2195,2556.3449707,9376.62011719,2310.19482422,190,216.333084106,1
"2563",899655,7956465,1,0.110951602459,2988.72875977,10.3573102951,486,2082,2679.25366211,9355.23925781,2160.20825195,268,318.904388428,1
"2564",899805,7956465,0,0.103768289089,3078.47363281,26.668176651,520,2082,2804.79956055,9336.21972656,2010.22387695,361,442.944702148,1
"2565",899955,7956465,0,0.104697555304,3172.77490234,18.2320861816,561,2082,2932.64379883,9319.57617188,1860.24194336,467,577.061523438,1
"2566",900105,7956465,0,0.102425381541,3271.23828125,23.9701709747,598,2082,3062.49902344,9305.32128906,1710.26318359,391,450,1
"2567",900255,7956465,0,0.0990857109427,3373.49975586,23.5768108368,685,2082,3194.11962891,9293.46582031,1560.28845215,277,342.052612305,1
"2568",900405,7956465,0,0.100748024881,3479.22412109,11.1799860001,711,2082,3327.29614258,9284.01855469,1410.3190918,212,276.586334229,1
"2569",900555,7956465,0,0.0990941375494,3588.10546875,17.2243728638,737,2073,3461.84912109,9276.98730469,1260.35705566,182,182.482879639,1
"2570",900705,7956465,0,0.102770507336,3699.86474609,11.1265649796,738,2073,3597.62426758,9272.37792969,1110.40527344,42,42.4264068604,1
"2571",901155,7956465,4,0.10443790257,4050,13.1421051025,682,2073,4011.03466797,9271.74707031,660.68145752,108,108.166542053,1
"2572",901305,7956465,7,0.102767333388,4170.97119141,25.5285797119,674,2073,4150.53027344,9275.87207031,510.881591797,85,84.8528137207,1
"2573",901455,7956465,0,0.10120562464,4293.77441406,17.7217559814,621,2073,4290.734375,9282.41894531,361.247833252,60,60,1
"2574",901605,7956465,0,0.100770108402,4418.2578125,14.9314174652,621,2133,4431.58007813,9291.3828125,212.132034302,150,150,1
"2575",901755,7956465,0,0.101731546223,4544.28222656,18.8792209625,645,2133,4573.0078125,9302.7578125,67.0820388794,268,268.328155518,1
"2576",901905,7956465,0,0.102908760309,4671.72363281,19.7928085327,637,2133,4712.9609375,9316.53320313,60,150,150,1
"2577",902055,7956465,7,0.104698322713,4800.46875,17.2740459442,614,2133,4852.6796875,9332.70019531,210,120,120,1
"2578",902205,7956465,11,0.102521345019,4930.41601563,11.2764015198,600,2133,4992.99511719,9351.24609375,360,120,120,1
"2579",902355,7956465,11,0.103535085917,5061.47216797,14.4522037506,589,2133,5133.85839844,9372.15527344,510,192,192.093734741,1
"2580",902505,7956465,0,0.0998757109046,5193.55371094,22.8480606079,590,2156,5275.22509766,9395.4140625,660,309,308.868896484,1
"2581",902655,7956465,0,0.0995595753193,5326.58447266,20.0907993317,586,2156,5417.05615234,9421.00292969,810,390,445.982055664,1
"2582",902805,7956465,7,0.100691199303,5326.92236328,6.25509977341,563,2156,5559.31640625,9448.90429688,960,469,589.406494141,1
"2583",902955,7956465,7,0.102849520743,5263.61083984,9.28043079376,556,2156,5701.65771484,9479.09765625,1072.05407715,576,666.108093262,1
"2584",903105,7956465,7,0.0996814370155,5203.85449219,13.202548027,540,2156,5843.91992188,9511.56152344,1127.29760742,569,590.93145752,1
"2585",903255,7956465,0,0.10077419132,5147.77636719,17.0890579224,537,2156,5986.25927734,9546.27148438,1176.52026367,541,547.448608398,1
"2586",903405,7956465,0,0.10082090646,5095.49804688,9.01550960541,566,2156,6128.5234375,9583.20410156,1233.28833008,540,540,1
"2587",903555,7956465,0,0.100038699806,5047.13769531,14.3504476547,581,2196,6262.24414063,9622.33300781,1281.60058594,553,553.172668457,1
"2588",903705,7956465,0,0.100564859807,5002.80908203,9.14297294617,552,2196,6150,9648.06738281,1337.94616699,604,603.738342285,1
"2589",903855,7956465,0,0.100977517664,4962.62011719,11.3861656189,522,2196,6036.63818359,9671.59277344,1387.15539551,684,684.105224609,1
"2590",904005,7956465,0,0.101814389229,4926.67236328,6.20105361938,522,2213,5924.90527344,9669.12597656,1443.12158203,765,778.267333984,1
"2591",904155,7956465,0,0.102120816708,4895.05859375,2.69895100594,520,2213,5814.89453125,9663.77246094,1470.91809082,633,648.999206543,1
"2592",904305,7956465,0,0.0662359818816,4867.86376953,19.8903713226,550,2213,5706.70654297,9660.74511719,1500.29992676,511,530.754150391,1
"2593",904455,7956465,3,0.0662570670247,4845.16259766,20.766204834,539,2213,5600.28564453,9660,1529.70581055,404,432.666168213,1
"2594",904605,7956465,0,0.0672007650137,4827.01757813,0.477453768253,505,2213,5495.24316406,9660,1553.64086914,323,371.079498291,1
"2595",904755,7956465,0,0.0665056854486,4813.48095703,9.83200359344,524,2213,5392.328125,9660.046875,1583.19299316,300,360,1
"2596",904905,7956465,0,0.0664130076766,4704.55078125,14.0661649704,553,2213,5291.66308594,9661.67675781,1608.01123047,306,361.247833252,1
"2597",905055,7956465,7,0.067705526948,4586.86181641,7.14066934586,555,2194,5193.38037109,9665.63476563,1637.1315918,351,402.492248535,1
"2598",905205,7956465,0,0.0681385397911,4471.10742188,15.2681865692,577,2194,5097.6171875,9671.91796875,1666.2833252,426,488.364624023,1
"2599",905355,7956465,0,0.0692715644836,4357.44189453,4.6919670105,587,2194,5004.51806641,9680.52148438,1693.07409668,511,593.969726563,1
"2600",905505,7956465,0,0.0695036202669,4246.03320313,9.37478256226,555,2194,4914.234375,9691.43945313,1718.1385498,424,702.922485352,1
"2601",905655,7956465,0,0.0680973604321,4137.06396484,17.6764945984,562,2194,4826.92431641,9704.6640625,1740,335,810,1
"2602",905805,7956465,0,0.0667169168591,4030.73193359,14.2331094742,558,2194,4742.75244141,9720.18554688,1740,285,823.771789551,1
"2603",905955,7956465,0,0.0673142597079,3927.25097656,8.28042984009,559,2197,4661.88818359,9737.9921875,1740,272,863.770812988,1
"2604",906105,7956465,0,0.0674252510071,3826.85253906,2.45639467239,564,2197,4584.50634766,9758.07324219,1740,313,926.606689453,1
"2605",906255,7956465,11,0.0665367692709,3729.78540039,15.2104034424,544,2197,4502.89892578,9780.4140625,1740,218,1008.0178833,1
"2606",906405,7956465,0,0.0679508000612,3636.31689453,13.4215087891,520,2197,4424.77099609,9804.99902344,1740,85,1103.90222168,1
"2607",906555,7956465,0,0.0674612745643,3546.73095703,15.5333423615,520,2197,4350.41357422,9831.81054688,1740,30,1209.33862305,1
"2608",896655,7956315,0,0.20042937994,595.482971191,14.1034631729,288,2224,509.116882324,9676.56933594,1357.64501953,67,1812.20861816,1
"2609",896955,7956315,0,0.186333820224,845.340148926,15.42324543,334,2224,740.9453125,9630.88769531,1569.77709961,30,1980,1
"2610",897105,7956315,5,0.183448806405,980.866943359,17.6054763794,378,2176,823.771789551,9611.47753906,1675.97729492,108,1830,1
"2611",897255,7956315,0,0.178152352571,1120.0892334,8.28042984009,416,2176,906.972961426,9594.37304688,1781.90905762,192,1680,1
"2612",897405,7956315,0,0.170614734292,1261.78442383,13.202548027,433,2176,990.454467773,9579.58789063,1884.03820801,95,1530,1
"2613",897555,7956315,0,0.164349973202,1405.20458984,14.5135765076,400,2176,1081.66540527,9567.13085938,1978.40844727,60,1380,1
"2614",897705,7956315,0,0.163965672255,1549.87097168,13.9648809433,391,2176,1164.98925781,9557.01269531,2079.3269043,124,1230,1
"2615",897855,7956315,0,0.154454067349,1695.46447754,13.7213258743,414,2176,1248.51916504,9549.24121094,2185.06298828,108,1080,1
"2616",898005,7956315,0,0.153185963631,1841.76550293,12.4163856506,423,2176,1332.21618652,9543.8203125,2291.02587891,127,930,1
"2617",898155,7956315,0,0.142016351223,1988.61755371,16.5678024292,416,2188,1425.23681641,9523.24023438,2397.18579102,240,780,1
"2618",898305,7956315,0,0.137923642993,2135.90722656,6.09147787094,452,2188,1527.35070801,9482.75292969,2503.15795898,90,630,1
"2619",898605,7956315,0,0.123774945736,2382.12084961,4.0586643219,393,2188,1747.74145508,9408.00195313,2715.29003906,60,330,1
"2620",898755,7956315,0,0.120619259775,2429.81469727,8.73569107056,379,2188,1866.03857422,9372.29980469,2811.68994141,153,180,1
"2621",898905,7956315,1,0.119245894253,2485.65893555,11.8775482178,398,2188,1986.57995605,9338.87011719,2910,30,30,1
"2622",899505,7956315,0,0.110041685402,2779.65820313,17.3467731476,446,2195,2471.31542969,9228.35351563,2317.00244141,67,108.166542053,1
"2623",899655,7956315,0,0.110789701343,2868.1003418,9.19103336334,454,2082,2598.24951172,9206.62792969,2167.48706055,150,247.38633728,1
"2624",899805,7956315,4,0.109065487981,2961.50292969,25.3392295837,493,2082,2727.52636719,9187.30078125,2018.0435791,255,394.588378906,1
"2625",899955,7956315,0,0.10808917135,3059.41162109,22.7091140747,567,2082,2858.82836914,9170.38671875,1868.68933105,361,523.927490234,1
"2626",900105,7956315,0,0.104871846735,3161.40795898,29.5347957611,615,2082,2991.88891602,9155.89941406,1719.44763184,335,379.473327637,1
"2627",900255,7956315,0,0.101826384664,3267.10888672,28.9903259277,686,2082,3126.48364258,9143.85058594,1570.35021973,190,241.867736816,1
"2628",900405,7956315,0,0.0997809618711,3376.16650391,11.616186142,740,2082,3262.42236328,9134.24902344,1421.44287109,67,134.164077759,1
"2629",900555,7956315,0,0.0993667393923,3488.26611328,8.6146402359,763,2073,3399.54418945,9127.10253906,1272.79223633,67,120,1
"2630",900705,7956315,5,0.103050202131,3603.12353516,11.1751413345,715,2073,3537.71118164,9122.41699219,1124.49987793,95,169.705627441,1
"2631",901155,7956315,0,0.10390894115,3961.81787109,19.1168575287,656,2073,3957.38549805,9121.77636719,684.105224609,30,30,1
"2632",901605,7956315,0,0.103868819773,4337.56835938,12.2251224518,581,2133,4378.86962891,9141.734375,240,120,123.69316864,1
"2633",901755,7956315,0,0.102909423411,4465.87060547,25.6519165039,600,2133,4518.95996094,9153.29492188,90,212,212.132034302,1
"2634",901905,7956315,0,0.106792405248,4595.48681641,21.1757698059,632,2133,4659.66748047,9167.29492188,60,67,67.0820388794,1
"2635",902355,7956315,0,0.109479777515,4991.19238281,6.85322475433,608,2133,5084.97802734,9223.81738281,496.588348389,120,120,1
"2636",902505,7956315,0,0.107734397054,5125.08544922,4.6919670105,633,2156,5227.32226563,9247.44824219,630.713867188,190,270,1
"2637",902655,7956315,7,0.10628952086,5259.84814453,16.5185661316,603,2156,5369.58105469,9273.44628906,764.852905273,258,420,1
"2638",902805,7956315,7,0.10463476181,5395.41455078,9.83200359344,587,2156,5511.92333984,9301.79003906,874.64276123,366,570,1
"2639",902955,7956315,7,0.104330085218,5400.75,11.0237855911,587,2156,5654.18408203,9332.45996094,930.483764648,450,551.543273926,1
"2640",903105,7956315,7,0.104282557964,5342.52734375,14.6639108658,554,2156,5796.83544922,9365.43066406,986.813049316,430,457.930114746,1
"2641",903255,7956315,0,0.104264162481,5287.92041016,11.6578874588,534,2156,5939.84863281,9400.68066406,1036.19494629,391,400.249908447,1
"2642",903405,7956315,0,0.101677782834,5237.04101563,9.52020263672,562,2156,6083.19824219,9438.18261719,1092.01647949,390,390,1
"2643",903555,7956315,0,0.101974464953,5190,8.43945026398,578,2196,6161.18505859,9477.91113281,1142.3659668,408,408.044128418,1
"2644",903705,7956315,0,0.0997132882476,5146.90185547,15.2919034958,544,2196,6050.26464844,9499.7734375,1195.49157715,474,474.341644287,1
"2645",903855,7956315,0,0.099953211844,5107.84667969,5.26965808868,513,2196,5938.56054688,9523.66503906,1248.8795166,566,573.149169922,1
"2646",904005,7956315,0,0.101085007191,5072.92822266,2.38594412804,508,2213,5824.94628906,9519.26953125,1298.69165039,658,690.651855469,1
"2647",904155,7956315,0,0.101391807199,5042.23144531,8.11127948761,507,2213,5713.01123047,9513.83203125,1324.42443848,569,579.396240234,1
"2648",904455,7956315,0,0.066028572619,4993.80615234,2.36199140549,518,2213,5494.58837891,9510,1382.93164063,300,318.904388428,1
"2649",904605,7956315,0,0.0673619583249,4976.20361328,11.0973062515,511,2213,5388.15380859,9510,1406.16503906,192,228.473190308,1
"2650",904755,7956315,2,0.0668495520949,4915.05859375,13.9044561386,532,2213,5283.15234375,9510.046875,1435.61828613,150,210,1
"2651",904905,7956315,0,0.0662854537368,4797.84326172,3.32143211365,538,2213,5180.36669922,9511.703125,1459.86303711,162,212.132034302,1
"2652",905055,7956315,0,0.0683261677623,4682.49951172,12.888835907,570,2194,5079.93115234,9515.72363281,1489.4630127,216,276.586334229,1
"2653",905205,7956315,0,0.0698973760009,4569.16845703,12.7725782394,577,2194,4981.98779297,9522.10546875,1519.07861328,300,381.837677002,1
"2654",905355,7956315,0,0.0690285786986,4458.00390625,14.5243759155,557,2194,4886.68603516,9530.84472656,1544.34448242,408,492.036590576,1
"2655",905505,7956315,0,0.0694253221154,4349.17236328,11.3194923401,570,2194,4794.18408203,9541.93359375,1571.7824707,537,617.737792969,1
"2656",905655,7956315,0,0.0689343139529,4242.85302734,8.10443592072,561,2194,4704.64648438,9555.36523438,1590,474,660,1
"2657",905805,7956315,0,0.0675358772278,4139.23925781,6.7545838356,562,2194,4618.24658203,9571.12890625,1590,430,676.830871582,1
"2658",905955,7956315,0,0.0674582496285,4038.53930664,7.39395809174,543,2208,4535.16259766,9589.21289063,1590,421,724.982788086,1
"2659",906105,7956315,0,0.0683212950826,3940.97705078,8.54372596741,544,2208,4455.58056641,9609.60449219,1590,365,798.811645508,1
"2660",906255,7956315,0,0.0671768262982,3846.79077148,10.9695253372,560,2208,4376.7109375,9632.2890625,1590,218,891.964111328,1
"2661",906405,7956315,0,0.0675320550799,3756.23486328,19.5336112976,522,2208,4296.2890625,9657.25097656,1590,85,997.24621582,1
"2662",897105,7956165,0,0.193436980247,931.450500488,14.0549535751,388,2176,699.714233398,9462.61035156,1569.77709961,67,1836.13720703,1
"2663",897255,7956165,0,0.187279388309,1077.0793457,13.5859909058,392,2176,782.304260254,9445.23730469,1674.09680176,150,1686.68310547,1
"2664",897555,7956165,0,0.168837696314,1371.1673584,18.8635883331,363,2176,957.183349609,9417.56347656,1867.24401855,30,1388.1282959,1
"2665",897705,7956165,0,0.167367652059,1519.07861328,15.8775615692,362,2176,1040.09619141,9407.28417969,1972.9420166,30,1239.11254883,1
"2666",897855,7956165,0,0.161777511239,1667.36315918,11.1799860001,394,2176,1123.29870605,9399.38867188,2078.89404297,30,1090.36694336,1
"2667",898005,7956165,0,0.155994594097,1815.92956543,14.667468071,399,2176,1213.7956543,9393.88085938,2185.06298828,42,942.019104004,1
"2668",898155,7956165,0,0.142243057489,1964.71374512,10.4776821136,382,2188,1315.21862793,9379.2109375,2291.02587891,175,794.292114258,1
"2669",898305,7956165,0,0.139092132449,2113.66967773,18.7379055023,413,2188,1422.70874023,9338.09960938,2397.18579102,124,647.611022949,1
"2670",898755,7956165,0,0.13099257648,2289.65063477,7.60928869247,367,2188,1776.09118652,9226.40234375,2698.16601563,30,234.307495117,1
"2671",899655,7956165,4,0.112606056035,2750.36352539,16.9165153503,487,2082,2523.56884766,9058.0625,2185.06298828,42,256.320098877,1
"2672",899805,7956165,0,0.11271532625,2847.63061523,16.1180076599,518,2082,2656.48266602,9038.41796875,2036.90942383,150,361.247833252,1
"2673",899955,7956165,0,0.109021790326,2949.32202148,13.012087822,545,2082,2791.12890625,9021.22460938,1889.04736328,285,483.735473633,1
"2674",900105,7956165,0,0.104746818542,3054.99584961,26.1214122772,609,2082,2927.26831055,9006.49804688,1740,331,360,1
"2675",900255,7956165,0,0.103287599981,3164.25341797,15.1694574356,688,2082,3064.70214844,8994.24804688,1590,182,210,1
"2676",900405,7956165,0,0.101539716125,3276.73608398,21.4304027557,737,2082,3203.26391602,8984.48632813,1440,42,60,1
"2677",901605,7956165,0,0.105991534889,4260.63378906,14.549536705,581,2133,4326.66162109,8992.09667969,240,60,201.246124268,1
"2678",901755,7956165,0,0.106281846762,4391.18457031,9.36891555786,555,2133,4468.38916016,9003.84960938,90,67,218.403289795,1
"2679",901905,7956165,0,0.106995128095,4522.94140625,13.0894632339,592,2133,4610.63964844,9018.08203125,30,85,84.8528137207,1
"2680",902205,7956165,0,0.110246874392,4789.67626953,10.6068344116,638,2133,4895.24267578,9053.93847656,295.46572876,60,60,1
"2681",902355,7956165,1,0.109480895102,4924.47949219,5.26965808868,600,2133,5037.58886719,9075.53320313,429.534637451,30,150,1
"2682",902505,7956165,0,0.110559225082,5060.13818359,13.7366952896,618,2156,5179.84570313,9099.54980469,563.648803711,60,284.604980469,1
"2683",902655,7956165,1,0.108310326934,5196.58544922,13.2065668106,621,2156,5322.52783203,9125.96875,684.105224609,162,429.534637451,1
"2684",902805,7956165,0,0.107936196029,5333.76025391,7.36374044418,607,2156,5465.6015625,9154.76953125,737.902404785,306,450.998901367,1
"2685",902955,7956165,0,0.105929084122,5471.60839844,16.3946781158,584,2156,5609.03710938,9185.9296875,792.022705078,300,450,1
"2686",903105,7956165,0,0.107319436967,5481.79736328,14.3650360107,540,2156,5752.80810547,9219.42480469,844.807678223,300,339.411254883,1
"2687",903255,7956165,0,0.106028825045,5428.59082031,9.30411529541,542,2156,5896.88916016,9255.23046875,898.999450684,242,256.320098877,1
"2688",903405,7956165,0,0.103418253362,5379.04248047,5.64122009277,554,2156,6041.25830078,9293.3203125,948.683288574,240,240,1
"2689",903555,7956165,0,0.102575905621,5333.25439453,6.79586458206,555,2196,6062.15332031,9329.61425781,1005.78326416,268,268.328155518,1
"2690",903705,7956165,0,0.101581312716,5291.32324219,7.97323322296,526,2196,5949.38671875,9351.53417969,1053.42297363,361,361.247833252,1
"2691",903855,7956165,0,0.101593285799,5253.34179688,9.13694572449,514,2196,5838.29589844,9375.80371094,1110,446,483.735473633,1
"2692",904005,7956165,0,0.101530492306,5219.39648438,15.4667291641,510,2213,5727.171875,9369.41796875,1149.8260498,552,582.494628906,1
"2693",904155,7956165,0,0.099847279489,5189.56640625,15.3324594498,529,2213,5613.28759766,9363.89355469,1178.81298828,541,543.323120117,1
"2694",904455,7956165,0,0.103514753282,5142.52832031,4.82254219055,505,2213,5390.82568359,9360,1235.83984375,242,247.38633728,1
"2695",904905,7956165,0,0.0666228532791,4893.95556641,19.4436855316,512,2213,5071.06494141,9361.73046875,1312.13562012,30,67.0820388794,1
"2696",905055,7956165,0,0.067679785192,4780.93066406,24.3613796234,538,2194,4968.42041016,9365.81542969,1341.64074707,95,169.705627441,1
"2697",905205,7956165,13,0.0695060864091,4669.98925781,11.1021881104,542,2194,4868.23388672,9372.29980469,1371.1673584,201,283.019439697,1
"2698",905355,7956165,0,0.0690457746387,4561.28271484,9.03993606567,547,2194,4770.66015625,9381.17773438,1395.88684082,342,417.851654053,1
"2699",905505,7956165,0,0.068544857204,4454.97460938,14.6567935944,538,2194,4675.86376953,9392.44335938,1425.55249023,418,513.517272949,1
"2700",905655,7956165,0,0.0696259066463,4351.24121094,0,569,2194,4584.015625,9406.08886719,1440,390,510,1
"2701",905805,7956165,7,0.0679402947426,4250.27050781,9.13694572449,549,2194,4495.29736328,9422.1015625,1440,418,531.601379395,1
"2702",905955,7956165,0,0.0689193606377,4152.26464844,6.72968912125,539,2208,4409.89794922,9440.47167969,1440,484,591.692504883,1
"2703",906105,7956165,0,0.0685652419925,4057.4375,7.14066934586,543,2208,4328.01318359,9461.18359375,1440,408,680.147033691,1
"2704",906255,7956165,0,0.0682738646865,3966.01806641,7.41653680801,526,2208,4249.84716797,9484.22363281,1440,268,785.175109863,1
"2705",906405,7956165,0,0.0679951533675,3878.24707031,8.71035480499,522,2208,4169.24462891,9509.57421875,1440,150,900,1
"2706",906555,7956165,0,0.067679926753,3794.37744141,16.6321544647,503,2208,4090.24438477,9537.21679688,1440,30,948.683288574,1
"2707",898005,7956015,0,0.167547568679,1802.24853516,10.6478023529,368,2176,1103.08654785,9243.94433594,2078.89404297,30,977.189819336,1
"2708",898155,7956015,0,0.161068826914,1952.07580566,4.04469108582,367,2188,1210.82617188,9235.37207031,2185.06298828,67,835.703308105,1
"2709",898305,7956015,0,0.155509784818,2018.0435791,10.6068344116,393,2188,1326.12219238,9193.6171875,2291.02587891,190,697.782226563,1
"2710",898455,7956015,0,0.143451496959,2052.31567383,21.6050834656,438,2188,1447.79138184,9154.12988281,2389.47705078,90,566.038879395,1
"2711",899805,7956015,0,0.116318129003,2737.24316406,16.0319519043,515,2082,2592.18066406,8889.57226563,2045.50732422,85,283.019439697,1
"2712",899955,7956015,0,0.115736357868,2842.88574219,24.6361141205,571,2082,2730,8872.09082031,1895.94299316,218,417.851654053,1
"2713",900105,7956015,0,0.113025419414,2952.37182617,29.5613555908,628,2082,2869.04174805,8857.11621094,1746.45349121,365,379.473327637,1
"2714",900255,7956015,0,0.107815347612,3065.28955078,19.3027000427,675,2082,3009.13598633,8844.65917969,1597.05981445,242,241.867736816,1
"2715",900405,7956015,0,0.103835582733,3181.2734375,21.9082298279,724,2082,3150.14282227,8834.73242188,1447.79138184,134,134.164077759,1
"2716",900555,7956015,0,0.100475072861,3300,16.7265949249,757,2073,3291.94482422,8827.34375,1298.69165039,30,30,1
"2717",901905,7956015,0,0.123084381223,4454.26757813,10.39935112,578,2133,4563.25537109,8868.89550781,30,120,192.093734741,1
"2718",902055,7956015,0,0.121828399599,4589.11767578,21.9931602478,596,2133,4705.50732422,8885.87597656,94.8683319092,150,150,1
"2719",902205,7956015,0,0.128933504224,4724.88085938,16.1148300171,630,2133,4848.2265625,8905.35253906,228.473190308,108,174.92855835,1
"2720",902355,7956015,10,0.126049473882,4861.48144531,18.3541488647,634,2133,4991.37255859,8927.30664063,371.079498291,30,258.069763184,1
"2721",902505,7956015,0,0.128532886505,4998.85009766,14.4522037506,624,2156,5134.91015625,8951.72070313,494.772674561,30,349.857116699,1
"2722",902655,7956015,0,0.128205835819,5136.92529297,11.1021881104,601,2156,5278.80664063,8978.57421875,540.832702637,162,301.496276855,1
"2723",902805,7956015,0,0.126096352935,5275.65185547,5.5507183075,577,2156,5423.03417969,9007.84667969,597.745788574,212,301.496276855,1
"2724",902955,7956015,0,0.120871663094,5414.97900391,13.91959095,564,2156,5567.56689453,9039.51367188,655.209899902,150,313.209197998,1
"2725",903105,7956015,11,0.108886241913,5554.86279297,10.0522298813,528,2156,5712.38134766,9073.54980469,702.281982422,162,241.867736816,1
"2726",903255,7956015,0,0.106832936406,5569.74853516,13.9044561386,528,2156,5857.45654297,9109.92871094,758.946655273,95,127.279220581,1
"2727",903405,7956015,0,0.10484175384,5521.46728516,18.2020893097,526,2156,6002.77441406,9148.62304688,807.774719238,90,90,1
"2728",903555,7956015,0,0.105818361044,5476.86962891,10.9050178528,524,2196,5963.96679688,9181.078125,863.770812988,150,150,1
"2729",903705,7956015,0,0.106374658644,5436.04638672,6.17384767532,522,2196,5850.61523438,9203.35253906,913.89276123,234,284.604980469,1
"2730",904005,7956015,0,0.102826185524,5366.06005859,17.0268363953,508,2213,5626.33984375,9219.57128906,1001.2991333,446,466.690490723,1
"2731",905055,7956015,0,0.068669103086,4881.98730469,8.38019180298,519,2194,4858.98144531,9215.91015625,1194.36169434,30,90,1
"2732",905205,7956015,0,0.070011690259,4773.39501953,12.9588422775,531,2194,4756.49023438,9222.5,1223.76464844,180,240,1
"2733",905355,7956015,0,0.070057220757,4667.09765625,3.1096329689,523,2194,4656.57617188,9231.52246094,1247.7980957,313,390,1
"2734",905505,7956015,0,0.068218305707,4563.25537109,14.3065776825,554,2194,4559.40771484,9242.97070313,1277.38012695,283,364.965759277,1
"2735",905655,7956015,0,0.0692557767034,4462.04003906,4.22268724442,568,2194,4465.16503906,9256.83496094,1290,240,360,1
"2736",905805,7956015,0,0.0679857581854,4363.63378906,18.3298206329,559,2194,4374.03710938,9273.10644531,1290,283,390,1
"2737",905955,7956015,0,0.0682832077146,4268.23144531,14.3065776825,523,2208,4286.22216797,9291.77050781,1290,361,468.614990234,1
"2738",906105,7956015,0,0.0679291412234,4176.03857422,2.90182161331,528,2208,4201.92822266,9312.81347656,1290,443,573.149169922,1
"2739",906255,7956015,0,0.0687087699771,4087.27294922,6.80409002304,525,2208,4121.37109375,9336.21972656,1290,361,690.651855469,1
"2740",906405,7956015,0,0.0679966285825,4002.16186523,9.25668239594,539,2208,4043.77294922,9361.97070313,1290,234,764.852905273,1
"2741",906555,7956015,0,0.0681723281741,3920.94384766,15.1009187698,535,2208,3962.27197266,9390.04785156,1290,120,807.774719238,1
"2742",898155,7955865,0,0.164840385318,1845.6706543,15.8094406128,351,2213,1116.0645752,9090.79199219,2078.89404297,30,900.49987793,1
"2743",898305,7955865,0,0.163296684623,1871.09594727,22.6564369202,402,2213,1236.93164063,9049.31445313,2178.66943359,150,774.209289551,1
"2744",899805,7955865,0,0.127695158124,2630.77929688,19.9098072052,504,2120,2535.13305664,8740.76660156,2061.94091797,108,240,1
"2745",899955,7955865,0,0.121064275503,2740.52905273,9.37478256226,539,2120,2675.89233398,8722.98730469,1913.66137695,228,390,1
"2746",900105,7955865,0,0.11803098768,2853.94458008,18.4456882477,588,2120,2817.60546875,8707.75488281,1765.67272949,371,421.070068359,1
"2747",900255,7955865,0,0.112030252814,2970.60595703,32.4480247498,653,2120,2958.46240234,8695.08496094,1618.05444336,272,271.661560059,1
"2748",900405,7955865,0,0.10889942944,3090.14550781,25.9752140045,728,2120,3097.41821289,8684.98730469,1470.91809082,124,123.69316864,1
"2749",902355,7955865,0,0.132174894214,4802.34326172,17.2243728638,650,2207,4949.27246094,8779.13964844,295.46572876,108,362.491394043,1
"2750",902505,7955865,0,0.133007392287,4941.35595703,13.6905288696,648,2167,5093.99658203,8803.96484375,351.140991211,108,234.307495117,1
"2751",902655,7955865,0,0.137302011251,5080.99414063,12.1370639801,623,2167,5239.01708984,8831.26855469,402.492248535,95,152.970581055,1
"2752",902805,7955865,0,0.135430857539,5221.20654297,11.4051351547,599,2167,5384.31054688,8861.02734375,456.946380615,90,152.970581055,1
"2753",905205,7955865,0,0.0680124089122,4879.22119141,13.6441822052,512,2231,4646.90234375,9072.70605469,1077.0793457,216,256.320098877,1
"2754",905355,7955865,0,0.069566398859,4775.28027344,2.43313884735,548,2231,4544.57910156,9081.87792969,1100.22729492,175,240,1
"2755",905505,7955865,19,0.0690252184868,4673.84228516,4.82254219055,541,2231,4444.96337891,9093.51464844,1129.69018555,153,218.403289795,1
"2756",905655,7955865,5,0.0688834711909,4575.07373047,8.48523807526,556,2231,4348.24121094,9107.60644531,1140,90,210,1
"2757",905805,7955865,0,0.0694085732102,4479.15185547,16.1338825226,540,2231,4254.609375,9124.14355469,1140,150,258.069763184,1
"2758",905955,7955865,0,0.0689690262079,4386.26269531,9.76488876343,515,2236,4164.27685547,9143.11230469,1140,242,361.247833252,1
"2759",906105,7955865,0,0.0689797401428,4296.60351563,12.9094705582,511,2236,4077.46240234,9164.49707031,1140,319,483.735473633,1
"2760",906255,7955865,0,0.0681104883552,4210.37988281,1.68760490417,524,2236,3994.39599609,9188.28027344,1140,424,582.494628906,1
"2761",906405,7955865,0,0.0684509649873,4127.80810547,14.0549535751,525,2236,3915.31616211,9214.4453125,1140,309,618.465820313,1
"2762",906555,7955865,0,0.0679399818182,4049.11108398,11.6301050186,539,2236,3835.89624023,9242.97070313,1140,192,670.820373535,1
"2763",906705,7955865,0,0.0682431906462,3974.51879883,18.0676898956,518,2236,3755.87548828,9273.83398438,1140,95,750,1
"2764",906855,7955865,0,0.0692887753248,3904.2668457,12.6466693878,508,2236,3680.23095703,9307.01367188,1140,127,848.528137207,1
"2765",899655,7955715,0,0.149235844612,2418.67724609,20.7845420837,445,2120,2343.2668457,8612.66503906,2235.75488281,30,127.279220581,1
"2766",899805,7955715,0,0.137761890888,2528.73486328,23.1498947144,478,2120,2485.65893555,8592.00195313,2089.04272461,180,256.320098877,1
"2767",899955,7955715,0,0.133459508419,2642.72583008,15.2376279831,540,2120,2623.9284668,8573.9140625,1942.83300781,309,400.249908447,1
"2768",900105,7955715,0,0.11917886138,2760.16308594,30.3325996399,588,2120,2763.421875,8558.41699219,1797.2479248,433,456.946380615,1
"2769",900255,7955715,0,0.116905361414,2880.625,21.9252529144,651,2120,2903.96289063,8545.52539063,1652.45275879,324,324.499603271,1
"2770",900405,7955715,0,0.108482047915,3003.74755859,27.6026439667,736,2120,3045.40649414,8535.25,1508.67492676,212,212.132034302,1
"2771",900555,7955715,0,0.105295397341,3129.21704102,23.553817749,747,2119,3187.63232422,8527.60253906,1366.23571777,150,150,1
"2772",900705,7955715,0,0.102904945612,3256.76220703,29.8819923401,713,2119,3330,8522.58789063,1225.60192871,85,84.8528137207,1
"2773",905205,7955715,0,0.0681469142437,4987.31396484,19.6106090546,530,2231,4539.62548828,8922.91992188,931.450500488,127,169.705627441,1
"2774",905355,7955715,0,0.0687329620123,4885.67285156,20.4510307312,527,2231,4434.828125,8932.24511719,953.414916992,60,90,1
"2775",905505,7955715,18,0.0684456899762,4786.57519531,19.7413311005,531,2231,4332.68945313,8944.07617188,982.700378418,30,84.8528137207,1
"2776",905805,7955715,8,0.0685690566897,4596.66162109,18.5206356049,545,2231,4137.17285156,8975.21582031,990,42,150,1
"2777",905955,7955715,0,0.0683912932873,4506.19580078,10.4776821136,549,2236,4044.21801758,8994.49804688,990,108,284.604980469,1
"2778",906105,7955715,11,0.0687829405069,4418.97070313,16.7235584259,507,2236,3954.76928711,9016.23535156,990,212,420,1
"2779",906255,7955715,0,0.0687059164047,4335.18164063,14.962720871,498,2236,3869.06958008,9040.40917969,990,285,436.80657959,1
"2780",906405,7955715,0,0.0686426609755,4255.03222656,9.87647438049,509,2236,3787.3737793,9067.00097656,990,277,474.341644287,1
"2781",906555,7955715,0,0.0685996487737,4173.55957031,4.10029363632,519,2236,3709.94604492,9095.98828125,990,300,540.832702637,1
"2782",906855,7955715,0,0.0687758177519,3910.83105469,12.4163856506,500,2236,3550.1550293,9161.05859375,990,256,750,1
"2783",899655,7955565,0,0.157643646002,2317.00244141,18.8922367096,429,2120,2289.65063477,8464.30761719,2270.70483398,60,180,1
"2784",899805,7955565,0,0.15384221077,2431.66601563,21.3930263519,457,2120,2429.81469727,8443.28125,2126.40551758,170,330,1
"2785",899955,7955565,0,0.152047738433,2550,27.2278766632,494,2120,2571.08935547,8424.87402344,1982.95239258,295,457.930114746,1
"2786",900105,7955565,0,0.141052052379,2671.51635742,31.9767456055,589,2120,2713.30053711,8409.10253906,1840.54345703,404,534.13482666,1
"2787",900255,7955565,0,0.117771558464,2795.80053711,28.0317783356,673,2120,2855.6784668,8395.98144531,1699.44104004,323,424.264068604,1
"2788",900405,7955565,0,0.117042772472,2922.49902344,21.0929355621,707,2120,2997.89916992,8385.5234375,1560,300,335.410186768,1
"2789",900555,7955565,0,0.107046991587,3051.3112793,24.6844291687,698,2119,3140.27075195,8377.73828125,1422.70874023,283,283.019439697,1
"2790",900705,7955565,0,0.101057574153,3181.98046875,19.5211544037,647,2119,3282.49902344,8372.63378906,1288.25463867,190,218.403289795,1
"2791",905205,7955565,0,0.0684503763914,5097.52880859,7.74697399139,511,2231,4434.01611328,8773.140625,782.304260254,67,67.0820388794,1
"2792",906105,7955565,0,0.0689276903868,4514.37695313,5.72043323517,503,2236,3834.01879883,8868.03222656,840,124,270,1
"2793",906255,7955565,0,0.0692549720407,4377.22509766,5.80822324753,493,2236,3745.55737305,8892.609375,840,150,295.46572876,1
"2794",906405,7955565,0,0.0691551193595,4240.94335938,11.3481197357,492,2236,3661.10644531,8919.64160156,840,134,335.410186768,1
"2795",906555,7955565,0,0.0687002688646,4105.61816406,9.13694572449,511,2236,3580.94970703,8949.10644531,840,234,424.264068604,1
"2796",906705,7955565,0,0.0682765841484,3971.34741211,5.39642429352,493,2236,3502.94165039,8980.97949219,840,283,540.832702637,1
"2797",899805,7955415,0,0.162541955709,2340.19238281,29.6288890839,457,2120,2381.36523438,8294.60644531,2173.49951172,120,362.491394043,1
"2798",899955,7955415,0,0.154579252005,2462.92504883,29.2452030182,479,2120,2523.56884766,8275.86816406,2033.37158203,270,492.036590576,1
"2799",900105,7955415,0,0.14655983448,2588.5324707,36.87159729,568,2120,2665.9519043,8259.8125,1894.75598145,300,424.264068604,1
"2800",900255,7955415,0,0.13111114502,2716.61547852,14.1295032501,667,2120,2808.16674805,8246.45410156,1758.01025391,192,335.410186768,1
"2801",900405,7955415,0,0.117995508015,2846.84033203,22.2180938721,644,2120,2951.15234375,8235.80566406,1623.60705566,150,300,1
"2802",900555,7955415,0,0.108595840633,2978.92602539,23.8105926514,641,2119,3094.80200195,8227.87988281,1489.4630127,192,313.209197998,1
"2803",905205,7955415,0,0.0683399438858,5209.73144531,11.2041759491,492,2231,4330.81982422,8623.36914063,632.850708008,127,127.279220581,1
"2804",905355,7955415,0,0.0682944580913,5112.51416016,15.2681865692,544,2231,4221.90722656,8633.01757813,662.721679688,95,94.8683319092,1
"2805",905505,7955415,0,0.0684035345912,5017.89794922,15.7311515808,527,2231,4115.36132813,8645.25878906,690,127,134.164077759,1
"2806",905655,7955415,16,0.068979524076,4877.56103516,5.12871170044,540,2231,4010.69824219,8660.08105469,690,30,94.8683319092,1
"2807",906105,7955415,0,0.0691753551364,4456.69140625,14.7807683945,499,2236,3715.40039063,8719.890625,690,30,120,1
"2808",906255,7955415,0,0.0702790394425,4317.70751953,8.47871303558,496,2236,3624.04467773,8744.88378906,690,60,150,1
"2809",906405,7955415,0,0.0693545415998,4179.48583984,4.22268724442,475,2236,3536.69335938,8772.37109375,690,30,212.132034302,1
"2810",906555,7955415,0,0.0689486190677,4042.10351563,14.0848283768,511,2236,3453.65014648,8802.32910156,690,162,335.410186768,1
"2811",906705,7955415,0,0.0684858858585,3905.6496582,9.87092685699,524,2236,3375.23339844,8834.73242188,690,240,474.341644287,1
"2812",906855,7955415,0,0.0674076527357,3770.2253418,6.42315101624,494,2236,3295.0871582,8869.5546875,690,90,618.465820313,1
"2813",907005,7955415,0,0.0679677054286,3635.94555664,4.58231496811,488,2236,3215.60253906,8906.76757813,690,30,758.946655273,1
"2814",899655,7955265,0,0.180800721049,2130.8449707,35.3411102295,404,2120,2191.64331055,8167.77197266,2367.72045898,90,201.246124268,1
"2815",899805,7955265,0,0.173668071628,2254.99438477,22.9040985107,495,2120,2333.83813477,8145.98046875,2229.70849609,170,283.019439697,1
"2816",899955,7955265,0,0.167918890715,2382.12084961,32.2451171875,573,2120,2476.95385742,8126.89990234,2093.34667969,295,384.187469482,1
"2817",900105,7955265,0,0.153533190489,2511.7722168,27.5906867981,612,2120,2620.83959961,8110.54882813,1958.97937012,242,324.499603271,1
"2818",900255,7955265,0,0.142114043236,2643.57714844,15.81919384,635,2120,2765.37524414,8096.94384766,1824.82873535,95,212.132034302,1
"2819",900555,7955265,0,0.11406480521,2912.47314453,15.4031257629,587,2119,3056.02685547,8078.02587891,1548.70910645,85,174.92855835,1
"2820",900855,7955265,0,0.103613130748,3186.92651367,22.8179607391,653,2119,3347.11816406,8070.22314453,1274.55871582,170,169.705627441,1
"2821",901005,7955265,0,0.106885418296,3325.80810547,23.1675872803,667,2119,3492.52050781,8070.05566406,1140.39465332,67,67.0820388794,1
"2822",905355,7955265,0,0.0691088736057,5089.93115234,12.7767505646,492,2231,4118.85888672,8483.42480469,513.517272949,201,241.867736816,1
"2823",905505,7955265,8,0.0690092891455,4971.6796875,13.6403112411,515,2231,4009.80053711,8495.88183594,540,124,127.279220581,1
"2824",906705,7955265,0,0.0684968903661,3844.68457031,14.8510627747,489,2236,3246.79833984,8688.61328125,540,210,429.534637451,1
"2825",899655,7955115,3,0.183885529637,2047.92578125,28.4982089996,388,2120,2147.04443359,8019.60107422,2428.70336914,42,84.8528137207,1
"2826",899805,7955115,0,0.178511559963,2176.80957031,33.2641563416,472,2120,2292.0078125,7997.40576172,2294.36254883,150,174.92855835,1
"2827",899955,7955115,0,0.175193861127,2308.24609375,36.8103675842,583,2120,2437.58081055,7977.96972656,2160.20825195,285,313.209197998,1
"2828",900105,7955115,10,0.158846959472,2441.82299805,14.5135765076,637,2120,2583.66015625,7961.3125,2022.49841309,150,271.661560059,1
"2829",900255,7955115,0,0.145693480968,2577.20776367,12.9588422775,589,2120,2728.6809082,7947.45263672,1883.08251953,42,123.69316864,1
"2830",900705,7955115,0,0.108038395643,2991.73852539,29.9547119141,598,2119,3165.39086914,7922.78369141,1475.80480957,124,174.92855835,1
"2831",900855,7955115,5,0.109908074141,3132.09204102,9.0460319519,650,2119,3310.61938477,7920.22705078,1341.64074707,210,276.586334229,1
"2832",901005,7955115,0,0.104784421623,3273.30102539,24.2589645386,597,2119,3456.25512695,7920.05664063,1207.47668457,150,212.132034302,1
"2833",901155,7955115,10,0.113430298865,3415.25976563,19.0475177765,608,2119,3602.12426758,7922.04541016,1075.40686035,30,212.132034302,1
"2834",905505,7955115,16,0.0691991522908,4928.49853516,6.46662521362,516,2231,3906.91699219,8346.52636719,390,30,94.8683319092,1
"2835",899655,7954965,0,0.185806468129,1972.9420166,27.6801528931,411,2120,2110.26074219,7871.49902344,2495.59619141,30,30,1
"2836",899805,7954965,0,0.180040925741,2106.41870117,35.6581420898,463,2120,2255.59301758,7848.88525391,2356.48046875,124,152.970581055,1
"2837",899955,7954965,0,0.175347521901,2241.98583984,33.2397537231,565,2120,2401.49951172,7829.08056641,2217.76904297,180,301.496276855,1
"2838",900105,7954965,0,0.159408912063,2379.28564453,21.2114505768,618,2120,2546.99829102,7812.10595703,2080.625,124,271.661560059,1
"2839",900255,7954965,0,0.145417779684,2518.03491211,14.6567935944,590,2120,2692.15527344,7797.98046875,1945.37915039,30,123.69316864,1
"2840",900405,7954965,5,0.143246218562,2658.00683594,17.5769672394,531,2120,2837.81616211,7786.71923828,1811.21508789,30,30,1
"2841",900555,7954965,0,0.123092062771,2799.01757813,21.0141639709,505,2119,2983.75610352,7778.33544922,1677.05102539,30,30,1
"2842",900705,7954965,0,0.107495367527,2940.91821289,24.4939098358,566,2119,3128.78564453,7772.83740234,1542.88696289,124,152.970581055,1
"2843",900855,7954965,7,0.106605857611,3083.58569336,26.9737148285,600,2119,3274.26318359,7770.23144531,1410.3190918,60,301.496276855,1
"2844",901005,7954965,0,0.106018923223,3226.91796875,26.2646903992,551,2119,3420.1315918,7770.05810547,1281.60058594,150,361.247833252,1
"2845",901155,7954965,7,0.117030970752,3370.83081055,17.2740459442,552,2119,3566.34277344,7772.08447266,1158.01550293,85,361.247833252,1
"2846",899655,7954815,0,0.187655851245,1906.82983398,24.4758205414,423,2235,2073.69238281,7723.47070313,2552.64575195,124,123.69316864,1
"2847",899805,7954815,10,0.182796165347,2044.6270752,25.8891849518,510,2235,2219.3918457,7700.421875,2415.88500977,108,216.333084106,1
"2848",899955,7954815,10,0.176320597529,2184.03295898,17.6054763794,550,2235,2365.4387207,7680.234375,2280.78930664,30,349.857116699,1
"2849",900105,7954815,0,0.161508321762,2324.75805664,28.2759685516,553,2235,2510.33862305,7662.93017578,2146.62524414,95,324.499603271,1
"2850",900255,7954815,0,0.149190157652,2466.57666016,21.0457210541,534,2235,2655.80493164,7648.52929688,2012.46118164,30,216.333084106,1
"2851",899505,7954665,4,0.229622870684,1710.26318359,20.8097190857,441,2276,1891.90380859,7601.90771484,2554.40795898,42,270,1
"2852",899655,7954665,0,0.19689629972,1850.54040527,23.1989917755,480,2235,2037.35119629,7575.52001953,2616.19946289,162,271.661560059,1
"2853",899805,7954665,0,0.184662535787,1992.23498535,22.2243537903,533,2235,2183.41479492,7552.01953125,2482.03540039,60,324.499603271,1
"2854",899505,7954515,0,0.227437719703,1660.87329102,25.0063877106,384,2276,1859.51611328,7454.5625,2518.57104492,30,420,1
"2855",899655,7954515,0,0.197666913271,1804.99304199,27.3269309998,442,2235,2007.31164551,7427.65087891,2665.27661133,162,421.070068359,1
"2856",899805,7954515,0,0.176692143083,1950,26.6047916412,482,2235,2155.41186523,7403.68164063,2549.11743164,108,456.946380615,1
"2857",899955,7954515,0,0.172551587224,2095.70996094,32.7165603638,492,2235,2303.7578125,7382.68261719,2415.88500977,42,534.13482666,1
"2858",899505,7954365,0,0.22615018487,1623.88427734,29.6513404846,355,2276,1838.83117676,7307.32519531,2490.72290039,30,570,1
"2859",899655,7954365,0,0.191367328167,1771.01660156,19.3758792877,402,2235,1988.16503906,7279.86962891,2638.97705078,120,570.78894043,1
"2860",899805,7954365,0,0.184084311128,1918.59326172,25.2203998566,389,2235,2137.59204102,7255.41162109,2619.63745117,30,597.745788574,1
"2861",899505,7954215,0,0.228267401457,1600.15625,26.2598266602,325,2276,1824.82873535,7160.20263672,2471.31542969,60,720,1
"2862",899505,7954065,0,0.232656225562,1590.28295898,22.4891357422,302,2276,1806.23913574,7013.20166016,2448.44848633,60,870,1
